video_id,ped_index,window_start,window_end,last_frame,frames_in_window,jaywalking_frames,jaywalking,crossing_pedestrians,location,time_of_day,weather,num_lanes,ages,vehicle_action
video_0001,0,0,49,49,50,20,False,2,plaza,daytime,cloudy,2,"adult,senior",moving_slow
video_0001,0,10,59,59,50,30,True,2,plaza,daytime,cloudy,2,"adult,senior",decelerating
video_0001,0,20,69,69,50,30,True,2,plaza,daytime,cloudy,2,"adult,senior",decelerating
video_0001,0,30,79,79,50,30,True,2,plaza,daytime,cloudy,2,"adult,senior",decelerating
video_0001,0,40,89,89,50,20,False,2,plaza,daytime,cloudy,2,"adult,senior",decelerating
video_0001,0,50,99,99,50,20,False,2,plaza,daytime,cloudy,2,"adult,senior",decelerating
video_0001,0,60,109,109,50,20,False,1,plaza,daytime,cloudy,2,"adult,senior",decelerating
video_0001,0,70,119,119,50,30,True,1,plaza,daytime,cloudy,2,"adult,senior",decelerating
video_0001,0,80,129,129,50,30,True,1,plaza,daytime,cloudy,2,"adult,senior",decelerating
video_0001,0,90,139,139,50,30,True,1,plaza,daytime,cloudy,2,"adult,senior",decelerating
video_0001,0,100,149,149,50,20,False,1,plaza,daytime,cloudy,2,"adult,senior",stopped
video_0001,0,110,159,159,50,10,False,1,plaza,daytime,cloudy,2,"adult,senior",stopped
video_0001,0,120,169,169,50,0,False,0,plaza,daytime,cloudy,2,"adult,senior",stopped
video_0001,0,130,179,179,50,0,False,0,plaza,daytime,cloudy,2,"adult,senior",stopped
video_0001,0,140,189,189,50,0,False,0,plaza,daytime,cloudy,2,"adult,senior",stopped
video_0001,0,150,199,199,50,0,False,0,plaza,daytime,cloudy,2,"adult,senior",stopped
video_0001,0,160,209,209,50,0,False,0,plaza,daytime,cloudy,2,"adult,senior",stopped
video_0001,0,170,219,219,50,0,False,0,plaza,daytime,cloudy,2,"adult,senior",stopped
video_0001,0,180,229,229,50,0,False,0,plaza,daytime,cloudy,2,"adult,senior",stopped
video_0001,0,190,239,239,50,0,False,0,plaza,daytime,cloudy,2,"adult,senior",stopped
video_0001,0,200,249,249,50,0,False,0,plaza,daytime,cloudy,2,"adult,senior",stopped
video_0001,0,210,259,259,50,0,False,0,plaza,daytime,cloudy,2,"adult,senior",stopped
video_0001,0,220,269,269,50,0,False,0,plaza,daytime,cloudy,2,"adult,senior",stopped
video_0001,0,230,279,279,50,0,False,0,plaza,daytime,cloudy,2,"adult,senior",stopped
video_0001,0,240,289,289,50,0,False,0,plaza,daytime,cloudy,2,"adult,senior",stopped
video_0001,0,250,299,299,50,0,False,0,plaza,daytime,cloudy,2,"adult,senior",stopped
video_0001,0,260,309,309,50,0,False,0,plaza,daytime,cloudy,2,"adult,senior",stopped
video_0001,0,270,319,319,50,0,False,0,plaza,daytime,cloudy,2,"adult,senior",stopped
video_0001,0,280,329,329,50,0,False,0,plaza,daytime,cloudy,2,"adult,senior",stopped
video_0001,0,290,339,339,50,10,False,1,plaza,daytime,cloudy,2,"adult,senior",stopped
video_0001,0,300,349,349,50,20,False,1,plaza,daytime,cloudy,2,"adult,senior",stopped
video_0001,0,310,359,359,50,30,True,1,plaza,daytime,cloudy,2,"adult,senior",stopped
video_0001,0,320,369,369,50,40,True,2,plaza,daytime,cloudy,2,"adult,senior",stopped
video_0001,0,330,379,379,50,50,True,2,plaza,daytime,cloudy,2,"adult,senior",stopped
video_0001,0,340,389,389,50,50,True,2,plaza,daytime,cloudy,2,"adult,senior",stopped
video_0001,0,350,399,399,50,40,True,2,plaza,daytime,cloudy,2,"adult,senior",stopped
video_0001,0,360,409,409,50,30,True,2,plaza,daytime,cloudy,2,"adult,senior",stopped
video_0001,0,370,419,419,50,20,False,2,plaza,daytime,cloudy,2,"adult,senior",stopped
video_0001,0,380,429,429,50,10,False,2,plaza,daytime,cloudy,2,"adult,senior",stopped
video_0001,0,390,439,439,50,0,False,1,plaza,daytime,cloudy,2,"adult,senior",stopped
video_0001,0,400,449,449,50,0,False,1,plaza,daytime,cloudy,2,"adult,senior",stopped
video_0001,0,410,459,459,50,10,False,2,plaza,daytime,cloudy,2,"adult,senior",stopped
video_0001,0,420,469,469,50,20,False,1,plaza,daytime,cloudy,2,"adult,senior",stopped
video_0001,0,430,479,479,50,30,True,1,plaza,daytime,cloudy,2,"adult,senior",stopped
video_0001,0,440,489,489,50,40,True,1,plaza,daytime,cloudy,2,"adult,senior",stopped
video_0001,0,450,499,499,50,50,True,1,plaza,daytime,cloudy,2,"adult,senior",stopped
video_0001,0,460,509,509,50,50,True,1,plaza,daytime,cloudy,2,"adult,senior",stopped
video_0001,0,470,519,519,50,50,True,1,plaza,daytime,cloudy,2,"adult,senior",stopped
video_0001,0,480,529,529,50,50,True,1,plaza,daytime,cloudy,2,"adult,senior",stopped
video_0001,0,490,539,539,50,50,True,1,plaza,daytime,cloudy,2,"adult,senior",stopped
video_0001,0,500,549,549,50,50,True,2,plaza,daytime,cloudy,2,"adult,senior",stopped
video_0001,0,510,559,559,50,50,True,2,plaza,daytime,cloudy,2,"adult,senior",accelerating
video_0001,0,520,569,569,50,50,True,2,plaza,daytime,cloudy,2,"adult,senior",accelerating
video_0001,0,530,579,579,50,50,True,2,plaza,daytime,cloudy,2,"adult,senior",accelerating
video_0001,0,540,589,589,50,50,True,2,plaza,daytime,cloudy,2,"adult,senior",accelerating
video_0001,0,550,599,599,50,50,True,2,plaza,daytime,cloudy,2,"adult,senior",accelerating
video_0001,0,560,609,599,40,40,True,2,plaza,daytime,cloudy,2,"adult,senior",accelerating
video_0001,0,570,619,599,30,30,True,1,plaza,daytime,cloudy,2,"adult,senior",accelerating
video_0001,0,580,629,599,20,20,False,1,plaza,daytime,cloudy,2,"adult,senior",accelerating
video_0001,0,590,639,599,10,10,False,1,plaza,daytime,cloudy,2,"adult,senior",accelerating
video_0001,1,0,49,49,50,50,True,2,plaza,daytime,cloudy,2,"adult,senior",moving_slow
video_0001,1,10,59,59,50,50,True,2,plaza,daytime,cloudy,2,"adult,senior",decelerating
video_0001,1,20,69,59,40,40,True,2,plaza,daytime,cloudy,2,"adult,senior",decelerating
video_0001,1,30,79,59,30,30,True,2,plaza,daytime,cloudy,2,"adult,senior",decelerating
video_0001,1,40,89,59,20,20,False,2,plaza,daytime,cloudy,2,"adult,senior",decelerating
video_0001,1,50,99,59,10,10,False,2,plaza,daytime,cloudy,2,"adult,senior",decelerating
video_0001,1,320,369,369,10,10,False,2,plaza,daytime,cloudy,2,"adult,senior",stopped
video_0001,1,330,379,379,20,20,False,2,plaza,daytime,cloudy,2,"adult,senior",stopped
video_0001,1,340,389,389,30,30,True,2,plaza,daytime,cloudy,2,"adult,senior",stopped
video_0001,1,350,399,399,40,40,True,2,plaza,daytime,cloudy,2,"adult,senior",stopped
video_0001,1,360,409,409,50,50,True,2,plaza,daytime,cloudy,2,"adult,senior",stopped
video_0001,1,370,419,419,50,50,True,2,plaza,daytime,cloudy,2,"adult,senior",stopped
video_0001,1,380,429,419,40,40,True,2,plaza,daytime,cloudy,2,"adult,senior",stopped
video_0001,1,390,439,419,30,30,True,1,plaza,daytime,cloudy,2,"adult,senior",stopped
video_0001,1,400,449,419,20,20,False,1,plaza,daytime,cloudy,2,"adult,senior",stopped
video_0001,1,410,459,419,10,10,False,2,plaza,daytime,cloudy,2,"adult,senior",stopped
video_0001,1,500,549,549,10,10,False,2,plaza,daytime,cloudy,2,"adult,senior",stopped
video_0001,1,510,559,559,20,20,False,2,plaza,daytime,cloudy,2,"adult,senior",accelerating
video_0001,1,520,569,569,30,30,True,2,plaza,daytime,cloudy,2,"adult,senior",accelerating
video_0001,1,530,579,569,30,30,True,2,plaza,daytime,cloudy,2,"adult,senior",accelerating
video_0001,1,540,589,569,30,30,True,2,plaza,daytime,cloudy,2,"adult,senior",accelerating
video_0001,1,550,599,569,20,20,False,2,plaza,daytime,cloudy,2,"adult,senior",accelerating
video_0001,1,560,609,569,10,10,False,2,plaza,daytime,cloudy,2,"adult,senior",accelerating
video_0002,0,0,49,49,50,50,True,2,indoor,n/a,n/a,2,adult,stopped
video_0002,0,10,59,59,50,50,True,2,indoor,n/a,n/a,2,adult,stopped
video_0002,0,20,69,69,50,50,True,2,indoor,n/a,n/a,2,adult,stopped
video_0002,0,30,79,79,50,50,True,2,indoor,n/a,n/a,2,adult,stopped
video_0002,0,40,89,89,50,50,True,2,indoor,n/a,n/a,2,adult,stopped
video_0002,0,50,99,89,40,40,True,2,indoor,n/a,n/a,2,adult,stopped
video_0002,0,60,109,89,30,30,True,2,indoor,n/a,n/a,2,adult,stopped
video_0002,0,70,119,89,20,20,False,2,indoor,n/a,n/a,2,adult,stopped
video_0002,0,80,129,89,10,10,False,2,indoor,n/a,n/a,2,adult,stopped
video_0002,1,30,79,79,50,50,True,2,indoor,n/a,n/a,2,adult,stopped
video_0002,1,40,89,89,50,50,True,2,indoor,n/a,n/a,2,adult,stopped
video_0002,1,50,99,89,40,40,True,2,indoor,n/a,n/a,2,adult,stopped
video_0002,1,60,109,89,30,30,True,2,indoor,n/a,n/a,2,adult,stopped
video_0002,1,70,119,89,20,20,False,2,indoor,n/a,n/a,2,adult,stopped
video_0002,1,80,129,89,10,10,False,2,indoor,n/a,n/a,2,adult,stopped
video_0003,0,0,49,29,30,30,True,1,plaza,daytime,clear,1,adult,accelerating
video_0003,0,10,59,29,20,20,False,1,plaza,daytime,clear,1,adult,accelerating
video_0003,0,20,69,69,20,20,False,1,plaza,daytime,clear,1,adult,decelerating
video_0003,0,30,79,79,20,20,False,1,plaza,daytime,clear,1,adult,decelerating
video_0003,0,40,89,89,30,30,True,1,plaza,daytime,clear,1,adult,decelerating
video_0003,0,50,99,99,40,40,True,2,plaza,daytime,clear,1,adult,decelerating
video_0003,0,60,109,109,50,50,True,2,plaza,daytime,clear,1,adult,decelerating
video_0003,0,70,119,119,50,50,True,2,plaza,daytime,clear,1,adult,decelerating
video_0003,0,80,129,129,50,50,True,2,plaza,daytime,clear,1,adult,decelerating
video_0003,0,90,139,139,50,50,True,2,plaza,daytime,clear,1,adult,decelerating
video_0003,0,100,149,149,50,50,True,2,plaza,daytime,clear,1,adult,decelerating
video_0003,0,110,159,149,40,40,True,2,plaza,daytime,clear,1,adult,decelerating
video_0003,0,120,169,149,30,30,True,2,plaza,daytime,clear,1,adult,decelerating
video_0003,0,130,179,149,20,20,False,2,plaza,daytime,clear,1,adult,decelerating
video_0003,0,140,189,149,10,10,False,2,plaza,daytime,clear,1,adult,decelerating
video_0003,1,90,139,139,50,50,True,2,plaza,daytime,clear,1,adult,decelerating
video_0003,1,100,149,149,50,50,True,2,plaza,daytime,clear,1,adult,decelerating
video_0003,1,110,159,149,40,40,True,2,plaza,daytime,clear,1,adult,decelerating
video_0003,1,120,169,149,30,30,True,2,plaza,daytime,clear,1,adult,decelerating
video_0003,1,130,179,149,20,20,False,2,plaza,daytime,clear,1,adult,decelerating
video_0003,1,140,189,149,10,10,False,2,plaza,daytime,clear,1,adult,decelerating
video_0004,0,0,49,49,50,50,True,1,plaza,daytime,clear,2,adult,decelerating
video_0004,0,10,59,59,50,50,True,1,plaza,daytime,clear,2,adult,decelerating
video_0004,0,20,69,69,50,40,True,1,plaza,daytime,clear,2,adult,decelerating
video_0004,0,30,79,79,50,30,True,1,plaza,daytime,clear,2,adult,decelerating
video_0004,0,40,89,89,50,20,False,1,plaza,daytime,clear,2,adult,decelerating
video_0004,0,50,99,99,50,10,False,1,plaza,daytime,clear,2,adult,accelerating
video_0004,0,60,109,109,50,0,False,0,plaza,daytime,clear,2,adult,accelerating
video_0004,0,70,119,119,50,0,False,0,plaza,daytime,clear,2,adult,accelerating
video_0004,0,80,129,129,50,10,False,1,plaza,daytime,clear,2,adult,decelerating
video_0004,0,90,139,139,50,20,False,1,plaza,daytime,clear,2,adult,decelerating
video_0004,0,100,149,149,50,30,True,1,plaza,daytime,clear,2,adult,decelerating
video_0004,0,110,159,149,40,30,True,1,plaza,daytime,clear,2,adult,decelerating
video_0004,0,120,169,149,30,30,True,1,plaza,daytime,clear,2,adult,decelerating
video_0004,0,130,179,149,20,20,False,1,plaza,daytime,clear,2,adult,decelerating
video_0004,0,140,189,149,10,10,False,1,plaza,daytime,clear,2,adult,decelerating
video_0005,0,0,49,49,50,0,False,1,plaza,daytime,clear,2,"adult,child",decelerating
video_0005,0,10,59,59,50,0,False,1,plaza,daytime,clear,2,"adult,child",accelerating
video_0005,0,20,69,69,50,0,False,1,plaza,daytime,clear,2,"adult,child",accelerating
video_0005,0,30,79,79,50,0,False,1,plaza,daytime,clear,2,"adult,child",accelerating
video_0005,0,40,89,89,50,0,False,1,plaza,daytime,clear,2,"adult,child",accelerating
video_0005,0,50,99,99,50,0,False,1,plaza,daytime,clear,2,"adult,child",accelerating
video_0005,0,60,109,109,50,0,False,1,plaza,daytime,clear,2,"adult,child",accelerating
video_0005,0,70,119,119,50,0,False,1,plaza,daytime,clear,2,"adult,child",accelerating
video_0005,0,80,129,129,50,0,False,1,plaza,daytime,clear,2,"adult,child",accelerating
video_0005,0,90,139,139,50,0,False,1,plaza,daytime,clear,2,"adult,child",accelerating
video_0005,0,100,149,149,50,0,False,1,plaza,daytime,clear,2,"adult,child",accelerating
video_0005,0,110,159,159,50,10,False,2,plaza,daytime,clear,2,"adult,child",accelerating
video_0005,0,120,169,169,50,20,False,2,plaza,daytime,clear,2,"adult,child",accelerating
video_0005,0,130,179,179,50,30,True,2,plaza,daytime,clear,2,"adult,child",accelerating
video_0005,0,140,189,189,50,40,True,2,plaza,daytime,clear,2,"adult,child",accelerating
video_0005,0,150,199,199,50,50,True,2,plaza,daytime,clear,2,"adult,child",accelerating
video_0005,0,160,209,209,50,50,True,2,plaza,daytime,clear,2,"adult,child",accelerating
video_0005,0,170,219,219,50,50,True,2,plaza,daytime,clear,2,"adult,child",accelerating
video_0005,0,180,229,229,50,50,True,1,plaza,daytime,clear,2,"adult,child",accelerating
video_0005,0,190,239,239,50,50,True,1,plaza,daytime,clear,2,"adult,child",accelerating
video_0005,0,200,249,239,40,40,True,1,plaza,daytime,clear,2,"adult,child",accelerating
video_0005,0,210,259,239,30,30,True,1,plaza,daytime,clear,2,"adult,child",accelerating
video_0005,0,220,269,239,20,20,False,1,plaza,daytime,clear,2,"adult,child",accelerating
video_0005,0,230,279,239,10,10,False,1,plaza,daytime,clear,2,"adult,child",accelerating
video_0005,1,0,49,49,50,50,True,1,plaza,daytime,clear,2,"adult,child",decelerating
video_0005,1,10,59,59,50,50,True,1,plaza,daytime,clear,2,"adult,child",accelerating
video_0005,1,20,69,69,50,50,True,1,plaza,daytime,clear,2,"adult,child",accelerating
video_0005,1,30,79,79,50,50,True,1,plaza,daytime,clear,2,"adult,child",accelerating
video_0005,1,40,89,89,50,50,True,1,plaza,daytime,clear,2,"adult,child",accelerating
video_0005,1,50,99,99,50,50,True,1,plaza,daytime,clear,2,"adult,child",accelerating
video_0005,1,60,109,109,50,50,True,1,plaza,daytime,clear,2,"adult,child",accelerating
video_0005,1,70,119,119,50,50,True,1,plaza,daytime,clear,2,"adult,child",accelerating
video_0005,1,80,129,129,50,50,True,1,plaza,daytime,clear,2,"adult,child",accelerating
video_0005,1,90,139,139,50,50,True,1,plaza,daytime,clear,2,"adult,child",accelerating
video_0005,1,100,149,149,50,50,True,1,plaza,daytime,clear,2,"adult,child",accelerating
video_0005,1,110,159,159,50,50,True,2,plaza,daytime,clear,2,"adult,child",accelerating
video_0005,1,120,169,169,50,50,True,2,plaza,daytime,clear,2,"adult,child",accelerating
video_0005,1,130,179,179,50,50,True,2,plaza,daytime,clear,2,"adult,child",accelerating
video_0005,1,140,189,179,40,40,True,2,plaza,daytime,clear,2,"adult,child",accelerating
video_0005,1,150,199,179,30,30,True,2,plaza,daytime,clear,2,"adult,child",accelerating
video_0005,1,160,209,179,20,20,False,2,plaza,daytime,clear,2,"adult,child",accelerating
video_0005,1,170,219,179,10,10,False,2,plaza,daytime,clear,2,"adult,child",accelerating
video_0006,0,0,49,49,50,47,True,2,plaza,daytime,clear,2,adult,decelerating
video_0006,0,10,59,59,50,47,True,2,plaza,daytime,clear,2,adult,decelerating
video_0006,0,20,69,69,50,47,True,2,plaza,daytime,clear,2,adult,decelerating
video_0006,0,30,79,79,50,49,True,2,plaza,daytime,clear,2,adult,decelerating
video_0006,0,40,89,89,50,50,True,2,plaza,daytime,clear,2,adult,decelerating
video_0006,0,50,99,99,50,50,True,2,plaza,daytime,clear,2,adult,decelerating
video_0006,0,60,109,109,50,50,True,2,plaza,daytime,clear,2,adult,decelerating
video_0006,0,70,119,119,50,50,True,2,plaza,daytime,clear,2,adult,decelerating
video_0006,0,80,129,129,50,50,True,2,plaza,daytime,clear,2,adult,decelerating
video_0006,0,90,139,139,50,50,True,2,plaza,daytime,clear,2,adult,decelerating
video_0006,0,100,149,149,50,50,True,2,plaza,daytime,clear,2,adult,decelerating
video_0006,0,110,159,159,50,50,True,2,plaza,daytime,clear,2,adult,decelerating
video_0006,0,120,169,169,50,50,True,2,plaza,daytime,clear,2,adult,decelerating
video_0006,0,130,179,179,50,50,True,2,plaza,daytime,clear,2,adult,decelerating
video_0006,0,140,189,189,50,40,True,2,plaza,daytime,clear,2,adult,decelerating
video_0006,0,150,199,199,50,30,True,2,plaza,daytime,clear,2,adult,decelerating
video_0006,0,160,209,209,50,20,False,2,plaza,daytime,clear,2,adult,decelerating
video_0006,0,170,219,219,50,20,False,2,plaza,daytime,clear,2,adult,accelerating
video_0006,0,180,229,229,50,20,False,2,plaza,daytime,clear,2,adult,accelerating
video_0006,0,190,239,239,50,30,True,2,plaza,daytime,clear,2,adult,accelerating
video_0006,0,200,249,249,50,40,True,2,plaza,daytime,clear,2,adult,accelerating
video_0006,0,210,259,259,50,50,True,2,plaza,daytime,clear,2,adult,accelerating
video_0006,0,220,269,269,50,50,True,2,plaza,daytime,clear,2,adult,accelerating
video_0006,0,230,279,279,50,40,True,2,plaza,daytime,clear,2,adult,accelerating
video_0006,0,240,289,289,50,30,True,2,plaza,daytime,clear,2,adult,accelerating
video_0006,0,250,299,299,50,20,False,2,plaza,daytime,clear,2,adult,accelerating
video_0006,0,260,309,309,50,10,False,2,plaza,daytime,clear,2,adult,accelerating
video_0006,0,270,319,319,50,0,False,0,plaza,daytime,clear,2,adult,accelerating
video_0006,0,280,329,329,50,0,False,0,plaza,daytime,clear,2,adult,accelerating
video_0006,0,290,339,329,40,0,False,0,plaza,daytime,clear,2,adult,accelerating
video_0006,0,300,349,329,30,0,False,0,plaza,daytime,clear,2,adult,accelerating
video_0006,0,310,359,329,20,0,False,0,plaza,daytime,clear,2,adult,accelerating
video_0006,0,320,369,329,10,0,False,0,plaza,daytime,clear,2,adult,accelerating
video_0006,1,0,49,49,50,19,False,2,plaza,daytime,clear,2,adult,decelerating
video_0006,1,10,59,59,50,29,True,2,plaza,daytime,clear,2,adult,decelerating
video_0006,1,20,69,69,50,39,True,2,plaza,daytime,clear,2,adult,decelerating
video_0006,1,30,79,79,50,49,True,2,plaza,daytime,clear,2,adult,decelerating
video_0006,1,40,89,89,50,50,True,2,plaza,daytime,clear,2,adult,decelerating
video_0006,1,50,99,99,50,50,True,2,plaza,daytime,clear,2,adult,decelerating
video_0006,1,60,109,109,50,50,True,2,plaza,daytime,clear,2,adult,decelerating
video_0006,1,70,119,119,50,50,True,2,plaza,daytime,clear,2,adult,decelerating
video_0006,1,80,129,129,50,50,True,2,plaza,daytime,clear,2,adult,decelerating
video_0006,1,90,139,139,50,50,True,2,plaza,daytime,clear,2,adult,decelerating
video_0006,1,100,149,149,50,50,True,2,plaza,daytime,clear,2,adult,decelerating
video_0006,1,110,159,159,50,40,True,2,plaza,daytime,clear,2,adult,decelerating
video_0006,1,120,169,169,50,30,True,2,plaza,daytime,clear,2,adult,decelerating
video_0006,1,130,179,179,50,20,False,2,plaza,daytime,clear,2,adult,decelerating
video_0006,1,140,189,189,50,20,False,2,plaza,daytime,clear,2,adult,decelerating
video_0006,1,150,199,199,50,20,False,2,plaza,daytime,clear,2,adult,decelerating
video_0006,1,160,209,209,50,30,True,2,plaza,daytime,clear,2,adult,decelerating
video_0006,1,170,219,219,50,40,True,2,plaza,daytime,clear,2,adult,accelerating
video_0006,1,180,229,229,50,50,True,2,plaza,daytime,clear,2,adult,accelerating
video_0006,1,190,239,239,50,50,True,2,plaza,daytime,clear,2,adult,accelerating
video_0006,1,200,249,249,50,50,True,2,plaza,daytime,clear,2,adult,accelerating
video_0006,1,210,259,259,50,50,True,2,plaza,daytime,clear,2,adult,accelerating
video_0006,1,220,269,269,50,50,True,2,plaza,daytime,clear,2,adult,accelerating
video_0006,1,230,279,279,50,40,True,2,plaza,daytime,clear,2,adult,accelerating
video_0006,1,240,289,289,50,30,True,2,plaza,daytime,clear,2,adult,accelerating
video_0006,1,250,299,299,50,20,False,2,plaza,daytime,clear,2,adult,accelerating
video_0006,1,260,309,309,50,10,False,2,plaza,daytime,clear,2,adult,accelerating
video_0006,1,270,319,319,50,0,False,0,plaza,daytime,clear,2,adult,accelerating
video_0006,1,280,329,329,50,0,False,0,plaza,daytime,clear,2,adult,accelerating
video_0006,1,290,339,329,40,0,False,0,plaza,daytime,clear,2,adult,accelerating
video_0006,1,300,349,329,30,0,False,0,plaza,daytime,clear,2,adult,accelerating
video_0006,1,310,359,329,20,0,False,0,plaza,daytime,clear,2,adult,accelerating
video_0006,1,320,369,329,10,0,False,0,plaza,daytime,clear,2,adult,accelerating
video_0007,0,0,49,49,50,30,True,1,street,daytime,snow,2,young,accelerating
video_0007,0,10,59,59,50,20,False,1,street,daytime,snow,2,young,accelerating
video_0007,0,20,69,59,40,10,False,1,street,daytime,snow,2,young,accelerating
video_0007,0,30,79,59,30,0,False,0,street,daytime,snow,2,young,accelerating
video_0007,0,40,89,59,20,0,False,0,street,daytime,snow,2,young,accelerating
video_0007,0,50,99,99,20,10,False,1,street,daytime,snow,2,young,accelerating
video_0007,0,60,109,109,20,20,False,1,street,daytime,snow,2,young,accelerating
video_0007,0,70,119,119,30,30,True,1,street,daytime,snow,2,young,accelerating
video_0007,0,80,129,119,30,30,True,1,street,daytime,snow,2,young,accelerating
video_0007,0,90,139,119,30,30,True,1,street,daytime,snow,2,young,accelerating
video_0007,0,100,149,119,20,20,False,1,street,daytime,snow,2,young,accelerating
video_0007,0,110,159,119,10,10,False,1,street,daytime,snow,2,young,accelerating
video_0008,0,0,49,49,50,0,False,0,plaza,daytime,snow,2,adult,accelerating
video_0008,0,10,59,59,50,0,False,0,plaza,daytime,snow,2,adult,decelerating
video_0008,0,20,69,69,50,0,False,0,plaza,daytime,snow,2,adult,decelerating
video_0008,0,30,79,79,50,0,False,0,plaza,daytime,snow,2,adult,accelerating
video_0008,0,40,89,89,50,0,False,0,plaza,daytime,snow,2,adult,accelerating
video_0008,0,50,99,89,40,0,False,0,plaza,daytime,snow,2,adult,accelerating
video_0008,0,60,109,89,30,0,False,0,plaza,daytime,snow,2,adult,accelerating
video_0008,0,70,119,89,20,0,False,0,plaza,daytime,snow,2,adult,accelerating
video_0008,0,80,129,89,10,0,False,0,plaza,daytime,snow,2,adult,accelerating
video_0009,0,0,49,49,50,20,False,2,street,daytime,clear,5,senior,decelerating
video_0009,0,10,59,59,50,30,True,2,street,daytime,clear,5,senior,decelerating
video_0009,0,20,69,69,50,40,True,2,street,daytime,clear,5,senior,decelerating
video_0009,0,30,79,79,50,50,True,1,street,daytime,clear,5,senior,decelerating
video_0009,0,40,89,89,50,50,True,1,street,daytime,clear,5,senior,decelerating
video_0009,0,50,99,89,40,40,True,1,street,daytime,clear,5,senior,decelerating
video_0009,0,60,109,89,30,30,True,1,street,daytime,clear,5,senior,decelerating
video_0009,0,70,119,89,20,20,False,1,street,daytime,clear,5,senior,decelerating
video_0009,0,80,129,89,10,10,False,1,street,daytime,clear,5,senior,decelerating
video_0009,1,0,49,29,30,30,True,2,street,daytime,clear,5,senior,decelerating
video_0009,1,10,59,29,20,20,False,2,street,daytime,clear,5,senior,decelerating
video_0009,1,20,69,29,10,10,False,2,street,daytime,clear,5,senior,decelerating
video_0010,0,0,49,49,50,50,True,2,street,daytime,clear,5,adult,decelerating
video_0010,0,10,59,59,50,50,True,2,street,daytime,clear,5,adult,decelerating
video_0010,0,20,69,59,40,40,True,2,street,daytime,clear,5,adult,decelerating
video_0010,0,30,79,59,30,30,True,1,street,daytime,clear,5,adult,decelerating
video_0010,0,40,89,59,20,20,False,1,street,daytime,clear,5,adult,decelerating
video_0010,0,50,99,59,10,10,False,1,street,daytime,clear,5,adult,decelerating
video_0010,1,0,49,29,30,30,True,2,street,daytime,clear,5,adult,moving_fast
video_0010,1,10,59,29,20,20,False,2,street,daytime,clear,5,adult,moving_fast
video_0010,1,20,69,29,10,10,False,2,street,daytime,clear,5,adult,moving_fast
video_0011,0,60,109,109,50,50,True,1,plaza,daytime,clear,2,adult,accelerating
video_0011,0,70,119,119,50,50,True,1,plaza,daytime,clear,2,adult,accelerating
video_0011,0,80,129,129,50,50,True,1,plaza,daytime,clear,2,adult,accelerating
video_0011,0,90,139,139,50,50,True,1,plaza,daytime,clear,2,adult,accelerating
video_0011,0,100,149,149,50,50,True,1,plaza,daytime,clear,2,adult,accelerating
video_0011,0,110,159,159,50,50,True,1,plaza,daytime,clear,2,adult,accelerating
video_0011,0,120,169,169,50,50,True,1,plaza,daytime,clear,2,adult,accelerating
video_0011,0,130,179,179,50,50,True,1,plaza,daytime,clear,2,adult,accelerating
video_0011,0,140,189,189,50,50,True,1,plaza,daytime,clear,2,adult,accelerating
video_0011,0,150,199,199,50,50,True,1,plaza,daytime,clear,2,adult,accelerating
video_0011,0,160,209,209,50,50,True,1,plaza,daytime,clear,2,adult,accelerating
video_0011,0,170,219,219,50,40,True,1,plaza,daytime,clear,2,adult,accelerating
video_0011,0,180,229,229,50,30,True,1,plaza,daytime,clear,2,adult,accelerating
video_0011,0,190,239,239,50,20,False,1,plaza,daytime,clear,2,adult,accelerating
video_0011,0,200,249,239,40,10,False,1,plaza,daytime,clear,2,adult,accelerating
video_0011,0,210,259,239,30,0,False,0,plaza,daytime,clear,2,adult,accelerating
video_0011,0,220,269,239,20,0,False,0,plaza,daytime,clear,2,adult,accelerating
video_0011,0,230,279,239,10,0,False,0,plaza,daytime,clear,2,adult,accelerating
video_0012,0,30,79,79,50,50,True,1,street,daytime,clear,6,adult,decelerating
video_0012,0,40,89,89,50,47,True,1,street,daytime,clear,6,adult,decelerating
video_0012,0,50,99,99,50,37,True,1,street,daytime,clear,6,adult,decelerating
video_0012,0,60,109,109,50,27,True,1,street,daytime,clear,6,adult,decelerating
video_0012,0,70,119,119,50,17,False,1,street,daytime,clear,6,adult,decelerating
video_0012,0,80,129,119,40,7,False,1,street,daytime,clear,6,adult,decelerating
video_0012,0,90,139,119,30,0,False,0,street,daytime,clear,6,adult,decelerating
video_0012,0,100,149,119,20,0,False,0,street,daytime,clear,6,adult,decelerating
video_0012,0,110,159,119,10,0,False,0,street,daytime,clear,6,adult,decelerating
video_0014,0,30,79,79,50,50,True,1,plaza,daytime,cloudy,2,senior,decelerating
video_0014,0,40,89,89,50,50,True,1,plaza,daytime,cloudy,2,senior,decelerating
video_0014,0,50,99,99,50,50,True,1,plaza,daytime,cloudy,2,senior,decelerating
video_0014,0,60,109,109,50,50,True,1,plaza,daytime,cloudy,2,senior,decelerating
video_0014,0,70,119,119,50,40,True,1,plaza,daytime,cloudy,2,senior,decelerating
video_0014,0,80,129,129,50,38,True,1,plaza,daytime,cloudy,2,senior,decelerating
video_0014,0,90,139,139,50,37,True,1,plaza,daytime,cloudy,2,senior,decelerating
video_0014,0,100,149,149,50,37,True,1,plaza,daytime,cloudy,2,senior,decelerating
video_0014,0,110,159,159,50,37,True,1,plaza,daytime,cloudy,2,senior,accelerating
video_0014,0,120,169,169,50,47,True,1,plaza,daytime,cloudy,2,senior,accelerating
video_0014,0,130,179,179,50,49,True,1,plaza,daytime,cloudy,2,senior,accelerating
video_0014,0,140,189,189,50,40,True,1,plaza,daytime,cloudy,2,senior,accelerating
video_0014,0,150,199,199,50,30,True,1,plaza,daytime,cloudy,2,senior,accelerating
video_0014,0,160,209,209,50,20,False,1,plaza,daytime,cloudy,2,senior,accelerating
video_0014,0,170,219,219,50,20,False,1,plaza,daytime,cloudy,2,senior,accelerating
video_0014,0,180,229,229,50,20,False,1,plaza,daytime,cloudy,2,senior,accelerating
video_0014,0,190,239,239,50,30,True,1,plaza,daytime,cloudy,2,senior,accelerating
video_0014,0,200,249,239,40,30,True,1,plaza,daytime,cloudy,2,senior,accelerating
video_0014,0,210,259,239,30,30,True,1,plaza,daytime,cloudy,2,senior,accelerating
video_0014,0,220,269,239,20,20,False,1,plaza,daytime,cloudy,2,senior,accelerating
video_0014,0,230,279,239,10,10,False,1,plaza,daytime,cloudy,2,senior,accelerating
video_0015,0,0,49,49,50,12,False,1,street,daytime,rain,,,decelerating
video_0015,0,10,59,59,50,21,False,1,street,daytime,rain,,,stopped
video_0015,0,20,69,69,50,19,False,1,street,daytime,rain,,,stopped
video_0015,0,30,79,79,50,18,False,1,street,daytime,rain,,,stopped
video_0015,0,40,89,89,50,18,False,1,street,daytime,rain,,,stopped
video_0015,0,50,99,99,50,11,False,1,street,daytime,rain,,,stopped
video_0015,0,60,109,109,50,1,False,1,street,daytime,rain,,,stopped
video_0015,0,70,119,119,50,1,False,1,street,daytime,rain,,,accelerating
video_0015,0,80,129,129,50,1,False,1,street,daytime,rain,,,accelerating
video_0015,0,90,139,139,50,1,False,1,street,daytime,rain,,,accelerating
video_0015,0,100,149,149,50,2,False,1,street,daytime,rain,,,accelerating
video_0015,0,110,159,159,50,3,False,1,street,daytime,rain,,,accelerating
video_0015,0,120,169,169,50,4,False,1,street,daytime,rain,,,accelerating
video_0015,0,130,179,179,50,4,False,1,street,daytime,rain,,,accelerating
video_0015,0,140,189,189,50,4,False,1,street,daytime,rain,,,accelerating
video_0015,0,150,199,199,50,2,False,1,street,daytime,rain,,,decelerating
video_0015,0,160,209,209,50,6,False,1,street,daytime,rain,,,decelerating
video_0015,0,170,219,219,50,9,False,1,street,daytime,rain,,,decelerating
video_0015,0,180,229,229,50,19,False,1,street,daytime,rain,,,decelerating
video_0015,0,190,239,239,50,21,False,1,street,daytime,rain,,,decelerating
video_0015,0,200,249,249,50,21,False,1,street,daytime,rain,,,accelerating
video_0015,0,210,259,259,50,16,False,1,street,daytime,rain,,,accelerating
video_0015,0,220,269,269,50,12,False,1,street,daytime,rain,,,accelerating
video_0015,0,230,279,279,50,2,False,1,street,daytime,rain,,,accelerating
video_0015,0,240,289,289,50,0,False,0,street,daytime,rain,,,accelerating
video_0015,0,250,299,299,50,0,False,0,street,daytime,rain,,,accelerating
video_0015,0,260,309,299,40,0,False,0,street,daytime,rain,,,accelerating
video_0015,0,270,319,299,30,0,False,0,street,daytime,rain,,,accelerating
video_0015,0,280,329,299,20,0,False,0,street,daytime,rain,,,accelerating
video_0015,0,290,339,299,10,0,False,0,street,daytime,rain,,,accelerating
video_0016,0,0,49,49,50,50,True,2,plaza,daytime,cloudy,2,adult,accelerating
video_0016,0,10,59,59,50,50,True,2,plaza,daytime,cloudy,2,adult,decelerating
video_0016,0,20,69,69,50,50,True,2,plaza,daytime,cloudy,2,adult,decelerating
video_0016,0,30,79,79,50,50,True,2,plaza,daytime,cloudy,2,adult,decelerating
video_0016,0,40,89,89,50,50,True,2,plaza,daytime,cloudy,2,adult,accelerating
video_0016,0,50,99,99,50,50,True,2,plaza,daytime,cloudy,2,adult,accelerating
video_0016,0,60,109,109,50,50,True,2,plaza,daytime,cloudy,2,adult,accelerating
video_0016,0,70,119,119,50,50,True,2,plaza,daytime,cloudy,2,adult,decelerating
video_0016,0,80,129,129,50,50,True,2,plaza,daytime,cloudy,2,adult,decelerating
video_0016,0,90,139,139,50,50,True,2,plaza,daytime,cloudy,2,adult,decelerating
video_0016,0,100,149,149,50,50,True,2,plaza,daytime,cloudy,2,adult,decelerating
video_0016,0,110,159,159,50,50,True,2,plaza,daytime,cloudy,2,adult,decelerating
video_0016,0,120,169,169,50,50,True,2,plaza,daytime,cloudy,2,adult,decelerating
video_0016,0,130,179,179,50,50,True,2,plaza,daytime,cloudy,2,adult,accelerating
video_0016,0,140,189,189,50,50,True,2,plaza,daytime,cloudy,2,adult,accelerating
video_0016,0,150,199,199,50,50,True,2,plaza,daytime,cloudy,2,adult,accelerating
video_0016,0,160,209,209,50,50,True,2,plaza,daytime,cloudy,2,adult,accelerating
video_0016,0,170,219,209,40,40,True,2,plaza,daytime,cloudy,2,adult,accelerating
video_0016,0,180,229,209,30,30,True,2,plaza,daytime,cloudy,2,adult,accelerating
video_0016,0,190,239,209,20,20,False,2,plaza,daytime,cloudy,2,adult,accelerating
video_0016,0,200,249,209,10,10,False,2,plaza,daytime,cloudy,2,adult,accelerating
video_0016,1,0,49,49,50,50,True,2,plaza,daytime,cloudy,2,adult,accelerating
video_0016,1,10,59,59,50,50,True,2,plaza,daytime,cloudy,2,adult,decelerating
video_0016,1,20,69,69,50,50,True,2,plaza,daytime,cloudy,2,adult,decelerating
video_0016,1,30,79,79,50,50,True,2,plaza,daytime,cloudy,2,adult,decelerating
video_0016,1,40,89,89,50,50,True,2,plaza,daytime,cloudy,2,adult,accelerating
video_0016,1,50,99,99,50,50,True,2,plaza,daytime,cloudy,2,adult,accelerating
video_0016,1,60,109,109,50,50,True,2,plaza,daytime,cloudy,2,adult,accelerating
video_0016,1,70,119,119,50,50,True,2,plaza,daytime,cloudy,2,adult,decelerating
video_0016,1,80,129,129,50,50,True,2,plaza,daytime,cloudy,2,adult,decelerating
video_0016,1,90,139,139,50,50,True,2,plaza,daytime,cloudy,2,adult,decelerating
video_0016,1,100,149,149,50,50,True,2,plaza,daytime,cloudy,2,adult,decelerating
video_0016,1,110,159,159,50,50,True,2,plaza,daytime,cloudy,2,adult,decelerating
video_0016,1,120,169,169,50,50,True,2,plaza,daytime,cloudy,2,adult,decelerating
video_0016,1,130,179,179,50,50,True,2,plaza,daytime,cloudy,2,adult,accelerating
video_0016,1,140,189,189,50,50,True,2,plaza,daytime,cloudy,2,adult,accelerating
video_0016,1,150,199,199,50,50,True,2,plaza,daytime,cloudy,2,adult,accelerating
video_0016,1,160,209,209,50,50,True,2,plaza,daytime,cloudy,2,adult,accelerating
video_0016,1,170,219,209,40,40,True,2,plaza,daytime,cloudy,2,adult,accelerating
video_0016,1,180,229,209,30,30,True,2,plaza,daytime,cloudy,2,adult,accelerating
video_0016,1,190,239,209,20,20,False,2,plaza,daytime,cloudy,2,adult,accelerating
video_0016,1,200,249,209,10,10,False,2,plaza,daytime,cloudy,2,adult,accelerating
video_0017,0,0,49,49,50,50,True,2,plaza,daytime,cloudy,2,adult,accelerating
video_0017,0,10,59,59,50,50,True,2,plaza,daytime,cloudy,2,adult,accelerating
video_0017,0,20,69,69,50,40,True,2,plaza,daytime,cloudy,2,adult,accelerating
video_0017,0,30,79,79,50,30,True,2,plaza,daytime,cloudy,2,adult,accelerating
video_0017,0,40,89,89,50,20,False,2,plaza,daytime,cloudy,2,adult,decelerating
video_0017,0,50,99,99,50,10,False,2,plaza,daytime,cloudy,2,adult,decelerating
video_0017,0,60,109,109,50,0,False,0,plaza,daytime,cloudy,2,adult,decelerating
video_0017,0,70,119,119,50,0,False,0,plaza,daytime,cloudy,2,adult,decelerating
video_0017,0,80,129,129,50,0,False,0,plaza,daytime,cloudy,2,adult,decelerating
video_0017,0,90,139,139,50,0,False,0,plaza,daytime,cloudy,2,adult,decelerating
video_0017,0,100,149,149,50,0,False,0,plaza,daytime,cloudy,2,adult,decelerating
video_0017,0,110,159,159,50,0,False,0,plaza,daytime,cloudy,2,adult,decelerating
video_0017,0,120,169,169,50,0,False,0,plaza,daytime,cloudy,2,adult,decelerating
video_0017,0,130,179,179,50,0,False,0,plaza,daytime,cloudy,2,adult,decelerating
video_0017,0,140,189,189,50,10,False,1,plaza,daytime,cloudy,2,adult,decelerating
video_0017,0,150,199,199,50,20,False,1,plaza,daytime,cloudy,2,adult,decelerating
video_0017,0,160,209,209,50,30,True,1,plaza,daytime,cloudy,2,adult,accelerating
video_0017,0,170,219,219,50,40,True,1,plaza,daytime,cloudy,2,adult,accelerating
video_0017,0,180,229,229,50,50,True,1,plaza,daytime,cloudy,2,adult,accelerating
video_0017,0,190,239,239,50,50,True,1,plaza,daytime,cloudy,2,adult,accelerating
video_0017,0,200,249,239,40,40,True,1,plaza,daytime,cloudy,2,adult,accelerating
video_0017,0,210,259,239,30,30,True,1,plaza,daytime,cloudy,2,adult,accelerating
video_0017,0,220,269,239,20,20,False,1,plaza,daytime,cloudy,2,adult,accelerating
video_0017,0,230,279,239,10,10,False,1,plaza,daytime,cloudy,2,adult,accelerating
video_0017,1,0,49,49,50,20,False,2,plaza,daytime,cloudy,2,adult,accelerating
video_0017,1,10,59,59,50,30,True,2,plaza,daytime,cloudy,2,adult,accelerating
video_0017,1,20,69,59,40,30,True,2,plaza,daytime,cloudy,2,adult,accelerating
video_0017,1,30,79,59,30,30,True,2,plaza,daytime,cloudy,2,adult,accelerating
video_0017,1,40,89,59,20,20,False,2,plaza,daytime,cloudy,2,adult,accelerating
video_0017,1,50,99,59,10,10,False,2,plaza,daytime,cloudy,2,adult,accelerating
video_0019,0,0,49,49,50,30,True,1,street,daytime,cloudy,,,decelerating
video_0019,0,10,59,59,50,20,False,1,street,daytime,cloudy,,,decelerating
video_0019,0,20,69,69,50,10,False,1,street,daytime,cloudy,,,decelerating
video_0019,0,30,79,79,50,0,False,0,street,daytime,cloudy,,,decelerating
video_0019,0,40,89,89,50,0,False,0,street,daytime,cloudy,,,decelerating
video_0019,0,50,99,99,50,0,False,0,street,daytime,cloudy,,,decelerating
video_0019,0,60,109,109,50,0,False,0,street,daytime,cloudy,,,decelerating
video_0019,0,70,119,119,50,0,False,0,street,daytime,cloudy,,,decelerating
video_0019,0,80,129,129,50,0,False,0,street,daytime,cloudy,,,decelerating
video_0019,0,90,139,139,50,0,False,0,street,daytime,cloudy,,,decelerating
video_0019,0,100,149,149,50,0,False,0,street,daytime,cloudy,,,decelerating
video_0019,0,110,159,159,50,0,False,0,street,daytime,cloudy,,,decelerating
video_0019,0,120,169,169,50,0,False,0,street,daytime,cloudy,,,accelerating
video_0019,0,130,179,179,50,0,False,0,street,daytime,cloudy,,,accelerating
video_0019,0,140,189,189,50,0,False,0,street,daytime,cloudy,,,accelerating
video_0019,0,150,199,199,50,0,False,0,street,daytime,cloudy,,,decelerating
video_0019,0,160,209,209,50,0,False,0,street,daytime,cloudy,,,decelerating
video_0019,0,170,219,219,50,0,False,0,street,daytime,cloudy,,,decelerating
video_0019,0,180,229,229,50,0,False,0,street,daytime,cloudy,,,decelerating
video_0019,0,190,239,239,50,0,False,0,street,daytime,cloudy,,,decelerating
video_0019,0,200,249,249,50,0,False,0,street,daytime,cloudy,,,decelerating
video_0019,0,210,259,259,50,0,False,0,street,daytime,cloudy,,,decelerating
video_0019,0,220,269,269,50,0,False,0,street,daytime,cloudy,,,decelerating
video_0019,0,230,279,279,50,10,False,1,street,daytime,cloudy,,,decelerating
video_0019,0,240,289,289,50,20,False,1,street,daytime,cloudy,,,decelerating
video_0019,0,250,299,299,50,30,True,1,street,daytime,cloudy,,,accelerating
video_0019,0,260,309,309,50,30,True,1,street,daytime,cloudy,,,accelerating
video_0019,0,270,319,319,50,30,True,1,street,daytime,cloudy,,,accelerating
video_0019,0,280,329,329,50,20,False,1,street,daytime,cloudy,,,decelerating
video_0019,0,290,339,339,50,10,False,1,street,daytime,cloudy,,,decelerating
video_0019,0,300,349,349,50,0,False,0,street,daytime,cloudy,,,decelerating
video_0019,0,310,359,359,50,0,False,0,street,daytime,cloudy,,,accelerating
video_0019,0,320,369,369,50,0,False,0,street,daytime,cloudy,,,accelerating
video_0019,0,330,379,379,50,0,False,0,street,daytime,cloudy,,,accelerating
video_0019,0,340,389,389,50,0,False,0,street,daytime,cloudy,,,accelerating
video_0019,0,350,399,389,40,0,False,0,street,daytime,cloudy,,,accelerating
video_0019,0,360,409,389,30,0,False,0,street,daytime,cloudy,,,accelerating
video_0019,0,370,419,389,20,0,False,0,street,daytime,cloudy,,,accelerating
video_0019,0,380,429,389,10,0,False,0,street,daytime,cloudy,,,accelerating
video_0020,0,0,49,49,50,0,False,0,street,daytime,cloudy,3,adult,decelerating
video_0020,0,10,59,59,50,0,False,0,street,daytime,cloudy,3,adult,decelerating
video_0020,0,20,69,69,50,10,False,1,street,daytime,cloudy,3,adult,decelerating
video_0020,0,30,79,79,50,20,False,1,street,daytime,cloudy,3,adult,decelerating
video_0020,0,40,89,89,50,30,True,1,street,daytime,cloudy,3,adult,decelerating
video_0020,0,50,99,99,50,40,True,2,street,daytime,cloudy,3,adult,decelerating
video_0020,0,60,109,109,50,50,True,2,street,daytime,cloudy,3,adult,decelerating
video_0020,0,70,119,119,50,50,True,2,street,daytime,cloudy,3,adult,decelerating
video_0020,0,80,129,129,50,50,True,2,street,daytime,cloudy,3,adult,decelerating
video_0020,0,90,139,139,50,50,True,2,street,daytime,cloudy,3,adult,decelerating
video_0020,0,100,149,149,50,50,True,2,street,daytime,cloudy,3,adult,decelerating
video_0020,0,110,159,159,50,50,True,2,street,daytime,cloudy,3,adult,decelerating
video_0020,0,120,169,169,50,50,True,2,street,daytime,cloudy,3,adult,stopped
video_0020,0,130,179,179,50,50,True,2,street,daytime,cloudy,3,adult,stopped
video_0020,0,140,189,189,50,50,True,2,street,daytime,cloudy,3,adult,stopped
video_0020,0,150,199,199,50,50,True,2,street,daytime,cloudy,3,adult,stopped
video_0020,0,160,209,209,50,50,True,2,street,daytime,cloudy,3,adult,stopped
video_0020,0,170,219,219,50,50,True,2,street,daytime,cloudy,3,adult,stopped
video_0020,0,180,229,229,50,50,True,2,street,daytime,cloudy,3,adult,stopped
video_0020,0,190,239,239,50,50,True,2,street,daytime,cloudy,3,adult,stopped
video_0020,0,200,249,249,50,50,True,2,street,daytime,cloudy,3,adult,stopped
video_0020,0,210,259,259,50,50,True,2,street,daytime,cloudy,3,adult,stopped
video_0020,0,220,269,269,50,50,True,2,street,daytime,cloudy,3,adult,stopped
video_0020,0,230,279,279,50,40,True,2,street,daytime,cloudy,3,adult,stopped
video_0020,0,240,289,289,50,30,True,2,street,daytime,cloudy,3,adult,stopped
video_0020,0,250,299,299,50,20,False,2,street,daytime,cloudy,3,adult,stopped
video_0020,0,260,309,309,50,20,False,2,street,daytime,cloudy,3,adult,stopped
video_0020,0,270,319,319,50,20,False,1,street,daytime,cloudy,3,adult,stopped
video_0020,0,280,329,329,50,30,True,1,street,daytime,cloudy,3,adult,stopped
video_0020,0,290,339,339,50,40,True,1,street,daytime,cloudy,3,adult,stopped
video_0020,0,300,349,349,50,50,True,1,street,daytime,cloudy,3,adult,stopped
video_0020,0,310,359,359,50,50,True,1,street,daytime,cloudy,3,adult,stopped
video_0020,0,320,369,369,50,40,True,1,street,daytime,cloudy,3,adult,stopped
video_0020,0,330,379,379,50,30,True,1,street,daytime,cloudy,3,adult,stopped
video_0020,0,340,389,389,50,20,False,1,street,daytime,cloudy,3,adult,stopped
video_0020,0,350,399,399,50,20,False,2,street,daytime,cloudy,3,adult,stopped
video_0020,0,360,409,409,50,20,False,2,street,daytime,cloudy,3,adult,stopped
video_0020,0,370,419,419,50,30,True,2,street,daytime,cloudy,3,adult,stopped
video_0020,0,380,429,429,50,40,True,2,street,daytime,cloudy,3,adult,stopped
video_0020,0,390,439,439,50,50,True,2,street,daytime,cloudy,3,adult,stopped
video_0020,0,400,449,449,50,50,True,2,street,daytime,cloudy,3,adult,accelerating
video_0020,0,410,459,459,50,50,True,2,street,daytime,cloudy,3,adult,accelerating
video_0020,0,420,469,469,50,50,True,1,street,daytime,cloudy,3,adult,accelerating
video_0020,0,430,479,479,50,50,True,1,street,daytime,cloudy,3,adult,accelerating
video_0020,0,440,489,479,40,40,True,1,street,daytime,cloudy,3,adult,accelerating
video_0020,0,450,499,479,30,30,True,1,street,daytime,cloudy,3,adult,accelerating
video_0020,0,460,509,479,20,20,False,1,street,daytime,cloudy,3,adult,accelerating
video_0020,0,470,519,479,10,10,False,1,street,daytime,cloudy,3,adult,accelerating
video_0020,1,0,49,49,50,0,False,0,street,daytime,cloudy,3,adult,decelerating
video_0020,1,10,59,59,50,0,False,0,street,daytime,cloudy,3,adult,decelerating
video_0020,1,20,69,69,50,0,False,1,street,daytime,cloudy,3,adult,decelerating
video_0020,1,30,79,79,50,0,False,1,street,daytime,cloudy,3,adult,decelerating
video_0020,1,40,89,89,50,0,False,1,street,daytime,cloudy,3,adult,decelerating
video_0020,1,50,99,99,50,10,False,2,street,daytime,cloudy,3,adult,decelerating
video_0020,1,60,109,109,50,20,False,2,street,daytime,cloudy,3,adult,decelerating
video_0020,1,70,119,119,50,30,True,2,street,daytime,cloudy,3,adult,decelerating
video_0020,1,80,129,129,50,40,True,2,street,daytime,cloudy,3,adult,decelerating
video_0020,1,90,139,139,50,50,True,2,street,daytime,cloudy,3,adult,decelerating
video_0020,1,100,149,149,50,50,True,2,street,daytime,cloudy,3,adult,decelerating
video_0020,1,110,159,159,50,40,True,2,street,daytime,cloudy,3,adult,decelerating
video_0020,1,120,169,169,50,30,True,2,street,daytime,cloudy,3,adult,stopped
video_0020,1,130,179,179,50,20,False,2,street,daytime,cloudy,3,adult,stopped
video_0020,1,140,189,189,50,20,False,2,street,daytime,cloudy,3,adult,stopped
video_0020,1,150,199,199,50,20,False,2,street,daytime,cloudy,3,adult,stopped
video_0020,1,160,209,209,50,30,True,2,street,daytime,cloudy,3,adult,stopped
video_0020,1,170,219,209,40,30,True,2,street,daytime,cloudy,3,adult,stopped
video_0020,1,180,229,209,30,30,True,2,street,daytime,cloudy,3,adult,stopped
video_0020,1,190,239,209,20,20,False,2,street,daytime,cloudy,3,adult,stopped
video_0020,1,200,249,249,20,20,False,2,street,daytime,cloudy,3,adult,stopped
video_0020,1,210,259,259,20,20,False,2,street,daytime,cloudy,3,adult,stopped
video_0020,1,220,269,269,30,30,True,2,street,daytime,cloudy,3,adult,stopped
video_0020,1,230,279,269,30,30,True,2,street,daytime,cloudy,3,adult,stopped
video_0020,1,240,289,269,30,30,True,2,street,daytime,cloudy,3,adult,stopped
video_0020,1,250,299,269,20,20,False,2,street,daytime,cloudy,3,adult,stopped
video_0020,1,260,309,269,10,10,False,2,street,daytime,cloudy,3,adult,stopped
video_0020,1,350,399,399,10,10,False,2,street,daytime,cloudy,3,adult,stopped
video_0020,1,360,409,409,20,20,False,2,street,daytime,cloudy,3,adult,stopped
video_0020,1,370,419,419,30,30,True,2,street,daytime,cloudy,3,adult,stopped
video_0020,1,380,429,419,30,30,True,2,street,daytime,cloudy,3,adult,stopped
video_0020,1,390,439,419,30,30,True,2,street,daytime,cloudy,3,adult,stopped
video_0020,1,400,449,419,20,20,False,2,street,daytime,cloudy,3,adult,stopped
video_0020,1,410,459,419,10,10,False,2,street,daytime,cloudy,3,adult,stopped
video_0021,0,0,49,49,50,50,True,2,plaza,daytime,clear,2,adult,decelerating
video_0021,0,10,59,59,50,50,True,2,plaza,daytime,clear,2,adult,decelerating
video_0021,0,20,69,69,50,40,True,2,plaza,daytime,clear,2,adult,decelerating
video_0021,0,30,79,79,50,30,True,2,plaza,daytime,clear,2,adult,decelerating
video_0021,0,40,89,89,50,20,False,2,plaza,daytime,clear,2,adult,decelerating
video_0021,0,50,99,99,50,10,False,2,plaza,daytime,clear,2,adult,decelerating
video_0021,0,60,109,109,50,0,False,1,plaza,daytime,clear,2,adult,accelerating
video_0021,0,70,119,119,50,0,False,1,plaza,daytime,clear,2,adult,accelerating
video_0021,0,80,129,129,50,0,False,1,plaza,daytime,clear,2,adult,accelerating
video_0021,0,90,139,139,50,0,False,1,plaza,daytime,clear,2,adult,accelerating
video_0021,0,100,149,149,50,0,False,1,plaza,daytime,clear,2,adult,accelerating
video_0021,0,110,159,159,50,10,False,2,plaza,daytime,clear,2,adult,decelerating
video_0021,0,120,169,169,50,20,False,2,plaza,daytime,clear,2,adult,decelerating
video_0021,0,130,179,179,50,30,True,2,plaza,daytime,clear,2,adult,decelerating
video_0021,0,140,189,179,40,30,True,2,plaza,daytime,clear,2,adult,decelerating
video_0021,0,150,199,179,30,30,True,1,plaza,daytime,clear,2,adult,decelerating
video_0021,0,160,209,179,20,20,False,1,plaza,daytime,clear,2,adult,decelerating
video_0021,0,170,219,179,10,10,False,1,plaza,daytime,clear,2,adult,decelerating
video_0021,1,30,79,79,50,50,True,2,plaza,daytime,clear,2,adult,decelerating
video_0021,1,40,89,89,50,50,True,2,plaza,daytime,clear,2,adult,decelerating
video_0021,1,50,99,89,40,40,True,2,plaza,daytime,clear,2,adult,decelerating
video_0021,1,60,109,89,30,30,True,1,plaza,daytime,clear,2,adult,decelerating
video_0021,1,70,119,89,20,20,False,1,plaza,daytime,clear,2,adult,decelerating
video_0021,1,80,129,129,20,20,False,1,plaza,daytime,clear,2,adult,accelerating
video_0021,1,90,139,139,20,20,False,1,plaza,daytime,clear,2,adult,accelerating
video_0021,1,100,149,149,30,30,True,1,plaza,daytime,clear,2,adult,accelerating
video_0021,1,110,159,149,30,30,True,2,plaza,daytime,clear,2,adult,accelerating
video_0021,1,120,169,149,30,30,True,2,plaza,daytime,clear,2,adult,accelerating
video_0021,1,130,179,149,20,20,False,2,plaza,daytime,clear,2,adult,accelerating
video_0021,1,140,189,149,10,10,False,2,plaza,daytime,clear,2,adult,accelerating
video_0022,0,390,439,419,30,30,True,1,plaza,daytime,snow,2,"adult,young",accelerating
video_0022,0,400,449,419,20,20,False,1,plaza,daytime,snow,2,"adult,young",accelerating
video_0022,0,410,459,419,10,10,False,1,plaza,daytime,snow,2,"adult,young",accelerating
video_0025,0,90,139,139,50,50,True,2,street,daytime,clear,2,adult,decelerating
video_0025,0,100,149,149,50,50,True,2,street,daytime,clear,2,adult,decelerating
video_0025,0,110,159,159,50,50,True,2,street,daytime,clear,2,adult,decelerating
video_0025,0,120,169,169,50,50,True,2,street,daytime,clear,2,adult,accelerating
video_0025,0,130,179,179,50,50,True,2,street,daytime,clear,2,adult,accelerating
video_0025,0,140,189,179,40,40,True,2,street,daytime,clear,2,adult,accelerating
video_0025,0,150,199,179,30,30,True,1,street,daytime,clear,2,adult,accelerating
video_0025,0,160,209,179,20,20,False,1,street,daytime,clear,2,adult,accelerating
video_0025,0,170,219,179,10,10,False,1,street,daytime,clear,2,adult,accelerating
video_0025,1,120,169,149,30,30,True,2,street,daytime,clear,2,adult,decelerating
video_0025,1,130,179,149,20,20,False,2,street,daytime,clear,2,adult,decelerating
video_0025,1,140,189,149,10,10,False,2,street,daytime,clear,2,adult,decelerating
video_0026,0,0,49,49,50,20,False,1,street,nighttime,clear,2,adult,decelerating
video_0026,0,10,59,59,50,30,True,1,street,nighttime,clear,2,adult,decelerating
video_0026,0,20,69,59,40,30,True,1,street,nighttime,clear,2,adult,decelerating
video_0026,0,30,79,59,30,30,True,1,street,nighttime,clear,2,adult,decelerating
video_0026,0,40,89,59,20,20,False,1,street,nighttime,clear,2,adult,decelerating
video_0026,0,50,99,59,10,10,False,1,street,nighttime,clear,2,adult,decelerating
video_0026,0,140,189,189,10,3,False,1,street,nighttime,clear,2,adult,stopped
video_0026,0,150,199,199,20,13,False,1,street,nighttime,clear,2,adult,accelerating
video_0026,0,160,209,209,30,23,False,1,street,nighttime,clear,2,adult,accelerating
video_0026,0,170,219,209,30,23,False,1,street,nighttime,clear,2,adult,accelerating
video_0026,0,180,229,209,30,23,False,1,street,nighttime,clear,2,adult,accelerating
video_0026,0,190,239,209,20,20,False,1,street,nighttime,clear,2,adult,accelerating
video_0026,0,200,249,209,10,10,False,1,street,nighttime,clear,2,adult,accelerating
video_0026,0,290,339,339,10,0,False,1,street,nighttime,clear,2,adult,decelerating
video_0026,0,300,349,349,20,0,False,1,street,nighttime,clear,2,adult,decelerating
video_0026,0,310,359,359,30,0,False,1,street,nighttime,clear,2,adult,decelerating
video_0026,0,320,369,359,30,0,False,1,street,nighttime,clear,2,adult,decelerating
video_0026,0,330,379,359,30,0,False,1,street,nighttime,clear,2,adult,decelerating
video_0026,0,340,389,359,20,0,False,1,street,nighttime,clear,2,adult,decelerating
video_0026,0,350,399,359,10,0,False,1,street,nighttime,clear,2,adult,decelerating
video_0027,0,0,49,49,50,50,True,2,plaza,daytime,clear,2,adult,decelerating
video_0027,0,10,59,59,50,50,True,2,plaza,daytime,clear,2,adult,decelerating
video_0027,0,20,69,69,50,50,True,2,plaza,daytime,clear,2,adult,accelerating
video_0027,0,30,79,79,50,50,True,2,plaza,daytime,clear,2,adult,accelerating
video_0027,0,40,89,89,50,50,True,2,plaza,daytime,clear,2,adult,accelerating
video_0027,0,50,99,99,50,50,True,2,plaza,daytime,clear,2,adult,accelerating
video_0027,0,60,109,109,50,50,True,2,plaza,daytime,clear,2,adult,accelerating
video_0027,0,70,119,119,50,50,True,2,plaza,daytime,clear,2,adult,accelerating
video_0027,0,80,129,129,50,50,True,2,plaza,daytime,clear,2,adult,accelerating
video_0027,0,90,139,139,50,50,True,2,plaza,daytime,clear,2,adult,accelerating
video_0027,0,100,149,149,50,50,True,2,plaza,daytime,clear,2,adult,accelerating
video_0027,0,110,159,149,40,40,True,2,plaza,daytime,clear,2,adult,accelerating
video_0027,0,120,169,149,30,30,True,2,plaza,daytime,clear,2,adult,accelerating
video_0027,0,130,179,149,20,20,False,2,plaza,daytime,clear,2,adult,accelerating
video_0027,0,140,189,149,10,10,False,2,plaza,daytime,clear,2,adult,accelerating
video_0027,1,0,49,49,50,50,True,2,plaza,daytime,clear,2,adult,decelerating
video_0027,1,10,59,59,50,50,True,2,plaza,daytime,clear,2,adult,decelerating
video_0027,1,20,69,69,50,50,True,2,plaza,daytime,clear,2,adult,accelerating
video_0027,1,30,79,79,50,50,True,2,plaza,daytime,clear,2,adult,accelerating
video_0027,1,40,89,89,50,50,True,2,plaza,daytime,clear,2,adult,accelerating
video_0027,1,50,99,99,50,50,True,2,plaza,daytime,clear,2,adult,accelerating
video_0027,1,60,109,109,50,50,True,2,plaza,daytime,clear,2,adult,accelerating
video_0027,1,70,119,119,50,50,True,2,plaza,daytime,clear,2,adult,accelerating
video_0027,1,80,129,129,50,50,True,2,plaza,daytime,clear,2,adult,accelerating
video_0027,1,90,139,139,50,50,True,2,plaza,daytime,clear,2,adult,accelerating
video_0027,1,100,149,149,50,50,True,2,plaza,daytime,clear,2,adult,accelerating
video_0027,1,110,159,149,40,40,True,2,plaza,daytime,clear,2,adult,accelerating
video_0027,1,120,169,149,30,30,True,2,plaza,daytime,clear,2,adult,accelerating
video_0027,1,130,179,149,20,20,False,2,plaza,daytime,clear,2,adult,accelerating
video_0027,1,140,189,149,10,10,False,2,plaza,daytime,clear,2,adult,accelerating
video_0028,0,0,49,49,50,30,True,2,street,daytime,clear,1,adult,stopped
video_0028,0,10,59,59,50,20,False,2,street,daytime,clear,1,adult,stopped
video_0028,0,20,69,69,50,10,False,2,street,daytime,clear,1,adult,stopped
video_0028,0,30,79,79,50,0,False,1,street,daytime,clear,1,adult,stopped
video_0028,0,40,89,89,50,0,False,1,street,daytime,clear,1,adult,stopped
video_0028,0,50,99,99,50,10,False,2,street,daytime,clear,1,adult,stopped
video_0028,0,60,109,109,50,20,False,2,street,daytime,clear,1,adult,stopped
video_0028,0,70,119,119,50,30,True,2,street,daytime,clear,1,adult,stopped
video_0028,0,80,129,129,50,30,True,2,street,daytime,clear,1,adult,stopped
video_0028,0,90,139,139,50,30,True,2,street,daytime,clear,1,adult,stopped
video_0028,0,100,149,149,50,20,False,2,street,daytime,clear,1,adult,stopped
video_0028,0,110,159,159,50,20,False,2,street,daytime,clear,1,adult,stopped
video_0028,0,120,169,169,50,20,False,2,street,daytime,clear,1,adult,stopped
video_0028,0,130,179,179,50,30,True,2,street,daytime,clear,1,adult,accelerating
video_0028,0,140,189,189,50,40,True,2,street,daytime,clear,1,adult,accelerating
video_0028,0,150,199,199,50,50,True,2,street,daytime,clear,1,adult,accelerating
video_0028,0,160,209,209,50,50,True,2,street,daytime,clear,1,adult,accelerating
video_0028,0,170,219,219,50,40,True,2,street,daytime,clear,1,adult,accelerating
video_0028,0,180,229,229,50,30,True,2,street,daytime,clear,1,adult,accelerating
video_0028,0,190,239,239,50,20,False,2,street,daytime,clear,1,adult,accelerating
video_0028,0,200,249,239,40,10,False,2,street,daytime,clear,1,adult,accelerating
video_0028,0,210,259,239,30,0,False,1,street,daytime,clear,1,adult,accelerating
video_0028,0,220,269,239,20,0,False,1,street,daytime,clear,1,adult,accelerating
video_0028,0,230,279,239,10,0,False,1,street,daytime,clear,1,adult,accelerating
video_0028,1,0,49,49,50,20,False,2,street,daytime,clear,1,adult,stopped
video_0028,1,10,59,59,50,30,True,2,street,daytime,clear,1,adult,stopped
video_0028,1,20,69,69,50,40,True,2,street,daytime,clear,1,adult,stopped
video_0028,1,30,79,79,50,50,True,1,street,daytime,clear,1,adult,stopped
video_0028,1,40,89,89,50,50,True,1,street,daytime,clear,1,adult,stopped
video_0028,1,50,99,99,50,50,True,2,street,daytime,clear,1,adult,stopped
video_0028,1,60,109,109,50,50,True,2,street,daytime,clear,1,adult,stopped
video_0028,1,70,119,119,50,50,True,2,street,daytime,clear,1,adult,stopped
video_0028,1,80,129,129,50,50,True,2,street,daytime,clear,1,adult,stopped
video_0028,1,90,139,139,50,50,True,2,street,daytime,clear,1,adult,stopped
video_0028,1,100,149,149,50,50,True,2,street,daytime,clear,1,adult,stopped
video_0028,1,110,159,159,50,50,True,2,street,daytime,clear,1,adult,stopped
video_0028,1,120,169,169,50,50,True,2,street,daytime,clear,1,adult,stopped
video_0028,1,130,179,179,50,50,True,2,street,daytime,clear,1,adult,accelerating
video_0028,1,140,189,189,50,50,True,2,street,daytime,clear,1,adult,accelerating
video_0028,1,150,199,199,50,50,True,2,street,daytime,clear,1,adult,accelerating
video_0028,1,160,209,209,50,50,True,2,street,daytime,clear,1,adult,accelerating
video_0028,1,170,219,219,50,50,True,2,street,daytime,clear,1,adult,accelerating
video_0028,1,180,229,229,50,50,True,2,street,daytime,clear,1,adult,accelerating
video_0028,1,190,239,239,50,50,True,2,street,daytime,clear,1,adult,accelerating
video_0028,1,200,249,239,40,40,True,2,street,daytime,clear,1,adult,accelerating
video_0028,1,210,259,239,30,30,True,1,street,daytime,clear,1,adult,accelerating
video_0028,1,220,269,239,20,20,False,1,street,daytime,clear,1,adult,accelerating
video_0028,1,230,279,239,10,10,False,1,street,daytime,clear,1,adult,accelerating
video_0029,0,540,589,569,30,30,True,1,street,afternoon,clear,,,accelerating
video_0029,0,550,599,569,20,20,False,1,street,afternoon,clear,,,accelerating
video_0029,0,560,609,569,10,10,False,1,street,afternoon,clear,,,accelerating
video_0030,0,0,49,49,50,50,True,2,street,daytime,clear,2,senior,accelerating
video_0030,0,10,59,59,50,50,True,2,street,daytime,clear,2,senior,accelerating
video_0030,0,20,69,69,50,50,True,2,street,daytime,clear,2,senior,accelerating
video_0030,0,30,79,79,50,50,True,1,street,daytime,clear,2,senior,accelerating
video_0030,0,40,89,89,50,50,True,1,street,daytime,clear,2,senior,accelerating
video_0030,0,50,99,99,50,50,True,2,street,daytime,clear,2,senior,decelerating
video_0030,0,60,109,109,50,50,True,2,street,daytime,clear,2,senior,decelerating
video_0030,0,70,119,119,50,50,True,2,street,daytime,clear,2,senior,decelerating
video_0030,0,80,129,129,50,50,True,2,street,daytime,clear,2,senior,accelerating
video_0030,0,90,139,139,50,50,True,2,street,daytime,clear,2,senior,accelerating
video_0030,0,100,149,149,50,50,True,2,street,daytime,clear,2,senior,accelerating
video_0030,0,110,159,149,40,40,True,2,street,daytime,clear,2,senior,accelerating
video_0030,0,120,169,149,30,30,True,1,street,daytime,clear,2,senior,accelerating
video_0030,0,130,179,149,20,20,False,1,street,daytime,clear,2,senior,accelerating
video_0030,0,140,189,149,10,10,False,1,street,daytime,clear,2,senior,accelerating
video_0030,1,0,49,29,30,30,True,2,street,daytime,clear,2,senior,accelerating
video_0030,1,10,59,29,20,20,False,2,street,daytime,clear,2,senior,accelerating
video_0030,1,20,69,29,10,10,False,2,street,daytime,clear,2,senior,accelerating
video_0030,1,50,99,99,10,10,False,2,street,daytime,clear,2,senior,decelerating
video_0030,1,60,109,109,20,20,False,2,street,daytime,clear,2,senior,decelerating
video_0030,1,70,119,119,30,30,True,2,street,daytime,clear,2,senior,decelerating
video_0030,1,80,129,119,30,30,True,2,street,daytime,clear,2,senior,decelerating
video_0030,1,90,139,119,30,30,True,2,street,daytime,clear,2,senior,decelerating
video_0030,1,100,149,119,20,20,False,2,street,daytime,clear,2,senior,decelerating
video_0030,1,110,159,119,10,10,False,2,street,daytime,clear,2,senior,decelerating
video_0031,0,0,49,49,50,50,True,2,plaza,daytime,cloudy,2,adult,decelerating
video_0031,0,10,59,59,50,50,True,2,plaza,daytime,cloudy,2,adult,decelerating
video_0031,0,20,69,69,50,50,True,2,plaza,daytime,cloudy,2,adult,decelerating
video_0031,0,30,79,79,50,50,True,2,plaza,daytime,cloudy,2,adult,decelerating
video_0031,0,40,89,89,50,50,True,2,plaza,daytime,cloudy,2,adult,decelerating
video_0031,0,50,99,99,50,50,True,2,plaza,daytime,cloudy,2,adult,decelerating
video_0031,0,60,109,109,50,50,True,2,plaza,daytime,cloudy,2,adult,decelerating
video_0031,0,70,119,119,50,50,True,2,plaza,daytime,cloudy,2,adult,decelerating
video_0031,0,80,129,129,50,50,True,2,plaza,daytime,cloudy,2,adult,decelerating
video_0031,0,90,139,139,50,50,True,2,plaza,daytime,cloudy,2,adult,stopped
video_0031,0,100,149,149,50,50,True,2,plaza,daytime,cloudy,2,adult,stopped
video_0031,0,110,159,159,50,50,True,2,plaza,daytime,cloudy,2,adult,stopped
video_0031,0,120,169,169,50,50,True,2,plaza,daytime,cloudy,2,adult,stopped
video_0031,0,130,179,179,50,50,True,2,plaza,daytime,cloudy,2,adult,stopped
video_0031,0,140,189,189,50,50,True,2,plaza,daytime,cloudy,2,adult,stopped
video_0031,0,150,199,199,50,50,True,2,plaza,daytime,cloudy,2,adult,stopped
video_0031,0,160,209,209,50,50,True,2,plaza,daytime,cloudy,2,adult,stopped
video_0031,0,170,219,219,50,40,True,2,plaza,daytime,cloudy,2,adult,accelerating
video_0031,0,180,229,229,50,30,True,2,plaza,daytime,cloudy,2,adult,accelerating
video_0031,0,190,239,239,50,20,False,2,plaza,daytime,cloudy,2,adult,accelerating
video_0031,0,200,249,249,50,10,False,2,plaza,daytime,cloudy,2,adult,decelerating
video_0031,0,210,259,259,50,0,False,1,plaza,daytime,cloudy,2,adult,decelerating
video_0031,0,220,269,269,50,0,False,1,plaza,daytime,cloudy,2,adult,decelerating
video_0031,0,230,279,279,50,10,False,2,plaza,daytime,cloudy,2,adult,decelerating
video_0031,0,240,289,289,50,20,False,2,plaza,daytime,cloudy,2,adult,decelerating
video_0031,0,250,299,299,50,30,True,2,plaza,daytime,cloudy,2,adult,decelerating
video_0031,0,260,309,299,40,30,True,2,plaza,daytime,cloudy,2,adult,decelerating
video_0031,0,270,319,299,30,30,True,1,plaza,daytime,cloudy,2,adult,decelerating
video_0031,0,280,329,299,20,20,False,1,plaza,daytime,cloudy,2,adult,decelerating
video_0031,0,290,339,299,10,10,False,1,plaza,daytime,cloudy,2,adult,decelerating
video_0031,1,0,49,49,50,50,True,2,plaza,daytime,cloudy,2,adult,decelerating
video_0031,1,10,59,59,50,50,True,2,plaza,daytime,cloudy,2,adult,decelerating
video_0031,1,20,69,69,50,50,True,2,plaza,daytime,cloudy,2,adult,decelerating
video_0031,1,30,79,79,50,50,True,2,plaza,daytime,cloudy,2,adult,decelerating
video_0031,1,40,89,89,50,50,True,2,plaza,daytime,cloudy,2,adult,decelerating
video_0031,1,50,99,89,40,40,True,2,plaza,daytime,cloudy,2,adult,decelerating
video_0031,1,60,109,89,30,30,True,2,plaza,daytime,cloudy,2,adult,decelerating
video_0031,1,70,119,89,20,20,False,2,plaza,daytime,cloudy,2,adult,decelerating
video_0031,1,80,129,129,20,20,False,2,plaza,daytime,cloudy,2,adult,decelerating
video_0031,1,90,139,139,20,20,False,2,plaza,daytime,cloudy,2,adult,stopped
video_0031,1,100,149,149,30,30,True,2,plaza,daytime,cloudy,2,adult,stopped
video_0031,1,110,159,159,40,40,True,2,plaza,daytime,cloudy,2,adult,stopped
video_0031,1,120,169,169,50,50,True,2,plaza,daytime,cloudy,2,adult,stopped
video_0031,1,130,179,179,50,50,True,2,plaza,daytime,cloudy,2,adult,stopped
video_0031,1,140,189,189,50,50,True,2,plaza,daytime,cloudy,2,adult,stopped
video_0031,1,150,199,199,50,50,True,2,plaza,daytime,cloudy,2,adult,stopped
video_0031,1,160,209,209,50,50,True,2,plaza,daytime,cloudy,2,adult,stopped
video_0031,1,170,219,219,50,50,True,2,plaza,daytime,cloudy,2,adult,accelerating
video_0031,1,180,229,229,50,50,True,2,plaza,daytime,cloudy,2,adult,accelerating
video_0031,1,190,239,239,50,50,True,2,plaza,daytime,cloudy,2,adult,accelerating
video_0031,1,200,249,249,50,50,True,2,plaza,daytime,cloudy,2,adult,decelerating
video_0031,1,210,259,259,50,50,True,1,plaza,daytime,cloudy,2,adult,decelerating
video_0031,1,220,269,269,50,50,True,1,plaza,daytime,cloudy,2,adult,decelerating
video_0031,1,230,279,279,50,40,True,2,plaza,daytime,cloudy,2,adult,decelerating
video_0031,1,240,289,289,50,30,True,2,plaza,daytime,cloudy,2,adult,decelerating
video_0031,1,250,299,299,50,20,False,2,plaza,daytime,cloudy,2,adult,decelerating
video_0031,1,260,309,299,40,10,False,2,plaza,daytime,cloudy,2,adult,decelerating
video_0031,1,270,319,299,30,0,False,1,plaza,daytime,cloudy,2,adult,decelerating
video_0031,1,280,329,299,20,0,False,1,plaza,daytime,cloudy,2,adult,decelerating
video_0031,1,290,339,299,10,0,False,1,plaza,daytime,cloudy,2,adult,decelerating
video_0032,0,0,49,29,30,30,True,1,plaza,afternoon,cloudy,2,senior,decelerating
video_0032,0,10,59,29,20,20,False,1,plaza,afternoon,cloudy,2,senior,decelerating
video_0032,0,20,69,69,20,20,False,1,plaza,afternoon,cloudy,2,senior,decelerating
video_0032,0,30,79,79,20,20,False,1,plaza,afternoon,cloudy,2,senior,decelerating
video_0032,0,40,89,89,30,30,True,1,plaza,afternoon,cloudy,2,senior,decelerating
video_0032,0,50,99,99,40,40,True,1,plaza,afternoon,cloudy,2,senior,decelerating
video_0032,0,60,109,109,50,50,True,1,plaza,afternoon,cloudy,2,senior,decelerating
video_0032,0,70,119,119,50,50,True,1,plaza,afternoon,cloudy,2,senior,accelerating
video_0032,0,80,129,129,50,40,True,1,plaza,afternoon,cloudy,2,senior,accelerating
video_0032,0,90,139,139,50,30,True,1,plaza,afternoon,cloudy,2,senior,accelerating
video_0032,0,100,149,149,50,20,False,1,plaza,afternoon,cloudy,2,senior,decelerating
video_0032,0,110,159,159,50,10,False,1,plaza,afternoon,cloudy,2,senior,decelerating
video_0032,0,120,169,169,50,0,False,0,plaza,afternoon,cloudy,2,senior,decelerating
video_0032,0,130,179,179,50,0,False,0,plaza,afternoon,cloudy,2,senior,decelerating
video_0032,0,140,189,179,40,0,False,0,plaza,afternoon,cloudy,2,senior,decelerating
video_0032,0,150,199,179,30,0,False,0,plaza,afternoon,cloudy,2,senior,decelerating
video_0032,0,160,209,179,20,0,False,0,plaza,afternoon,cloudy,2,senior,decelerating
video_0032,0,170,219,219,20,10,False,1,plaza,afternoon,cloudy,2,senior,accelerating
video_0032,0,180,229,229,20,20,False,1,plaza,afternoon,cloudy,2,senior,accelerating
video_0032,0,190,239,239,30,30,True,1,plaza,afternoon,cloudy,2,senior,accelerating
video_0032,0,200,249,239,30,30,True,1,plaza,afternoon,cloudy,2,senior,accelerating
video_0032,0,210,259,239,30,30,True,1,plaza,afternoon,cloudy,2,senior,accelerating
video_0032,0,220,269,239,20,20,False,1,plaza,afternoon,cloudy,2,senior,accelerating
video_0032,0,230,279,239,10,10,False,1,plaza,afternoon,cloudy,2,senior,accelerating
video_0034,0,270,319,299,30,30,True,1,street,afternoon,clear,,,stopped
video_0034,0,280,329,299,20,20,False,1,street,afternoon,clear,,,stopped
video_0034,0,290,339,299,10,10,False,1,street,afternoon,clear,,,stopped
video_0035,0,0,49,49,50,0,False,0,street,daytime,cloudy,2,adult,decelerating
video_0035,0,10,59,59,50,0,False,0,street,daytime,cloudy,2,adult,accelerating
video_0035,0,20,69,69,50,0,False,0,street,daytime,cloudy,2,adult,accelerating
video_0035,0,30,79,79,50,0,False,0,street,daytime,cloudy,2,adult,accelerating
video_0035,0,40,89,89,50,0,False,0,street,daytime,cloudy,2,adult,accelerating
video_0035,0,50,99,99,50,0,False,0,street,daytime,cloudy,2,adult,accelerating
video_0035,0,60,109,109,50,0,False,0,street,daytime,cloudy,2,adult,accelerating
video_0035,0,70,119,119,50,0,False,0,street,daytime,cloudy,2,adult,accelerating
video_0035,0,80,129,119,40,0,False,0,street,daytime,cloudy,2,adult,accelerating
video_0035,0,90,139,119,30,0,False,0,street,daytime,cloudy,2,adult,accelerating
video_0035,0,100,149,119,20,0,False,0,street,daytime,cloudy,2,adult,accelerating
video_0035,0,110,159,119,10,0,False,0,street,daytime,cloudy,2,adult,accelerating
video_0037,0,30,79,79,50,50,True,2,street,daytime,clear,3,adult,decelerating
video_0037,0,40,89,89,50,50,True,2,street,daytime,clear,3,adult,decelerating
video_0037,0,50,99,99,50,40,True,2,street,daytime,clear,3,adult,decelerating
video_0037,0,60,109,109,50,30,True,2,street,daytime,clear,3,adult,accelerating
video_0037,0,70,119,119,50,20,False,2,street,daytime,clear,3,adult,accelerating
video_0037,0,80,129,129,50,10,False,2,street,daytime,clear,3,adult,accelerating
video_0037,0,90,139,139,50,0,False,1,street,daytime,clear,3,adult,accelerating
video_0037,0,100,149,149,50,0,False,1,street,daytime,clear,3,adult,decelerating
video_0037,0,110,159,159,50,0,False,1,street,daytime,clear,3,adult,decelerating
video_0037,0,120,169,169,50,0,False,1,street,daytime,clear,3,adult,decelerating
video_0037,0,130,179,179,50,0,False,1,street,daytime,clear,3,adult,accelerating
video_0037,0,140,189,189,50,0,False,1,street,daytime,clear,3,adult,accelerating
video_0037,0,150,199,199,50,0,False,1,street,daytime,clear,3,adult,accelerating
video_0037,0,160,209,209,50,0,False,1,street,daytime,clear,3,adult,accelerating
video_0037,0,170,219,209,40,0,False,1,street,daytime,clear,3,adult,accelerating
video_0037,0,180,229,209,30,0,False,1,street,daytime,clear,3,adult,accelerating
video_0037,0,190,239,209,20,0,False,1,street,daytime,clear,3,adult,accelerating
video_0037,0,200,249,209,10,0,False,1,street,daytime,clear,3,adult,accelerating
video_0037,1,30,79,79,50,30,True,2,street,daytime,clear,3,adult,decelerating
video_0037,1,40,89,89,50,20,False,2,street,daytime,clear,3,adult,decelerating
video_0037,1,50,99,99,50,20,False,2,street,daytime,clear,3,adult,decelerating
video_0037,1,60,109,109,50,20,False,2,street,daytime,clear,3,adult,accelerating
video_0037,1,70,119,119,50,30,True,2,street,daytime,clear,3,adult,accelerating
video_0037,1,80,129,129,50,30,True,2,street,daytime,clear,3,adult,accelerating
video_0037,1,90,139,139,50,30,True,1,street,daytime,clear,3,adult,accelerating
video_0037,1,100,149,149,50,20,False,1,street,daytime,clear,3,adult,decelerating
video_0037,1,110,159,159,50,20,False,1,street,daytime,clear,3,adult,decelerating
video_0037,1,120,169,169,50,20,False,1,street,daytime,clear,3,adult,decelerating
video_0037,1,130,179,179,50,30,True,1,street,daytime,clear,3,adult,accelerating
video_0037,1,140,189,189,50,40,True,1,street,daytime,clear,3,adult,accelerating
video_0037,1,150,199,199,50,50,True,1,street,daytime,clear,3,adult,accelerating
video_0037,1,160,209,209,50,50,True,1,street,daytime,clear,3,adult,accelerating
video_0037,1,170,219,209,40,40,True,1,street,daytime,clear,3,adult,accelerating
video_0037,1,180,229,209,30,30,True,1,street,daytime,clear,3,adult,accelerating
video_0037,1,190,239,209,20,20,False,1,street,daytime,clear,3,adult,accelerating
video_0037,1,200,249,209,10,10,False,1,street,daytime,clear,3,adult,accelerating
video_0038,0,0,49,49,50,50,True,2,street,daytime,clear,4,senior,accelerating
video_0038,0,10,59,59,50,50,True,2,street,daytime,clear,4,senior,decelerating
video_0038,0,20,69,69,50,50,True,2,street,daytime,clear,4,senior,decelerating
video_0038,0,30,79,79,50,50,True,1,street,daytime,clear,4,senior,decelerating
video_0038,0,40,89,89,50,50,True,1,street,daytime,clear,4,senior,decelerating
video_0038,0,50,99,99,50,50,True,2,street,daytime,clear,4,senior,decelerating
video_0038,0,60,109,109,50,50,True,2,street,daytime,clear,4,senior,decelerating
video_0038,0,70,119,119,50,50,True,2,street,daytime,clear,4,senior,decelerating
video_0038,0,80,129,129,50,50,True,2,street,daytime,clear,4,senior,decelerating
video_0038,0,90,139,139,50,50,True,2,street,daytime,clear,4,senior,decelerating
video_0038,0,100,149,149,50,50,True,2,street,daytime,clear,4,senior,decelerating
video_0038,0,110,159,159,50,50,True,2,street,daytime,clear,4,senior,decelerating
video_0038,0,120,169,169,50,50,True,2,street,daytime,clear,4,senior,decelerating
video_0038,0,130,179,179,50,50,True,2,street,daytime,clear,4,senior,decelerating
video_0038,0,140,189,189,50,50,True,2,street,daytime,clear,4,senior,decelerating
video_0038,0,150,199,199,50,50,True,1,street,daytime,clear,4,senior,decelerating
video_0038,0,160,209,209,50,50,True,1,street,daytime,clear,4,senior,decelerating
video_0038,0,170,219,219,50,50,True,1,street,daytime,clear,4,senior,decelerating
video_0038,0,180,229,229,50,50,True,1,street,daytime,clear,4,senior,decelerating
video_0038,0,190,239,239,50,50,True,1,street,daytime,clear,4,senior,accelerating
video_0038,0,200,249,249,50,50,True,1,street,daytime,clear,4,senior,accelerating
video_0038,0,210,259,259,50,50,True,1,street,daytime,clear,4,senior,accelerating
video_0038,0,220,269,269,50,50,True,1,street,daytime,clear,4,senior,accelerating
video_0038,0,230,279,279,50,50,True,2,street,daytime,clear,4,senior,accelerating
video_0038,0,240,289,289,50,50,True,2,street,daytime,clear,4,senior,decelerating
video_0038,0,250,299,299,50,50,True,2,street,daytime,clear,4,senior,decelerating
video_0038,0,260,309,309,50,50,True,2,street,daytime,clear,4,senior,decelerating
video_0038,0,270,319,319,50,50,True,2,street,daytime,clear,4,senior,decelerating
video_0038,0,280,329,329,50,50,True,2,street,daytime,clear,4,senior,decelerating
video_0038,0,290,339,339,50,50,True,2,street,daytime,clear,4,senior,decelerating
video_0038,0,300,349,349,50,50,True,2,street,daytime,clear,4,senior,decelerating
video_0038,0,310,359,359,50,50,True,2,street,daytime,clear,4,senior,decelerating
video_0038,0,320,369,369,50,40,True,2,street,daytime,clear,4,senior,accelerating
video_0038,0,330,379,379,50,30,True,2,street,daytime,clear,4,senior,accelerating
video_0038,0,340,389,389,50,20,False,2,street,daytime,clear,4,senior,accelerating
video_0038,0,350,399,399,50,10,False,2,street,daytime,clear,4,senior,decelerating
video_0038,0,360,409,409,50,0,False,1,street,daytime,clear,4,senior,decelerating
video_0038,0,370,419,419,50,0,False,1,street,daytime,clear,4,senior,decelerating
video_0038,0,380,429,429,50,0,False,1,street,daytime,clear,4,senior,decelerating
video_0038,0,390,439,439,50,0,False,1,street,daytime,clear,4,senior,decelerating
video_0038,0,400,449,449,50,0,False,1,street,daytime,clear,4,senior,decelerating
video_0038,0,410,459,459,50,0,False,1,street,daytime,clear,4,senior,accelerating
video_0038,0,420,469,469,50,0,False,0,street,daytime,clear,4,senior,accelerating
video_0038,0,430,479,479,50,0,False,0,street,daytime,clear,4,senior,accelerating
video_0038,0,440,489,489,50,0,False,0,street,daytime,clear,4,senior,accelerating
video_0038,0,450,499,499,50,0,False,0,street,daytime,clear,4,senior,accelerating
video_0038,0,460,509,509,50,0,False,0,street,daytime,clear,4,senior,accelerating
video_0038,0,470,519,509,40,0,False,0,street,daytime,clear,4,senior,accelerating
video_0038,0,480,529,509,30,0,False,0,street,daytime,clear,4,senior,accelerating
video_0038,0,490,539,509,20,0,False,0,street,daytime,clear,4,senior,accelerating
video_0038,0,500,549,509,10,0,False,0,street,daytime,clear,4,senior,accelerating
video_0038,1,0,49,29,30,30,True,2,street,daytime,clear,4,senior,accelerating
video_0038,1,10,59,29,20,20,False,2,street,daytime,clear,4,senior,accelerating
video_0038,1,20,69,29,10,10,False,2,street,daytime,clear,4,senior,accelerating
video_0038,1,50,99,99,10,10,False,2,street,daytime,clear,4,senior,decelerating
video_0038,1,60,109,109,20,20,False,2,street,daytime,clear,4,senior,decelerating
video_0038,1,70,119,119,30,30,True,2,street,daytime,clear,4,senior,decelerating
video_0038,1,80,129,129,40,40,True,2,street,daytime,clear,4,senior,decelerating
video_0038,1,90,139,139,50,50,True,2,street,daytime,clear,4,senior,decelerating
video_0038,1,100,149,149,50,50,True,2,street,daytime,clear,4,senior,decelerating
video_0038,1,110,159,149,40,40,True,2,street,daytime,clear,4,senior,decelerating
video_0038,1,120,169,149,30,30,True,2,street,daytime,clear,4,senior,decelerating
video_0038,1,130,179,149,20,20,False,2,street,daytime,clear,4,senior,decelerating
video_0038,1,140,189,149,10,10,False,2,street,daytime,clear,4,senior,decelerating
video_0038,1,230,279,279,10,10,False,2,street,daytime,clear,4,senior,accelerating
video_0038,1,240,289,289,20,20,False,2,street,daytime,clear,4,senior,decelerating
video_0038,1,250,299,299,30,30,True,2,street,daytime,clear,4,senior,decelerating
video_0038,1,260,309,309,40,40,True,2,street,daytime,clear,4,senior,decelerating
video_0038,1,270,319,319,50,50,True,2,street,daytime,clear,4,senior,decelerating
video_0038,1,280,329,329,50,50,True,2,street,daytime,clear,4,senior,decelerating
video_0038,1,290,339,339,50,50,True,2,street,daytime,clear,4,senior,decelerating
video_0038,1,300,349,349,50,50,True,2,street,daytime,clear,4,senior,decelerating
video_0038,1,310,359,359,50,50,True,2,street,daytime,clear,4,senior,decelerating
video_0038,1,320,369,369,50,50,True,2,street,daytime,clear,4,senior,accelerating
video_0038,1,330,379,379,50,50,True,2,street,daytime,clear,4,senior,accelerating
video_0038,1,340,389,389,50,50,True,2,street,daytime,clear,4,senior,accelerating
video_0038,1,350,399,399,50,50,True,2,street,daytime,clear,4,senior,decelerating
video_0038,1,360,409,409,50,50,True,1,street,daytime,clear,4,senior,decelerating
video_0038,1,370,419,419,50,50,True,1,street,daytime,clear,4,senior,decelerating
video_0038,1,380,429,419,40,40,True,1,street,daytime,clear,4,senior,decelerating
video_0038,1,390,439,419,30,30,True,1,street,daytime,clear,4,senior,decelerating
video_0038,1,400,449,419,20,20,False,1,street,daytime,clear,4,senior,decelerating
video_0038,1,410,459,419,10,10,False,1,street,daytime,clear,4,senior,decelerating
video_0039,0,0,49,49,50,0,False,2,street,daytime,clear,1,adult,decelerating
video_0039,0,10,59,59,50,0,False,2,street,daytime,clear,1,adult,decelerating
video_0039,0,20,69,69,50,0,False,2,street,daytime,clear,1,adult,decelerating
video_0039,0,30,79,79,50,0,False,2,street,daytime,clear,1,adult,decelerating
video_0039,0,40,89,89,50,0,False,2,street,daytime,clear,1,adult,accelerating
video_0039,0,50,99,99,50,0,False,2,street,daytime,clear,1,adult,accelerating
video_0039,0,60,109,109,50,0,False,2,street,daytime,clear,1,adult,accelerating
video_0039,0,70,119,119,50,0,False,2,street,daytime,clear,1,adult,accelerating
video_0039,0,80,129,129,50,0,False,2,street,daytime,clear,1,adult,decelerating
video_0039,0,90,139,139,50,0,False,2,street,daytime,clear,1,adult,decelerating
video_0039,0,100,149,149,50,0,False,2,street,daytime,clear,1,adult,decelerating
video_0039,0,110,159,159,50,0,False,2,street,daytime,clear,1,adult,decelerating
video_0039,0,120,169,169,50,0,False,2,street,daytime,clear,1,adult,decelerating
video_0039,0,130,179,179,50,0,False,2,street,daytime,clear,1,adult,decelerating
video_0039,0,140,189,189,50,0,False,2,street,daytime,clear,1,adult,decelerating
video_0039,0,150,199,199,50,0,False,2,street,daytime,clear,1,adult,decelerating
video_0039,0,160,209,209,50,0,False,2,street,daytime,clear,1,adult,decelerating
video_0039,0,170,219,219,50,0,False,2,street,daytime,clear,1,adult,decelerating
video_0039,0,180,229,229,50,0,False,2,street,daytime,clear,1,adult,decelerating
video_0039,0,190,239,239,50,0,False,2,street,daytime,clear,1,adult,accelerating
video_0039,0,200,249,249,50,0,False,2,street,daytime,clear,1,adult,accelerating
video_0039,0,210,259,259,50,0,False,2,street,daytime,clear,1,adult,accelerating
video_0039,0,220,269,269,50,0,False,2,street,daytime,clear,1,adult,accelerating
video_0039,0,230,279,279,50,0,False,2,street,daytime,clear,1,adult,accelerating
video_0039,0,240,289,289,50,0,False,2,street,daytime,clear,1,adult,accelerating
video_0039,0,250,299,299,50,0,False,2,street,daytime,clear,1,adult,accelerating
video_0039,0,260,309,309,50,0,False,2,street,daytime,clear,1,adult,accelerating
video_0039,0,270,319,319,50,0,False,2,street,daytime,clear,1,adult,accelerating
video_0039,0,280,329,329,50,0,False,2,street,daytime,clear,1,adult,accelerating
video_0039,0,290,339,339,50,0,False,2,street,daytime,clear,1,adult,accelerating
video_0039,0,300,349,349,50,0,False,2,street,daytime,clear,1,adult,accelerating
video_0039,0,310,359,359,50,0,False,2,street,daytime,clear,1,adult,accelerating
video_0039,0,320,369,359,40,0,False,2,street,daytime,clear,1,adult,accelerating
video_0039,0,330,379,359,30,0,False,1,street,daytime,clear,1,adult,accelerating
video_0039,0,340,389,359,20,0,False,1,street,daytime,clear,1,adult,accelerating
video_0039,0,350,399,359,10,0,False,1,street,daytime,clear,1,adult,accelerating
video_0039,1,0,49,49,50,0,False,2,street,daytime,clear,1,adult,decelerating
video_0039,1,10,59,59,50,0,False,2,street,daytime,clear,1,adult,decelerating
video_0039,1,20,69,69,50,0,False,2,street,daytime,clear,1,adult,decelerating
video_0039,1,30,79,79,50,0,False,2,street,daytime,clear,1,adult,decelerating
video_0039,1,40,89,89,50,0,False,2,street,daytime,clear,1,adult,accelerating
video_0039,1,50,99,99,50,0,False,2,street,daytime,clear,1,adult,accelerating
video_0039,1,60,109,109,50,0,False,2,street,daytime,clear,1,adult,accelerating
video_0039,1,70,119,119,50,0,False,2,street,daytime,clear,1,adult,accelerating
video_0039,1,80,129,129,50,0,False,2,street,daytime,clear,1,adult,decelerating
video_0039,1,90,139,139,50,0,False,2,street,daytime,clear,1,adult,decelerating
video_0039,1,100,149,149,50,0,False,2,street,daytime,clear,1,adult,decelerating
video_0039,1,110,159,159,50,0,False,2,street,daytime,clear,1,adult,decelerating
video_0039,1,120,169,169,50,0,False,2,street,daytime,clear,1,adult,decelerating
video_0039,1,130,179,179,50,0,False,2,street,daytime,clear,1,adult,decelerating
video_0039,1,140,189,189,50,0,False,2,street,daytime,clear,1,adult,decelerating
video_0039,1,150,199,199,50,0,False,2,street,daytime,clear,1,adult,decelerating
video_0039,1,160,209,209,50,0,False,2,street,daytime,clear,1,adult,decelerating
video_0039,1,170,219,219,50,0,False,2,street,daytime,clear,1,adult,decelerating
video_0039,1,180,229,229,50,0,False,2,street,daytime,clear,1,adult,decelerating
video_0039,1,190,239,239,50,0,False,2,street,daytime,clear,1,adult,accelerating
video_0039,1,200,249,249,50,0,False,2,street,daytime,clear,1,adult,accelerating
video_0039,1,210,259,259,50,0,False,2,street,daytime,clear,1,adult,accelerating
video_0039,1,220,269,269,50,0,False,2,street,daytime,clear,1,adult,accelerating
video_0039,1,230,279,279,50,0,False,2,street,daytime,clear,1,adult,accelerating
video_0039,1,240,289,289,50,0,False,2,street,daytime,clear,1,adult,accelerating
video_0039,1,250,299,299,50,0,False,2,street,daytime,clear,1,adult,accelerating
video_0039,1,260,309,309,50,0,False,2,street,daytime,clear,1,adult,accelerating
video_0039,1,270,319,319,50,0,False,2,street,daytime,clear,1,adult,accelerating
video_0039,1,280,329,329,50,0,False,2,street,daytime,clear,1,adult,accelerating
video_0039,1,290,339,339,50,0,False,2,street,daytime,clear,1,adult,accelerating
video_0039,1,300,349,349,50,0,False,2,street,daytime,clear,1,adult,accelerating
video_0039,1,310,359,359,50,0,False,2,street,daytime,clear,1,adult,accelerating
video_0039,1,320,369,359,40,0,False,2,street,daytime,clear,1,adult,accelerating
video_0039,1,330,379,359,30,0,False,1,street,daytime,clear,1,adult,accelerating
video_0039,1,340,389,359,20,0,False,1,street,daytime,clear,1,adult,accelerating
video_0039,1,350,399,359,10,0,False,1,street,daytime,clear,1,adult,accelerating
video_0040,0,0,49,29,30,30,True,1,street,daytime,clear,,,decelerating
video_0040,0,10,59,29,20,20,False,1,street,daytime,clear,,,decelerating
video_0040,0,20,69,29,10,10,False,1,street,daytime,clear,,,decelerating
video_0040,0,170,219,219,10,0,False,0,street,daytime,clear,,,decelerating
video_0040,0,180,229,229,20,0,False,0,street,daytime,clear,,,decelerating
video_0040,0,190,239,239,30,0,False,0,street,daytime,clear,,,decelerating
video_0040,0,200,249,239,30,0,False,0,street,daytime,clear,,,decelerating
video_0040,0,210,259,239,30,0,False,0,street,daytime,clear,,,decelerating
video_0040,0,220,269,239,20,0,False,0,street,daytime,clear,,,decelerating
video_0040,0,230,279,239,10,0,False,0,street,daytime,clear,,,decelerating
video_0041,0,90,139,119,30,17,False,1,street,evening,clear,2,adult,decelerating
video_0041,0,100,149,119,20,16,False,1,street,evening,clear,2,adult,decelerating
video_0041,0,110,159,119,10,9,False,1,street,evening,clear,2,adult,decelerating
video_0041,0,200,249,249,10,10,False,1,street,evening,clear,2,adult,decelerating
video_0041,0,210,259,259,20,20,False,1,street,evening,clear,2,adult,decelerating
video_0041,0,220,269,269,30,30,True,1,street,evening,clear,2,adult,accelerating
video_0041,0,230,279,269,30,30,True,1,street,evening,clear,2,adult,accelerating
video_0041,0,240,289,269,30,30,True,1,street,evening,clear,2,adult,accelerating
video_0041,0,250,299,269,20,20,False,1,street,evening,clear,2,adult,accelerating
video_0041,0,260,309,269,10,10,False,1,street,evening,clear,2,adult,accelerating
video_0042,0,0,49,49,50,50,True,1,plaza,daytime,cloudy,2,adult,decelerating
video_0042,0,10,59,59,50,50,True,1,plaza,daytime,cloudy,2,adult,decelerating
video_0042,0,20,69,69,50,50,True,1,plaza,daytime,cloudy,2,adult,decelerating
video_0042,0,30,79,79,50,50,True,1,plaza,daytime,cloudy,2,adult,decelerating
video_0042,0,40,89,89,50,50,True,1,plaza,daytime,cloudy,2,adult,decelerating
video_0042,0,50,99,99,50,50,True,1,plaza,daytime,cloudy,2,adult,decelerating
video_0042,0,60,109,109,50,50,True,1,plaza,daytime,cloudy,2,adult,decelerating
video_0042,0,70,119,119,50,50,True,1,plaza,daytime,cloudy,2,adult,decelerating
video_0042,0,80,129,129,50,50,True,1,plaza,daytime,cloudy,2,adult,decelerating
video_0042,0,90,139,139,50,50,True,1,plaza,daytime,cloudy,2,adult,decelerating
video_0042,0,100,149,149,50,50,True,1,plaza,daytime,cloudy,2,adult,decelerating
video_0042,0,110,159,159,50,50,True,1,plaza,daytime,cloudy,2,adult,accelerating
video_0042,0,120,169,169,50,50,True,1,plaza,daytime,cloudy,2,adult,accelerating
video_0042,0,130,179,179,50,50,True,1,plaza,daytime,cloudy,2,adult,accelerating
video_0042,0,140,189,189,50,50,True,2,plaza,daytime,cloudy,2,adult,accelerating
video_0042,0,150,199,199,50,50,True,2,plaza,daytime,cloudy,2,adult,accelerating
video_0042,0,160,209,209,50,50,True,2,plaza,daytime,cloudy,2,adult,accelerating
video_0042,0,170,219,219,50,50,True,2,plaza,daytime,cloudy,2,adult,accelerating
video_0042,0,180,229,229,50,50,True,2,plaza,daytime,cloudy,2,adult,accelerating
video_0042,0,190,239,239,50,50,True,2,plaza,daytime,cloudy,2,adult,accelerating
video_0042,0,200,249,239,40,40,True,2,plaza,daytime,cloudy,2,adult,accelerating
video_0042,0,210,259,239,30,30,True,1,plaza,daytime,cloudy,2,adult,accelerating
video_0042,0,220,269,239,20,20,False,1,plaza,daytime,cloudy,2,adult,accelerating
video_0042,0,230,279,239,10,10,False,1,plaza,daytime,cloudy,2,adult,accelerating
video_0042,1,180,229,209,30,30,True,2,plaza,daytime,cloudy,2,adult,accelerating
video_0042,1,190,239,209,20,20,False,2,plaza,daytime,cloudy,2,adult,accelerating
video_0042,1,200,249,209,10,10,False,2,plaza,daytime,cloudy,2,adult,accelerating
video_0044,0,0,49,49,50,50,True,1,street,daytime,cloudy,2,adult,decelerating
video_0044,0,10,59,59,50,50,True,1,street,daytime,cloudy,2,adult,decelerating
video_0044,0,20,69,69,50,50,True,1,street,daytime,cloudy,2,adult,decelerating
video_0044,0,30,79,79,50,50,True,1,street,daytime,cloudy,2,adult,decelerating
video_0044,0,40,89,89,50,50,True,1,street,daytime,cloudy,2,adult,decelerating
video_0044,0,50,99,99,50,50,True,1,street,daytime,cloudy,2,adult,decelerating
video_0044,0,60,109,109,50,50,True,1,street,daytime,cloudy,2,adult,decelerating
video_0044,0,70,119,119,50,50,True,1,street,daytime,cloudy,2,adult,decelerating
video_0044,0,80,129,129,50,50,True,1,street,daytime,cloudy,2,adult,stopped
video_0044,0,90,139,139,50,50,True,1,street,daytime,cloudy,2,adult,stopped
video_0044,0,100,149,149,50,50,True,1,street,daytime,cloudy,2,adult,accelerating
video_0044,0,110,159,159,50,50,True,1,street,daytime,cloudy,2,adult,accelerating
video_0044,0,120,169,169,50,50,True,1,street,daytime,cloudy,2,adult,accelerating
video_0044,0,130,179,179,50,50,True,1,street,daytime,cloudy,2,adult,accelerating
video_0044,0,140,189,189,50,50,True,1,street,daytime,cloudy,2,adult,accelerating
video_0044,0,150,199,199,50,50,True,1,street,daytime,cloudy,2,adult,accelerating
video_0044,0,160,209,209,50,50,True,1,street,daytime,cloudy,2,adult,accelerating
video_0044,0,170,219,209,40,40,True,1,street,daytime,cloudy,2,adult,accelerating
video_0044,0,180,229,209,30,30,True,1,street,daytime,cloudy,2,adult,accelerating
video_0044,0,190,239,209,20,20,False,1,street,daytime,cloudy,2,adult,accelerating
video_0044,0,200,249,209,10,10,False,1,street,daytime,cloudy,2,adult,accelerating
video_0045,0,0,49,49,50,20,False,2,street,daytime,clear,2,young,decelerating
video_0045,0,10,59,59,50,30,True,2,street,daytime,clear,2,young,decelerating
video_0045,0,20,69,69,50,40,True,2,street,daytime,clear,2,young,decelerating
video_0045,0,30,79,79,50,50,True,2,street,daytime,clear,2,young,decelerating
video_0045,0,40,89,89,50,50,True,2,street,daytime,clear,2,young,decelerating
video_0045,0,50,99,99,50,50,True,2,street,daytime,clear,2,young,decelerating
video_0045,0,60,109,109,50,50,True,2,street,daytime,clear,2,young,decelerating
video_0045,0,70,119,119,50,50,True,2,street,daytime,clear,2,young,stopped
video_0045,0,80,129,129,50,50,True,2,street,daytime,clear,2,young,stopped
video_0045,0,90,139,139,50,50,True,2,street,daytime,clear,2,young,stopped
video_0045,0,100,149,149,50,50,True,2,street,daytime,clear,2,young,stopped
video_0045,0,110,159,149,40,40,True,2,street,daytime,clear,2,young,stopped
video_0045,0,120,169,149,30,30,True,1,street,daytime,clear,2,young,stopped
video_0045,0,130,179,149,20,20,False,1,street,daytime,clear,2,young,stopped
video_0045,0,140,189,149,10,10,False,1,street,daytime,clear,2,young,stopped
video_0045,1,0,49,49,50,50,True,2,street,daytime,clear,2,young,decelerating
video_0045,1,10,59,59,50,50,True,2,street,daytime,clear,2,young,decelerating
video_0045,1,20,69,69,50,50,True,2,street,daytime,clear,2,young,decelerating
video_0045,1,30,79,79,50,50,True,2,street,daytime,clear,2,young,decelerating
video_0045,1,40,89,89,50,50,True,2,street,daytime,clear,2,young,decelerating
video_0045,1,50,99,99,50,50,True,2,street,daytime,clear,2,young,decelerating
video_0045,1,60,109,109,50,50,True,2,street,daytime,clear,2,young,decelerating
video_0045,1,70,119,119,50,50,True,2,street,daytime,clear,2,young,stopped
video_0045,1,80,129,119,40,40,True,2,street,daytime,clear,2,young,stopped
video_0045,1,90,139,119,30,30,True,2,street,daytime,clear,2,young,stopped
video_0045,1,100,149,119,20,20,False,2,street,daytime,clear,2,young,stopped
video_0045,1,110,159,119,10,10,False,2,street,daytime,clear,2,young,stopped
video_0046,0,0,49,49,50,0,False,1,street,daytime,clear,2,adult,decelerating
video_0046,0,10,59,59,50,0,False,1,street,daytime,clear,2,adult,decelerating
video_0046,0,20,69,69,50,0,False,1,street,daytime,clear,2,adult,decelerating
video_0046,0,30,79,79,50,0,False,1,street,daytime,clear,2,adult,decelerating
video_0046,0,40,89,89,50,0,False,1,street,daytime,clear,2,adult,decelerating
video_0046,0,50,99,99,50,0,False,1,street,daytime,clear,2,adult,decelerating
video_0046,0,60,109,109,50,0,False,1,street,daytime,clear,2,adult,decelerating
video_0046,0,70,119,119,50,0,False,1,street,daytime,clear,2,adult,decelerating
video_0046,0,80,129,129,50,0,False,1,street,daytime,clear,2,adult,decelerating
video_0046,0,90,139,139,50,0,False,1,street,daytime,clear,2,adult,decelerating
video_0046,0,100,149,149,50,0,False,1,street,daytime,clear,2,adult,accelerating
video_0046,0,110,159,159,50,0,False,1,street,daytime,clear,2,adult,accelerating
video_0046,0,120,169,169,50,0,False,1,street,daytime,clear,2,adult,accelerating
video_0046,0,130,179,179,50,0,False,1,street,daytime,clear,2,adult,accelerating
video_0046,0,140,189,179,40,0,False,1,street,daytime,clear,2,adult,accelerating
video_0046,0,150,199,179,30,0,False,1,street,daytime,clear,2,adult,accelerating
video_0046,0,160,209,179,20,0,False,1,street,daytime,clear,2,adult,accelerating
video_0046,0,170,219,179,10,0,False,1,street,daytime,clear,2,adult,accelerating
video_0047,0,0,49,49,50,30,True,2,plaza,daytime,cloudy,2,adult,decelerating
video_0047,0,10,59,59,50,20,False,2,plaza,daytime,cloudy,2,adult,decelerating
video_0047,0,20,69,69,50,20,False,2,plaza,daytime,cloudy,2,adult,decelerating
video_0047,0,30,79,79,50,20,False,2,plaza,daytime,cloudy,2,adult,accelerating
video_0047,0,40,89,89,50,30,True,2,plaza,daytime,cloudy,2,adult,accelerating
video_0047,0,50,99,99,50,30,True,2,plaza,daytime,cloudy,2,adult,accelerating
video_0047,0,60,109,109,50,30,True,2,plaza,daytime,cloudy,2,adult,accelerating
video_0047,0,70,119,119,50,20,False,2,plaza,daytime,cloudy,2,adult,accelerating
video_0047,0,80,129,119,40,10,False,2,plaza,daytime,cloudy,2,adult,accelerating
video_0047,0,90,139,119,30,0,False,1,plaza,daytime,cloudy,2,adult,accelerating
video_0047,0,100,149,119,20,0,False,1,plaza,daytime,cloudy,2,adult,accelerating
video_0047,0,110,159,119,10,0,False,1,plaza,daytime,cloudy,2,adult,accelerating
video_0047,1,0,49,49,50,50,True,2,plaza,daytime,cloudy,2,adult,decelerating
video_0047,1,10,59,59,50,50,True,2,plaza,daytime,cloudy,2,adult,decelerating
video_0047,1,20,69,69,50,50,True,2,plaza,daytime,cloudy,2,adult,decelerating
video_0047,1,30,79,79,50,50,True,2,plaza,daytime,cloudy,2,adult,accelerating
video_0047,1,40,89,89,50,50,True,2,plaza,daytime,cloudy,2,adult,accelerating
video_0047,1,50,99,99,50,50,True,2,plaza,daytime,cloudy,2,adult,accelerating
video_0047,1,60,109,109,50,50,True,2,plaza,daytime,cloudy,2,adult,accelerating
video_0047,1,70,119,119,50,50,True,2,plaza,daytime,cloudy,2,adult,accelerating
video_0047,1,80,129,119,40,40,True,2,plaza,daytime,cloudy,2,adult,accelerating
video_0047,1,90,139,119,30,30,True,1,plaza,daytime,cloudy,2,adult,accelerating
video_0047,1,100,149,119,20,20,False,1,plaza,daytime,cloudy,2,adult,accelerating
video_0047,1,110,159,119,10,10,False,1,plaza,daytime,cloudy,2,adult,accelerating
video_0048,0,0,49,49,50,30,True,1,plaza,daytime,cloudy,2,adult,stopped
video_0048,0,10,59,59,50,20,False,1,plaza,daytime,cloudy,2,adult,stopped
video_0048,0,20,69,69,50,10,False,1,plaza,daytime,cloudy,2,adult,stopped
video_0048,0,30,79,79,50,0,False,0,plaza,daytime,cloudy,2,adult,stopped
video_0048,0,40,89,89,50,0,False,0,plaza,daytime,cloudy,2,adult,stopped
video_0048,0,50,99,99,50,0,False,0,plaza,daytime,cloudy,2,adult,stopped
video_0048,0,60,109,109,50,0,False,0,plaza,daytime,cloudy,2,adult,stopped
video_0048,0,70,119,119,50,0,False,0,plaza,daytime,cloudy,2,adult,stopped
video_0048,0,80,129,129,50,0,False,0,plaza,daytime,cloudy,2,adult,stopped
video_0048,0,90,139,139,50,0,False,0,plaza,daytime,cloudy,2,adult,stopped
video_0048,0,100,149,149,50,0,False,0,plaza,daytime,cloudy,2,adult,stopped
video_0048,0,110,159,149,40,0,False,0,plaza,daytime,cloudy,2,adult,stopped
video_0048,0,120,169,149,30,0,False,0,plaza,daytime,cloudy,2,adult,stopped
video_0048,0,130,179,149,20,0,False,0,plaza,daytime,cloudy,2,adult,stopped
video_0048,0,140,189,149,10,0,False,0,plaza,daytime,cloudy,2,adult,stopped
video_0049,0,60,109,109,50,20,False,1,plaza,daytime,clear,2,adult,decelerating
video_0049,0,70,119,119,50,30,True,1,plaza,daytime,clear,2,adult,decelerating
video_0049,0,80,129,129,50,40,True,1,plaza,daytime,clear,2,adult,decelerating
video_0049,0,90,139,139,50,50,True,1,plaza,daytime,clear,2,adult,decelerating
video_0049,0,100,149,149,50,50,True,1,plaza,daytime,clear,2,adult,decelerating
video_0049,0,110,159,159,50,50,True,2,plaza,daytime,clear,2,adult,decelerating
video_0049,0,120,169,169,50,50,True,2,plaza,daytime,clear,2,adult,decelerating
video_0049,0,130,179,179,50,50,True,2,plaza,daytime,clear,2,adult,decelerating
video_0049,0,140,189,189,50,50,True,2,plaza,daytime,clear,2,adult,accelerating
video_0049,0,150,199,199,50,50,True,2,plaza,daytime,clear,2,adult,accelerating
video_0049,0,160,209,209,50,50,True,2,plaza,daytime,clear,2,adult,accelerating
video_0049,0,170,219,219,50,50,True,2,plaza,daytime,clear,2,adult,accelerating
video_0049,0,180,229,229,50,50,True,2,plaza,daytime,clear,2,adult,accelerating
video_0049,0,190,239,239,50,50,True,2,plaza,daytime,clear,2,adult,accelerating
video_0049,0,200,249,249,50,50,True,2,plaza,daytime,clear,2,adult,accelerating
video_0049,0,210,259,259,50,50,True,2,plaza,daytime,clear,2,adult,accelerating
video_0049,0,220,269,269,50,50,True,2,plaza,daytime,clear,2,adult,accelerating
video_0049,0,230,279,269,40,40,True,2,plaza,daytime,clear,2,adult,accelerating
video_0049,0,240,289,269,30,30,True,2,plaza,daytime,clear,2,adult,accelerating
video_0049,0,250,299,269,20,20,False,2,plaza,daytime,clear,2,adult,accelerating
video_0049,0,260,309,269,10,10,False,2,plaza,daytime,clear,2,adult,accelerating
video_0049,1,150,199,199,50,50,True,2,plaza,daytime,clear,2,adult,accelerating
video_0049,1,160,209,209,50,50,True,2,plaza,daytime,clear,2,adult,accelerating
video_0049,1,170,219,219,50,50,True,2,plaza,daytime,clear,2,adult,accelerating
video_0049,1,180,229,229,50,50,True,2,plaza,daytime,clear,2,adult,accelerating
video_0049,1,190,239,239,50,50,True,2,plaza,daytime,clear,2,adult,accelerating
video_0049,1,200,249,249,50,50,True,2,plaza,daytime,clear,2,adult,accelerating
video_0049,1,210,259,259,50,50,True,2,plaza,daytime,clear,2,adult,accelerating
video_0049,1,220,269,269,50,50,True,2,plaza,daytime,clear,2,adult,accelerating
video_0049,1,230,279,269,40,40,True,2,plaza,daytime,clear,2,adult,accelerating
video_0049,1,240,289,269,30,30,True,2,plaza,daytime,clear,2,adult,accelerating
video_0049,1,250,299,269,20,20,False,2,plaza,daytime,clear,2,adult,accelerating
video_0049,1,260,309,269,10,10,False,2,plaza,daytime,clear,2,adult,accelerating
video_0050,0,0,49,49,50,50,True,2,plaza,daytime,clear,2,adult,accelerating
video_0050,0,10,59,59,50,50,True,2,plaza,daytime,clear,2,adult,decelerating
video_0050,0,20,69,69,50,50,True,2,plaza,daytime,clear,2,adult,decelerating
video_0050,0,30,79,79,50,50,True,2,plaza,daytime,clear,2,adult,decelerating
video_0050,0,40,89,89,50,50,True,2,plaza,daytime,clear,2,adult,accelerating
video_0050,0,50,99,99,50,50,True,2,plaza,daytime,clear,2,adult,accelerating
video_0050,0,60,109,109,50,50,True,1,plaza,daytime,clear,2,adult,accelerating
video_0050,0,70,119,119,50,50,True,1,plaza,daytime,clear,2,adult,accelerating
video_0050,0,80,129,129,50,50,True,1,plaza,daytime,clear,2,adult,accelerating
video_0050,0,90,139,139,50,50,True,1,plaza,daytime,clear,2,adult,accelerating
video_0050,0,100,149,149,50,50,True,1,plaza,daytime,clear,2,adult,accelerating
video_0050,0,110,159,159,50,40,True,1,plaza,daytime,clear,2,adult,accelerating
video_0050,0,120,169,169,50,30,True,1,plaza,daytime,clear,2,adult,accelerating
video_0050,0,130,179,179,50,20,False,1,plaza,daytime,clear,2,adult,accelerating
video_0050,0,140,189,189,50,20,False,1,plaza,daytime,clear,2,adult,accelerating
video_0050,0,150,199,199,50,20,False,1,plaza,daytime,clear,2,adult,accelerating
video_0050,0,160,209,209,50,30,True,1,plaza,daytime,clear,2,adult,accelerating
video_0050,0,170,219,219,50,40,True,1,plaza,daytime,clear,2,adult,decelerating
video_0050,0,180,229,229,50,50,True,1,plaza,daytime,clear,2,adult,decelerating
video_0050,0,190,239,239,50,50,True,1,plaza,daytime,clear,2,adult,decelerating
video_0050,0,200,249,249,50,40,True,1,plaza,daytime,clear,2,adult,decelerating
video_0050,0,210,259,259,50,30,True,1,plaza,daytime,clear,2,adult,decelerating
video_0050,0,220,269,269,50,20,False,1,plaza,daytime,clear,2,adult,decelerating
video_0050,0,230,279,269,40,10,False,1,plaza,daytime,clear,2,adult,decelerating
video_0050,0,240,289,269,30,0,False,0,plaza,daytime,clear,2,adult,decelerating
video_0050,0,250,299,269,20,0,False,0,plaza,daytime,clear,2,adult,decelerating
video_0050,0,260,309,269,10,0,False,0,plaza,daytime,clear,2,adult,decelerating
video_0050,1,0,49,49,50,50,True,2,plaza,daytime,clear,2,adult,accelerating
video_0050,1,10,59,59,50,50,True,2,plaza,daytime,clear,2,adult,decelerating
video_0050,1,20,69,59,40,40,True,2,plaza,daytime,clear,2,adult,decelerating
video_0050,1,30,79,59,30,30,True,2,plaza,daytime,clear,2,adult,decelerating
video_0050,1,40,89,59,20,20,False,2,plaza,daytime,clear,2,adult,decelerating
video_0050,1,50,99,59,10,10,False,2,plaza,daytime,clear,2,adult,decelerating
video_0052,0,0,49,49,50,50,True,1,plaza,daytime,clear,,,decelerating
video_0052,0,10,59,59,50,50,True,1,plaza,daytime,clear,,,decelerating
video_0052,0,20,69,69,50,40,True,1,plaza,daytime,clear,,,stopped
video_0052,0,30,79,79,50,30,True,1,plaza,daytime,clear,,,stopped
video_0052,0,40,89,89,50,20,False,1,plaza,daytime,clear,,,stopped
video_0052,0,50,99,89,40,10,False,1,plaza,daytime,clear,,,stopped
video_0052,0,60,109,89,30,0,False,0,plaza,daytime,clear,,,stopped
video_0052,0,70,119,89,20,0,False,0,plaza,daytime,clear,,,stopped
video_0052,0,80,129,89,10,0,False,0,plaza,daytime,clear,,,stopped
video_0052,0,230,279,279,10,10,False,1,plaza,daytime,clear,,,accelerating
video_0052,0,240,289,289,20,20,False,1,plaza,daytime,clear,,,accelerating
video_0052,0,250,299,299,30,30,True,1,plaza,daytime,clear,,,accelerating
video_0052,0,260,309,299,30,30,True,1,plaza,daytime,clear,,,accelerating
video_0052,0,270,319,299,30,30,True,1,plaza,daytime,clear,,,accelerating
video_0052,0,280,329,299,20,20,False,1,plaza,daytime,clear,,,accelerating
video_0052,0,290,339,299,10,10,False,1,plaza,daytime,clear,,,accelerating
video_0053,0,0,49,49,50,50,True,2,street,daytime,clear,4,adult,accelerating
video_0053,0,10,59,59,50,50,True,2,street,daytime,clear,4,adult,accelerating
video_0053,0,20,69,69,50,50,True,2,street,daytime,clear,4,adult,accelerating
video_0053,0,30,79,79,50,50,True,2,street,daytime,clear,4,adult,accelerating
video_0053,0,40,89,89,50,50,True,2,street,daytime,clear,4,adult,accelerating
video_0053,0,50,99,99,50,50,True,2,street,daytime,clear,4,adult,accelerating
video_0053,0,60,109,109,50,50,True,2,street,daytime,clear,4,adult,accelerating
video_0053,0,70,119,119,50,50,True,2,street,daytime,clear,4,adult,accelerating
video_0053,0,80,129,129,50,50,True,2,street,daytime,clear,4,adult,accelerating
video_0053,0,90,139,139,50,50,True,2,street,daytime,clear,4,adult,accelerating
video_0053,0,100,149,149,50,50,True,2,street,daytime,clear,4,adult,decelerating
video_0053,0,110,159,159,50,50,True,2,street,daytime,clear,4,adult,decelerating
video_0053,0,120,169,169,50,50,True,2,street,daytime,clear,4,adult,decelerating
video_0053,0,130,179,179,50,50,True,2,street,daytime,clear,4,adult,decelerating
video_0053,0,140,189,189,50,50,True,2,street,daytime,clear,4,adult,accelerating
video_0053,0,150,199,199,50,50,True,2,street,daytime,clear,4,adult,accelerating
video_0053,0,160,209,209,50,50,True,2,street,daytime,clear,4,adult,accelerating
video_0053,0,170,219,219,50,50,True,2,street,daytime,clear,4,adult,accelerating
video_0053,0,180,229,229,50,50,True,2,street,daytime,clear,4,adult,accelerating
video_0053,0,190,239,239,50,50,True,2,street,daytime,clear,4,adult,accelerating
video_0053,0,200,249,239,40,40,True,2,street,daytime,clear,4,adult,accelerating
video_0053,0,210,259,239,30,30,True,2,street,daytime,clear,4,adult,accelerating
video_0053,0,220,269,239,20,20,False,2,street,daytime,clear,4,adult,accelerating
video_0053,0,230,279,239,10,10,False,2,street,daytime,clear,4,adult,accelerating
video_0053,1,0,49,49,50,20,False,2,street,daytime,clear,4,adult,accelerating
video_0053,1,10,59,59,50,30,True,2,street,daytime,clear,4,adult,accelerating
video_0053,1,20,69,69,50,40,True,2,street,daytime,clear,4,adult,accelerating
video_0053,1,30,79,79,50,50,True,2,street,daytime,clear,4,adult,accelerating
video_0053,1,40,89,89,50,50,True,2,street,daytime,clear,4,adult,accelerating
video_0053,1,50,99,99,50,50,True,2,street,daytime,clear,4,adult,accelerating
video_0053,1,60,109,109,50,50,True,2,street,daytime,clear,4,adult,accelerating
video_0053,1,70,119,119,50,50,True,2,street,daytime,clear,4,adult,accelerating
video_0053,1,80,129,119,40,40,True,2,street,daytime,clear,4,adult,accelerating
video_0053,1,90,139,119,30,30,True,2,street,daytime,clear,4,adult,accelerating
video_0053,1,100,149,119,20,20,False,2,street,daytime,clear,4,adult,accelerating
video_0053,1,110,159,159,20,20,False,2,street,daytime,clear,4,adult,decelerating
video_0053,1,120,169,169,20,20,False,2,street,daytime,clear,4,adult,decelerating
video_0053,1,130,179,179,30,30,True,2,street,daytime,clear,4,adult,decelerating
video_0053,1,140,189,189,40,40,True,2,street,daytime,clear,4,adult,accelerating
video_0053,1,150,199,199,50,50,True,2,street,daytime,clear,4,adult,accelerating
video_0053,1,160,209,209,50,50,True,2,street,daytime,clear,4,adult,accelerating
video_0053,1,170,219,219,50,50,True,2,street,daytime,clear,4,adult,accelerating
video_0053,1,180,229,229,50,50,True,2,street,daytime,clear,4,adult,accelerating
video_0053,1,190,239,239,50,50,True,2,street,daytime,clear,4,adult,accelerating
video_0053,1,200,249,239,40,40,True,2,street,daytime,clear,4,adult,accelerating
video_0053,1,210,259,239,30,30,True,2,street,daytime,clear,4,adult,accelerating
video_0053,1,220,269,239,20,20,False,2,street,daytime,clear,4,adult,accelerating
video_0053,1,230,279,239,10,10,False,2,street,daytime,clear,4,adult,accelerating
video_0054,0,0,49,49,50,20,False,2,street,daytime,cloudy,4,adult,decelerating
video_0054,0,10,59,59,50,30,True,2,street,daytime,cloudy,4,adult,decelerating
video_0054,0,20,69,69,50,40,True,2,street,daytime,cloudy,4,adult,decelerating
video_0054,0,30,79,79,50,50,True,2,street,daytime,cloudy,4,adult,decelerating
video_0054,0,40,89,89,50,50,True,2,street,daytime,cloudy,4,adult,decelerating
video_0054,0,50,99,99,50,50,True,2,street,daytime,cloudy,4,adult,decelerating
video_0054,0,60,109,109,50,50,True,2,street,daytime,cloudy,4,adult,decelerating
video_0054,0,70,119,119,50,50,True,2,street,daytime,cloudy,4,adult,decelerating
video_0054,0,80,129,129,50,50,True,2,street,daytime,cloudy,4,adult,decelerating
video_0054,0,90,139,139,50,50,True,1,street,daytime,cloudy,4,adult,decelerating
video_0054,0,100,149,149,50,50,True,1,street,daytime,cloudy,4,adult,decelerating
video_0054,0,110,159,159,50,50,True,2,street,daytime,cloudy,4,adult,decelerating
video_0054,0,120,169,169,50,50,True,2,street,daytime,cloudy,4,adult,decelerating
video_0054,0,130,179,179,50,50,True,2,street,daytime,cloudy,4,adult,decelerating
video_0054,0,140,189,189,50,50,True,2,street,daytime,cloudy,4,adult,decelerating
video_0054,0,150,199,199,50,50,True,2,street,daytime,cloudy,4,adult,stopped
video_0054,0,160,209,209,50,50,True,2,street,daytime,cloudy,4,adult,stopped
video_0054,0,170,219,219,50,50,True,2,street,daytime,cloudy,4,adult,stopped
video_0054,0,180,229,229,50,50,True,1,street,daytime,cloudy,4,adult,stopped
video_0054,0,190,239,239,50,50,True,1,street,daytime,cloudy,4,adult,stopped
video_0054,0,200,249,249,50,50,True,1,street,daytime,cloudy,4,adult,stopped
video_0054,0,210,259,259,50,50,True,1,street,daytime,cloudy,4,adult,stopped
video_0054,0,220,269,269,50,50,True,1,street,daytime,cloudy,4,adult,stopped
video_0054,0,230,279,279,50,40,True,2,street,daytime,cloudy,4,adult,stopped
video_0054,0,240,289,289,50,30,True,2,street,daytime,cloudy,4,adult,stopped
video_0054,0,250,299,299,50,20,False,2,street,daytime,cloudy,4,adult,stopped
video_0054,0,260,309,309,50,10,False,2,street,daytime,cloudy,4,adult,accelerating
video_0054,0,270,319,319,50,0,False,1,street,daytime,cloudy,4,adult,accelerating
video_0054,0,280,329,329,50,0,False,1,street,daytime,cloudy,4,adult,accelerating
video_0054,0,290,339,339,50,10,False,2,street,daytime,cloudy,4,adult,accelerating
video_0054,0,300,349,349,50,20,False,2,street,daytime,cloudy,4,adult,accelerating
video_0054,0,310,359,359,50,30,True,2,street,daytime,cloudy,4,adult,accelerating
video_0054,0,320,369,359,40,30,True,2,street,daytime,cloudy,4,adult,accelerating
video_0054,0,330,379,359,30,30,True,2,street,daytime,cloudy,4,adult,accelerating
video_0054,0,340,389,359,20,20,False,2,street,daytime,cloudy,4,adult,accelerating
video_0054,0,350,399,359,10,10,False,2,street,daytime,cloudy,4,adult,accelerating
video_0054,1,0,49,49,50,20,False,2,street,daytime,cloudy,4,adult,decelerating
video_0054,1,10,59,59,50,30,True,2,street,daytime,cloudy,4,adult,decelerating
video_0054,1,20,69,69,50,40,True,2,street,daytime,cloudy,4,adult,decelerating
video_0054,1,30,79,79,50,50,True,2,street,daytime,cloudy,4,adult,decelerating
video_0054,1,40,89,89,50,50,True,2,street,daytime,cloudy,4,adult,decelerating
video_0054,1,50,99,99,50,40,True,2,street,daytime,cloudy,4,adult,decelerating
video_0054,1,60,109,109,50,30,True,2,street,daytime,cloudy,4,adult,decelerating
video_0054,1,70,119,119,50,20,False,2,street,daytime,cloudy,4,adult,decelerating
video_0054,1,80,129,129,50,10,False,2,street,daytime,cloudy,4,adult,decelerating
video_0054,1,90,139,139,50,0,False,1,street,daytime,cloudy,4,adult,decelerating
video_0054,1,100,149,149,50,0,False,1,street,daytime,cloudy,4,adult,decelerating
video_0054,1,110,159,159,50,10,False,2,street,daytime,cloudy,4,adult,decelerating
video_0054,1,120,169,169,50,20,False,2,street,daytime,cloudy,4,adult,decelerating
video_0054,1,130,179,179,50,30,True,2,street,daytime,cloudy,4,adult,decelerating
video_0054,1,140,189,179,40,30,True,2,street,daytime,cloudy,4,adult,decelerating
video_0054,1,150,199,179,30,30,True,2,street,daytime,cloudy,4,adult,decelerating
video_0054,1,160,209,179,20,20,False,2,street,daytime,cloudy,4,adult,decelerating
video_0054,1,170,219,219,20,10,False,2,street,daytime,cloudy,4,adult,stopped
video_0054,1,180,229,229,20,0,False,1,street,daytime,cloudy,4,adult,stopped
video_0054,1,190,239,239,30,0,False,1,street,daytime,cloudy,4,adult,stopped
video_0054,1,200,249,249,40,0,False,1,street,daytime,cloudy,4,adult,stopped
video_0054,1,210,259,259,50,0,False,1,street,daytime,cloudy,4,adult,stopped
video_0054,1,220,269,269,50,0,False,1,street,daytime,cloudy,4,adult,stopped
video_0054,1,230,279,279,50,10,False,2,street,daytime,cloudy,4,adult,stopped
video_0054,1,240,289,289,50,20,False,2,street,daytime,cloudy,4,adult,stopped
video_0054,1,250,299,299,50,30,True,2,street,daytime,cloudy,4,adult,stopped
video_0054,1,260,309,309,50,30,True,2,street,daytime,cloudy,4,adult,accelerating
video_0054,1,270,319,319,50,30,True,1,street,daytime,cloudy,4,adult,accelerating
video_0054,1,280,329,329,50,20,False,1,street,daytime,cloudy,4,adult,accelerating
video_0054,1,290,339,339,50,20,False,2,street,daytime,cloudy,4,adult,accelerating
video_0054,1,300,349,349,50,20,False,2,street,daytime,cloudy,4,adult,accelerating
video_0054,1,310,359,359,50,30,True,2,street,daytime,cloudy,4,adult,accelerating
video_0054,1,320,369,359,40,30,True,2,street,daytime,cloudy,4,adult,accelerating
video_0054,1,330,379,359,30,30,True,2,street,daytime,cloudy,4,adult,accelerating
video_0054,1,340,389,359,20,20,False,2,street,daytime,cloudy,4,adult,accelerating
video_0054,1,350,399,359,10,10,False,2,street,daytime,cloudy,4,adult,accelerating
video_0055,0,30,79,79,50,30,True,1,plaza,daytime,cloudy,2,adult,accelerating
video_0055,0,40,89,89,50,20,False,1,plaza,daytime,cloudy,2,adult,accelerating
video_0055,0,50,99,99,50,10,False,1,plaza,daytime,cloudy,2,adult,accelerating
video_0055,0,60,109,109,50,0,False,0,plaza,daytime,cloudy,2,adult,accelerating
video_0055,0,70,119,119,50,0,False,0,plaza,daytime,cloudy,2,adult,accelerating
video_0055,0,80,129,129,50,0,False,1,plaza,daytime,cloudy,2,adult,accelerating
video_0055,0,90,139,139,50,0,False,1,plaza,daytime,cloudy,2,adult,accelerating
video_0055,0,100,149,149,50,0,False,1,plaza,daytime,cloudy,2,adult,accelerating
video_0055,0,110,159,159,50,10,False,2,plaza,daytime,cloudy,2,adult,accelerating
video_0055,0,120,169,169,50,20,False,2,plaza,daytime,cloudy,2,adult,accelerating
video_0055,0,130,179,179,50,30,True,2,plaza,daytime,cloudy,2,adult,accelerating
video_0055,0,140,189,179,40,30,True,2,plaza,daytime,cloudy,2,adult,accelerating
video_0055,0,150,199,179,30,30,True,1,plaza,daytime,cloudy,2,adult,accelerating
video_0055,0,160,209,179,20,20,False,1,plaza,daytime,cloudy,2,adult,accelerating
video_0055,0,170,219,179,10,10,False,1,plaza,daytime,cloudy,2,adult,accelerating
video_0055,1,120,169,149,30,30,True,2,plaza,daytime,cloudy,2,adult,accelerating
video_0055,1,130,179,149,20,20,False,2,plaza,daytime,cloudy,2,adult,accelerating
video_0055,1,140,189,149,10,10,False,2,plaza,daytime,cloudy,2,adult,accelerating
video_0056,0,0,49,49,50,50,True,1,street,daytime,rain,2,adult,accelerating
video_0056,0,10,59,59,50,50,True,1,street,daytime,rain,2,adult,accelerating
video_0056,0,20,69,69,50,50,True,1,street,daytime,rain,2,adult,decelerating
video_0056,0,30,79,79,50,50,True,1,street,daytime,rain,2,adult,decelerating
video_0056,0,40,89,89,50,50,True,1,street,daytime,rain,2,adult,decelerating
video_0056,0,50,99,99,50,50,True,1,street,daytime,rain,2,adult,decelerating
video_0056,0,60,109,109,50,50,True,1,street,daytime,rain,2,adult,decelerating
video_0056,0,70,119,119,50,50,True,1,street,daytime,rain,2,adult,decelerating
video_0056,0,80,129,129,50,50,True,1,street,daytime,rain,2,adult,decelerating
video_0056,0,90,139,139,50,50,True,1,street,daytime,rain,2,adult,decelerating
video_0056,0,100,149,149,50,50,True,1,street,daytime,rain,2,adult,accelerating
video_0056,0,110,159,159,50,50,True,1,street,daytime,rain,2,adult,accelerating
video_0056,0,120,169,169,50,50,True,1,street,daytime,rain,2,adult,accelerating
video_0056,0,130,179,179,50,50,True,1,street,daytime,rain,2,adult,accelerating
video_0056,0,140,189,189,50,50,True,1,street,daytime,rain,2,adult,accelerating
video_0056,0,150,199,199,50,50,True,1,street,daytime,rain,2,adult,accelerating
video_0056,0,160,209,209,50,50,True,1,street,daytime,rain,2,adult,accelerating
video_0056,0,170,219,219,50,50,True,1,street,daytime,rain,2,adult,accelerating
video_0056,0,180,229,229,50,50,True,1,street,daytime,rain,2,adult,accelerating
video_0056,0,190,239,239,50,50,True,1,street,daytime,rain,2,adult,decelerating
video_0056,0,200,249,239,40,40,True,1,street,daytime,rain,2,adult,decelerating
video_0056,0,210,259,239,30,30,True,1,street,daytime,rain,2,adult,decelerating
video_0056,0,220,269,239,20,20,False,1,street,daytime,rain,2,adult,decelerating
video_0056,0,230,279,239,10,10,False,1,street,daytime,rain,2,adult,decelerating
video_0057,0,30,79,79,50,50,True,1,street,daytime,clear,2,adult,decelerating
video_0057,0,40,89,89,50,50,True,1,street,daytime,clear,2,adult,decelerating
video_0057,0,50,99,99,50,50,True,1,street,daytime,clear,2,adult,decelerating
video_0057,0,60,109,109,50,50,True,1,street,daytime,clear,2,adult,decelerating
video_0057,0,70,119,119,50,50,True,1,street,daytime,clear,2,adult,decelerating
video_0057,0,80,129,129,50,50,True,1,street,daytime,clear,2,adult,decelerating
video_0057,0,90,139,139,50,50,True,1,street,daytime,clear,2,adult,decelerating
video_0057,0,100,149,149,50,50,True,1,street,daytime,clear,2,adult,decelerating
video_0057,0,110,159,159,50,50,True,1,street,daytime,clear,2,adult,accelerating
video_0057,0,120,169,169,50,50,True,1,street,daytime,clear,2,adult,accelerating
video_0057,0,130,179,179,50,50,True,1,street,daytime,clear,2,adult,accelerating
video_0057,0,140,189,189,50,50,True,1,street,daytime,clear,2,adult,accelerating
video_0057,0,150,199,199,50,50,True,1,street,daytime,clear,2,adult,accelerating
video_0057,0,160,209,209,50,50,True,1,street,daytime,clear,2,adult,accelerating
video_0057,0,170,219,209,40,40,True,1,street,daytime,clear,2,adult,accelerating
video_0057,0,180,229,209,30,30,True,1,street,daytime,clear,2,adult,accelerating
video_0057,0,190,239,209,20,20,False,1,street,daytime,clear,2,adult,accelerating
video_0057,0,200,249,209,10,10,False,1,street,daytime,clear,2,adult,accelerating
video_0059,0,0,49,49,50,30,True,2,plaza,daytime,cloudy,2,"adult,young",accelerating
video_0059,0,10,59,59,50,20,False,2,plaza,daytime,cloudy,2,"adult,young",accelerating
video_0059,0,20,69,69,50,20,False,2,plaza,daytime,cloudy,2,"adult,young",accelerating
video_0059,0,30,79,79,50,20,False,2,plaza,daytime,cloudy,2,"adult,young",accelerating
video_0059,0,40,89,89,50,30,True,2,plaza,daytime,cloudy,2,"adult,young",accelerating
video_0059,0,50,99,99,50,30,True,2,plaza,daytime,cloudy,2,"adult,young",accelerating
video_0059,0,60,109,109,50,30,True,2,plaza,daytime,cloudy,2,"adult,young",accelerating
video_0059,0,70,119,119,50,20,False,2,plaza,daytime,cloudy,2,"adult,young",accelerating
video_0059,0,80,129,119,40,10,False,2,plaza,daytime,cloudy,2,"adult,young",accelerating
video_0059,0,90,139,119,30,0,False,0,plaza,daytime,cloudy,2,"adult,young",accelerating
video_0059,0,100,149,119,20,0,False,0,plaza,daytime,cloudy,2,"adult,young",accelerating
video_0059,0,110,159,119,10,0,False,0,plaza,daytime,cloudy,2,"adult,young",accelerating
video_0059,1,30,79,79,50,50,True,2,plaza,daytime,cloudy,2,"adult,young",accelerating
video_0059,1,40,89,89,50,50,True,2,plaza,daytime,cloudy,2,"adult,young",accelerating
video_0059,1,50,99,89,40,40,True,2,plaza,daytime,cloudy,2,"adult,young",accelerating
video_0059,1,60,109,89,30,30,True,2,plaza,daytime,cloudy,2,"adult,young",accelerating
video_0059,1,70,119,89,20,20,False,2,plaza,daytime,cloudy,2,"adult,young",accelerating
video_0059,1,80,129,89,10,10,False,2,plaza,daytime,cloudy,2,"adult,young",accelerating
video_0060,0,0,49,49,50,50,True,1,street,daytime,cloudy,2,adult,decelerating
video_0060,0,10,59,59,50,50,True,1,street,daytime,cloudy,2,adult,decelerating
video_0060,0,20,69,69,50,50,True,1,street,daytime,cloudy,2,adult,decelerating
video_0060,0,30,79,79,50,50,True,1,street,daytime,cloudy,2,adult,decelerating
video_0060,0,40,89,89,50,50,True,1,street,daytime,cloudy,2,adult,decelerating
video_0060,0,50,99,99,50,50,True,1,street,daytime,cloudy,2,adult,decelerating
video_0060,0,60,109,109,50,50,True,1,street,daytime,cloudy,2,adult,decelerating
video_0060,0,70,119,119,50,50,True,1,street,daytime,cloudy,2,adult,stopped
video_0060,0,80,129,129,50,50,True,1,street,daytime,cloudy,2,adult,stopped
video_0060,0,90,139,139,50,50,True,1,street,daytime,cloudy,2,adult,stopped
video_0060,0,100,149,149,50,50,True,1,street,daytime,cloudy,2,adult,stopped
video_0060,0,110,159,159,50,50,True,1,street,daytime,cloudy,2,adult,stopped
video_0060,0,120,169,169,50,50,True,1,street,daytime,cloudy,2,adult,stopped
video_0060,0,130,179,179,50,50,True,1,street,daytime,cloudy,2,adult,stopped
video_0060,0,140,189,179,40,40,True,1,street,daytime,cloudy,2,adult,stopped
video_0060,0,150,199,179,30,30,True,1,street,daytime,cloudy,2,adult,stopped
video_0060,0,160,209,179,20,20,False,1,street,daytime,cloudy,2,adult,stopped
video_0060,0,170,219,179,10,10,False,1,street,daytime,cloudy,2,adult,stopped
video_0061,0,0,49,49,50,0,False,2,street,daytime,clear,1,adult,decelerating
video_0061,0,10,59,59,50,0,False,2,street,daytime,clear,1,adult,decelerating
video_0061,0,20,69,69,50,0,False,2,street,daytime,clear,1,adult,decelerating
video_0061,0,30,79,79,50,0,False,1,street,daytime,clear,1,adult,decelerating
video_0061,0,40,89,89,50,0,False,1,street,daytime,clear,1,adult,decelerating
video_0061,0,50,99,99,50,10,False,2,street,daytime,clear,1,adult,decelerating
video_0061,0,60,109,109,50,20,False,2,street,daytime,clear,1,adult,decelerating
video_0061,0,70,119,119,50,29,True,2,street,daytime,clear,1,adult,accelerating
video_0061,0,80,129,129,50,29,True,2,street,daytime,clear,1,adult,accelerating
video_0061,0,90,139,139,50,29,True,2,street,daytime,clear,1,adult,decelerating
video_0061,0,100,149,149,50,19,False,2,street,daytime,clear,1,adult,accelerating
video_0061,0,110,159,149,40,9,False,2,street,daytime,clear,1,adult,accelerating
video_0061,0,120,169,149,30,0,False,2,street,daytime,clear,1,adult,accelerating
video_0061,0,130,179,149,20,0,False,2,street,daytime,clear,1,adult,accelerating
video_0061,0,140,189,149,10,0,False,2,street,daytime,clear,1,adult,accelerating
video_0061,1,0,49,29,30,0,False,2,street,daytime,clear,1,adult,decelerating
video_0061,1,10,59,29,20,0,False,2,street,daytime,clear,1,adult,decelerating
video_0061,1,20,69,69,20,0,False,2,street,daytime,clear,1,adult,decelerating
video_0061,1,30,79,79,20,0,False,1,street,daytime,clear,1,adult,decelerating
video_0061,1,40,89,89,30,0,False,1,street,daytime,clear,1,adult,decelerating
video_0061,1,50,99,99,40,10,False,2,street,daytime,clear,1,adult,decelerating
video_0061,1,60,109,109,50,20,False,2,street,daytime,clear,1,adult,decelerating
video_0061,1,70,119,119,50,29,True,2,street,daytime,clear,1,adult,accelerating
video_0061,1,80,129,129,50,29,True,2,street,daytime,clear,1,adult,accelerating
video_0061,1,90,139,139,50,29,True,2,street,daytime,clear,1,adult,decelerating
video_0061,1,100,149,149,50,19,False,2,street,daytime,clear,1,adult,accelerating
video_0061,1,110,159,149,40,9,False,2,street,daytime,clear,1,adult,accelerating
video_0061,1,120,169,149,30,0,False,2,street,daytime,clear,1,adult,accelerating
video_0061,1,130,179,149,20,0,False,2,street,daytime,clear,1,adult,accelerating
video_0061,1,140,189,149,10,0,False,2,street,daytime,clear,1,adult,accelerating
video_0062,0,0,49,49,50,0,False,0,street,daytime,clear,1,adult,decelerating
video_0062,0,10,59,59,50,0,False,0,street,daytime,clear,1,adult,decelerating
video_0062,0,20,69,69,50,2,False,1,street,daytime,clear,1,adult,decelerating
video_0062,0,30,79,79,50,4,False,1,street,daytime,clear,1,adult,decelerating
video_0062,0,40,89,89,50,4,False,1,street,daytime,clear,1,adult,stopped
video_0062,0,50,99,99,50,4,False,1,street,daytime,clear,1,adult,stopped
video_0062,0,60,109,109,50,4,False,1,street,daytime,clear,1,adult,accelerating
video_0062,0,70,119,119,50,2,False,1,street,daytime,clear,1,adult,accelerating
video_0062,0,80,129,129,50,0,False,1,street,daytime,clear,1,adult,decelerating
video_0062,0,90,139,139,50,0,False,1,street,daytime,clear,1,adult,decelerating
video_0062,0,100,149,149,50,0,False,1,street,daytime,clear,1,adult,stopped
video_0062,0,110,159,159,50,0,False,1,street,daytime,clear,1,adult,stopped
video_0062,0,120,169,169,50,0,False,0,street,daytime,clear,1,adult,stopped
video_0062,0,130,179,179,50,0,False,0,street,daytime,clear,1,adult,stopped
video_0062,0,140,189,189,50,6,False,1,street,daytime,clear,1,adult,stopped
video_0062,0,150,199,199,50,16,False,1,street,daytime,clear,1,adult,stopped
video_0062,0,160,209,209,50,26,True,1,street,daytime,clear,1,adult,stopped
video_0062,0,170,219,219,50,36,True,1,street,daytime,clear,1,adult,stopped
video_0062,0,180,229,229,50,46,True,1,street,daytime,clear,1,adult,stopped
video_0062,0,190,239,239,50,50,True,1,street,daytime,clear,1,adult,stopped
video_0062,0,200,249,249,50,50,True,1,street,daytime,clear,1,adult,stopped
video_0062,0,210,259,259,50,49,True,1,street,daytime,clear,1,adult,stopped
video_0062,0,220,269,269,50,49,True,1,street,daytime,clear,1,adult,stopped
video_0062,0,230,279,279,50,48,True,1,street,daytime,clear,1,adult,stopped
video_0062,0,240,289,289,50,46,True,1,street,daytime,clear,1,adult,stopped
video_0062,0,250,299,299,50,44,True,1,street,daytime,clear,1,adult,stopped
video_0062,0,260,309,299,40,35,True,1,street,daytime,clear,1,adult,stopped
video_0062,0,270,319,299,30,25,True,1,street,daytime,clear,1,adult,stopped
video_0062,0,280,329,299,20,16,False,1,street,daytime,clear,1,adult,stopped
video_0062,0,290,339,299,10,8,False,1,street,daytime,clear,1,adult,stopped
video_0062,0,320,369,369,10,6,False,1,street,daytime,clear,1,adult,accelerating
video_0062,0,330,379,379,20,16,False,1,street,daytime,clear,1,adult,accelerating
video_0062,0,340,389,389,30,26,True,1,street,daytime,clear,1,adult,accelerating
video_0062,0,350,399,389,30,26,True,1,street,daytime,clear,1,adult,accelerating
video_0062,0,360,409,389,30,26,True,1,street,daytime,clear,1,adult,accelerating
video_0062,0,370,419,389,20,20,False,1,street,daytime,clear,1,adult,accelerating
video_0062,0,380,429,389,10,10,False,1,street,daytime,clear,1,adult,accelerating
video_0062,1,30,79,79,50,0,False,1,street,daytime,clear,1,adult,decelerating
video_0062,1,40,89,89,50,0,False,1,street,daytime,clear,1,adult,stopped
video_0062,1,50,99,99,50,0,False,1,street,daytime,clear,1,adult,stopped
video_0062,1,60,109,109,50,0,False,1,street,daytime,clear,1,adult,accelerating
video_0062,1,70,119,119,50,0,False,1,street,daytime,clear,1,adult,accelerating
video_0062,1,80,129,119,40,0,False,1,street,daytime,clear,1,adult,accelerating
video_0062,1,90,139,119,30,0,False,1,street,daytime,clear,1,adult,accelerating
video_0062,1,100,149,119,20,0,False,1,street,daytime,clear,1,adult,accelerating
video_0062,1,110,159,119,10,0,False,1,street,daytime,clear,1,adult,accelerating
video_0063,0,0,49,29,30,0,False,0,street,daytime,clear,1,adult,accelerating
video_0063,0,10,59,29,20,0,False,0,street,daytime,clear,1,adult,accelerating
video_0063,0,20,69,69,20,10,False,2,street,daytime,clear,1,adult,decelerating
video_0063,0,30,79,79,20,20,False,2,street,daytime,clear,1,adult,decelerating
video_0063,0,40,89,89,30,30,True,2,street,daytime,clear,1,adult,decelerating
video_0063,0,50,99,99,40,35,True,2,street,daytime,clear,1,adult,decelerating
video_0063,0,60,109,109,50,45,True,2,street,daytime,clear,1,adult,decelerating
video_0063,0,70,119,119,50,45,True,2,street,daytime,clear,1,adult,decelerating
video_0063,0,80,129,129,50,43,True,2,street,daytime,clear,1,adult,decelerating
video_0063,0,90,139,139,50,43,True,2,street,daytime,clear,1,adult,decelerating
video_0063,0,100,149,149,50,48,True,2,street,daytime,clear,1,adult,decelerating
video_0063,0,110,159,159,50,48,True,2,street,daytime,clear,1,adult,decelerating
video_0063,0,120,169,169,50,48,True,2,street,daytime,clear,1,adult,decelerating
video_0063,0,130,179,179,50,50,True,2,street,daytime,clear,1,adult,decelerating
video_0063,0,140,189,179,40,40,True,2,street,daytime,clear,1,adult,decelerating
video_0063,0,150,199,179,30,30,True,2,street,daytime,clear,1,adult,decelerating
video_0063,0,160,209,179,20,20,False,2,street,daytime,clear,1,adult,decelerating
video_0063,0,170,219,179,10,10,False,2,street,daytime,clear,1,adult,decelerating
video_0063,1,0,49,29,30,0,False,0,street,daytime,clear,1,adult,accelerating
video_0063,1,10,59,29,20,0,False,0,street,daytime,clear,1,adult,accelerating
video_0063,1,20,69,69,20,10,False,2,street,daytime,clear,1,adult,decelerating
video_0063,1,30,79,79,20,20,False,2,street,daytime,clear,1,adult,decelerating
video_0063,1,40,89,89,30,30,True,2,street,daytime,clear,1,adult,decelerating
video_0063,1,50,99,89,30,30,True,2,street,daytime,clear,1,adult,decelerating
video_0063,1,60,109,89,30,30,True,2,street,daytime,clear,1,adult,decelerating
video_0063,1,70,119,89,20,20,False,2,street,daytime,clear,1,adult,decelerating
video_0063,1,80,129,129,20,18,False,2,street,daytime,clear,1,adult,decelerating
video_0063,1,90,139,139,20,18,False,2,street,daytime,clear,1,adult,decelerating
video_0063,1,100,149,149,30,28,True,2,street,daytime,clear,1,adult,decelerating
video_0063,1,110,159,159,40,38,True,2,street,daytime,clear,1,adult,decelerating
video_0063,1,120,169,169,50,48,True,2,street,daytime,clear,1,adult,decelerating
video_0063,1,130,179,179,50,50,True,2,street,daytime,clear,1,adult,decelerating
video_0063,1,140,189,179,40,40,True,2,street,daytime,clear,1,adult,decelerating
video_0063,1,150,199,179,30,30,True,2,street,daytime,clear,1,adult,decelerating
video_0063,1,160,209,179,20,20,False,2,street,daytime,clear,1,adult,decelerating
video_0063,1,170,219,179,10,10,False,2,street,daytime,clear,1,adult,decelerating
video_0064,0,0,49,49,50,49,True,2,street,daytime,clear,1,"adult,senior",decelerating
video_0064,0,10,59,59,50,47,True,2,street,daytime,clear,1,"adult,senior",decelerating
video_0064,0,20,69,69,50,47,True,2,street,daytime,clear,1,"adult,senior",decelerating
video_0064,0,30,79,79,50,47,True,2,street,daytime,clear,1,"adult,senior",decelerating
video_0064,0,40,89,89,50,47,True,2,street,daytime,clear,1,"adult,senior",decelerating
video_0064,0,50,99,99,50,47,True,2,street,daytime,clear,1,"adult,senior",decelerating
video_0064,0,60,109,109,50,50,True,2,street,daytime,clear,1,"adult,senior",decelerating
video_0064,0,70,119,119,50,50,True,2,street,daytime,clear,1,"adult,senior",decelerating
video_0064,0,80,129,129,50,50,True,2,street,daytime,clear,1,"adult,senior",decelerating
video_0064,0,90,139,139,50,50,True,2,street,daytime,clear,1,"adult,senior",accelerating
video_0064,0,100,149,149,50,50,True,2,street,daytime,clear,1,"adult,senior",accelerating
video_0064,0,110,159,159,50,50,True,2,street,daytime,clear,1,"adult,senior",decelerating
video_0064,0,120,169,169,50,50,True,2,street,daytime,clear,1,"adult,senior",accelerating
video_0064,0,130,179,179,50,50,True,2,street,daytime,clear,1,"adult,senior",accelerating
video_0064,0,140,189,189,50,50,True,2,street,daytime,clear,1,"adult,senior",accelerating
video_0064,0,150,199,199,50,50,True,2,street,daytime,clear,1,"adult,senior",decelerating
video_0064,0,160,209,209,50,50,True,2,street,daytime,clear,1,"adult,senior",decelerating
video_0064,0,170,219,219,50,50,True,2,street,daytime,clear,1,"adult,senior",decelerating
video_0064,0,180,229,229,50,50,True,2,street,daytime,clear,1,"adult,senior",decelerating
video_0064,0,190,239,239,50,50,True,2,street,daytime,clear,1,"adult,senior",accelerating
video_0064,0,200,249,249,50,40,True,2,street,daytime,clear,1,"adult,senior",accelerating
video_0064,0,210,259,259,50,30,True,2,street,daytime,clear,1,"adult,senior",accelerating
video_0064,0,220,269,269,50,20,False,2,street,daytime,clear,1,"adult,senior",accelerating
video_0064,0,230,279,279,50,20,False,2,street,daytime,clear,1,"adult,senior",accelerating
video_0064,0,240,289,289,50,20,False,2,street,daytime,clear,1,"adult,senior",accelerating
video_0064,0,250,299,299,50,30,True,2,street,daytime,clear,1,"adult,senior",accelerating
video_0064,0,260,309,299,40,30,True,2,street,daytime,clear,1,"adult,senior",accelerating
video_0064,0,270,319,299,30,30,True,2,street,daytime,clear,1,"adult,senior",accelerating
video_0064,0,280,329,299,20,20,False,2,street,daytime,clear,1,"adult,senior",accelerating
video_0064,0,290,339,299,10,10,False,2,street,daytime,clear,1,"adult,senior",accelerating
video_0064,1,0,49,29,30,29,True,2,street,daytime,clear,1,"adult,senior",accelerating
video_0064,1,10,59,29,20,20,False,2,street,daytime,clear,1,"adult,senior",accelerating
video_0064,1,20,69,69,20,20,False,2,street,daytime,clear,1,"adult,senior",decelerating
video_0064,1,30,79,79,20,20,False,2,street,daytime,clear,1,"adult,senior",decelerating
video_0064,1,40,89,89,30,30,True,2,street,daytime,clear,1,"adult,senior",decelerating
video_0064,1,50,99,99,40,40,True,2,street,daytime,clear,1,"adult,senior",decelerating
video_0064,1,60,109,109,50,50,True,2,street,daytime,clear,1,"adult,senior",decelerating
video_0064,1,70,119,119,50,50,True,2,street,daytime,clear,1,"adult,senior",decelerating
video_0064,1,80,129,129,50,50,True,2,street,daytime,clear,1,"adult,senior",decelerating
video_0064,1,90,139,139,50,50,True,2,street,daytime,clear,1,"adult,senior",accelerating
video_0064,1,100,149,149,50,50,True,2,street,daytime,clear,1,"adult,senior",accelerating
video_0064,1,110,159,159,50,50,True,2,street,daytime,clear,1,"adult,senior",decelerating
video_0064,1,120,169,169,50,50,True,2,street,daytime,clear,1,"adult,senior",accelerating
video_0064,1,130,179,179,50,50,True,2,street,daytime,clear,1,"adult,senior",accelerating
video_0064,1,140,189,189,50,50,True,2,street,daytime,clear,1,"adult,senior",accelerating
video_0064,1,150,199,199,50,50,True,2,street,daytime,clear,1,"adult,senior",decelerating
video_0064,1,160,209,209,50,50,True,2,street,daytime,clear,1,"adult,senior",decelerating
video_0064,1,170,219,219,50,50,True,2,street,daytime,clear,1,"adult,senior",decelerating
video_0064,1,180,229,229,50,50,True,2,street,daytime,clear,1,"adult,senior",decelerating
video_0064,1,190,239,239,50,50,True,2,street,daytime,clear,1,"adult,senior",accelerating
video_0064,1,200,249,249,50,50,True,2,street,daytime,clear,1,"adult,senior",accelerating
video_0064,1,210,259,259,50,50,True,2,street,daytime,clear,1,"adult,senior",accelerating
video_0064,1,220,269,269,50,50,True,2,street,daytime,clear,1,"adult,senior",accelerating
video_0064,1,230,279,279,50,50,True,2,street,daytime,clear,1,"adult,senior",accelerating
video_0064,1,240,289,289,50,50,True,2,street,daytime,clear,1,"adult,senior",accelerating
video_0064,1,250,299,299,50,50,True,2,street,daytime,clear,1,"adult,senior",accelerating
video_0064,1,260,309,299,40,40,True,2,street,daytime,clear,1,"adult,senior",accelerating
video_0064,1,270,319,299,30,30,True,2,street,daytime,clear,1,"adult,senior",accelerating
video_0064,1,280,329,299,20,20,False,2,street,daytime,clear,1,"adult,senior",accelerating
video_0064,1,290,339,299,10,10,False,2,street,daytime,clear,1,"adult,senior",accelerating
video_0065,0,0,49,49,50,50,True,1,street,daytime,clear,2,"adult,senior",stopped
video_0065,0,10,59,59,50,50,True,1,street,daytime,clear,2,"adult,senior",stopped
video_0065,0,20,69,69,50,50,True,2,street,daytime,clear,2,"adult,senior",stopped
video_0065,0,30,79,79,50,50,True,2,street,daytime,clear,2,"adult,senior",stopped
video_0065,0,40,89,89,50,50,True,2,street,daytime,clear,2,"adult,senior",stopped
video_0065,0,50,99,99,50,50,True,2,street,daytime,clear,2,"adult,senior",stopped
video_0065,0,60,109,109,50,50,True,2,street,daytime,clear,2,"adult,senior",stopped
video_0065,0,70,119,119,50,50,True,2,street,daytime,clear,2,"adult,senior",stopped
video_0065,0,80,129,129,50,50,True,2,street,daytime,clear,2,"adult,senior",stopped
video_0065,0,90,139,139,50,50,True,2,street,daytime,clear,2,"adult,senior",stopped
video_0065,0,100,149,149,50,50,True,2,street,daytime,clear,2,"adult,senior",stopped
video_0065,0,110,159,159,50,40,True,2,street,daytime,clear,2,"adult,senior",accelerating
video_0065,0,120,169,169,50,30,True,2,street,daytime,clear,2,"adult,senior",accelerating
video_0065,0,130,179,179,50,20,False,2,street,daytime,clear,2,"adult,senior",accelerating
video_0065,0,140,189,179,40,10,False,2,street,daytime,clear,2,"adult,senior",accelerating
video_0065,0,150,199,179,30,0,False,1,street,daytime,clear,2,"adult,senior",accelerating
video_0065,0,160,209,179,20,0,False,1,street,daytime,clear,2,"adult,senior",accelerating
video_0065,0,170,219,179,10,0,False,1,street,daytime,clear,2,"adult,senior",accelerating
video_0065,1,0,49,49,50,0,False,1,street,daytime,clear,2,"adult,senior",stopped
video_0065,1,10,59,59,50,0,False,1,street,daytime,clear,2,"adult,senior",stopped
video_0065,1,20,69,69,50,10,False,2,street,daytime,clear,2,"adult,senior",stopped
video_0065,1,30,79,79,50,20,False,2,street,daytime,clear,2,"adult,senior",stopped
video_0065,1,40,89,89,50,30,True,2,street,daytime,clear,2,"adult,senior",stopped
video_0065,1,50,99,99,50,40,True,2,street,daytime,clear,2,"adult,senior",stopped
video_0065,1,60,109,109,50,50,True,2,street,daytime,clear,2,"adult,senior",stopped
video_0065,1,70,119,119,50,50,True,2,street,daytime,clear,2,"adult,senior",stopped
video_0065,1,80,129,129,50,50,True,2,street,daytime,clear,2,"adult,senior",stopped
video_0065,1,90,139,139,50,50,True,2,street,daytime,clear,2,"adult,senior",stopped
video_0065,1,100,149,149,50,50,True,2,street,daytime,clear,2,"adult,senior",stopped
video_0065,1,110,159,159,50,50,True,2,street,daytime,clear,2,"adult,senior",accelerating
video_0065,1,120,169,169,50,50,True,2,street,daytime,clear,2,"adult,senior",accelerating
video_0065,1,130,179,179,50,50,True,2,street,daytime,clear,2,"adult,senior",accelerating
video_0065,1,140,189,179,40,40,True,2,street,daytime,clear,2,"adult,senior",accelerating
video_0065,1,150,199,179,30,30,True,1,street,daytime,clear,2,"adult,senior",accelerating
video_0065,1,160,209,179,20,20,False,1,street,daytime,clear,2,"adult,senior",accelerating
video_0065,1,170,219,179,10,10,False,1,street,daytime,clear,2,"adult,senior",accelerating
video_0066,0,0,49,49,50,0,False,2,street,daytime,clear,1,adult,accelerating
video_0066,0,10,59,59,50,0,False,2,street,daytime,clear,1,adult,decelerating
video_0066,0,20,69,69,50,0,False,2,street,daytime,clear,1,adult,decelerating
video_0066,0,30,79,79,50,0,False,1,street,daytime,clear,1,adult,decelerating
video_0066,0,40,89,89,50,0,False,1,street,daytime,clear,1,adult,decelerating
video_0066,0,50,99,99,50,0,False,1,street,daytime,clear,1,adult,accelerating
video_0066,0,60,109,109,50,0,False,1,street,daytime,clear,1,adult,decelerating
video_0066,0,70,119,119,50,0,False,1,street,daytime,clear,1,adult,decelerating
video_0066,0,80,129,129,50,0,False,1,street,daytime,clear,1,adult,decelerating
video_0066,0,90,139,139,50,0,False,1,street,daytime,clear,1,adult,decelerating
video_0066,0,100,149,149,50,0,False,1,street,daytime,clear,1,adult,stopped
video_0066,0,110,159,159,50,0,False,1,street,daytime,clear,1,adult,stopped
video_0066,0,120,169,169,50,0,False,1,street,daytime,clear,1,adult,stopped
video_0066,0,130,179,179,50,0,False,1,street,daytime,clear,1,adult,stopped
video_0066,0,140,189,189,50,0,False,2,street,daytime,clear,1,adult,accelerating
video_0066,0,150,199,199,50,0,False,2,street,daytime,clear,1,adult,accelerating
video_0066,0,160,209,209,50,0,False,2,street,daytime,clear,1,adult,accelerating
video_0066,0,170,219,219,50,0,False,2,street,daytime,clear,1,adult,accelerating
video_0066,0,180,229,229,50,0,False,2,street,daytime,clear,1,adult,accelerating
video_0066,0,190,239,239,50,0,False,2,street,daytime,clear,1,adult,accelerating
video_0066,0,200,249,249,50,0,False,2,street,daytime,clear,1,adult,accelerating
video_0066,0,210,259,259,50,0,False,1,street,daytime,clear,1,adult,accelerating
video_0066,0,220,269,269,50,0,False,1,street,daytime,clear,1,adult,accelerating
video_0066,0,230,279,279,50,0,False,1,street,daytime,clear,1,adult,decelerating
video_0066,0,240,289,289,50,0,False,0,street,daytime,clear,1,adult,decelerating
video_0066,0,250,299,299,50,0,False,0,street,daytime,clear,1,adult,decelerating
video_0066,0,260,309,309,50,0,False,1,street,daytime,clear,1,adult,decelerating
video_0066,0,270,319,319,50,0,False,1,street,daytime,clear,1,adult,decelerating
video_0066,0,280,329,329,50,0,False,1,street,daytime,clear,1,adult,accelerating
video_0066,0,290,339,329,40,0,False,1,street,daytime,clear,1,adult,accelerating
video_0066,0,300,349,329,30,0,False,1,street,daytime,clear,1,adult,accelerating
video_0066,0,310,359,329,20,0,False,1,street,daytime,clear,1,adult,accelerating
video_0066,0,320,369,329,10,0,False,1,street,daytime,clear,1,adult,accelerating
video_0066,1,0,49,29,30,0,False,2,street,daytime,clear,1,adult,decelerating
video_0066,1,10,59,29,20,0,False,2,street,daytime,clear,1,adult,decelerating
video_0066,1,20,69,29,10,0,False,2,street,daytime,clear,1,adult,decelerating
video_0066,1,140,189,189,10,0,False,2,street,daytime,clear,1,adult,accelerating
video_0066,1,150,199,199,20,0,False,2,street,daytime,clear,1,adult,accelerating
video_0066,1,160,209,209,30,0,False,2,street,daytime,clear,1,adult,accelerating
video_0066,1,170,219,209,30,0,False,2,street,daytime,clear,1,adult,accelerating
video_0066,1,180,229,209,30,0,False,2,street,daytime,clear,1,adult,accelerating
video_0066,1,190,239,209,20,0,False,2,street,daytime,clear,1,adult,accelerating
video_0066,1,200,249,209,10,0,False,2,street,daytime,clear,1,adult,accelerating
video_0067,0,0,49,49,50,34,True,2,street,daytime,cloudy,2,"adult,senior,young",decelerating
video_0067,0,10,59,59,50,38,True,2,street,daytime,cloudy,2,"adult,senior,young",decelerating
video_0067,0,20,69,69,50,45,True,2,street,daytime,cloudy,2,"adult,senior,young",decelerating
video_0067,0,30,79,79,50,43,True,2,street,daytime,cloudy,2,"adult,senior,young",decelerating
video_0067,0,40,89,89,50,39,True,2,street,daytime,cloudy,2,"adult,senior,young",accelerating
video_0067,0,50,99,99,50,39,True,2,street,daytime,cloudy,2,"adult,senior,young",decelerating
video_0067,0,60,109,109,50,39,True,2,street,daytime,cloudy,2,"adult,senior,young",decelerating
video_0067,0,70,119,119,50,37,True,2,street,daytime,cloudy,2,"adult,senior,young",decelerating
video_0067,0,80,129,129,50,35,True,2,street,daytime,cloudy,2,"adult,senior,young",decelerating
video_0067,0,90,139,139,50,35,True,2,street,daytime,cloudy,2,"adult,senior,young",stopped
video_0067,0,100,149,149,50,32,True,2,street,daytime,cloudy,2,"adult,senior,young",stopped
video_0067,0,110,159,159,50,31,True,2,street,daytime,cloudy,2,"adult,senior,young",stopped
video_0067,0,120,169,169,50,30,True,2,street,daytime,cloudy,2,"adult,senior,young",stopped
video_0067,0,130,179,179,50,35,True,2,street,daytime,cloudy,2,"adult,senior,young",stopped
video_0067,0,140,189,189,50,36,True,2,street,daytime,cloudy,2,"adult,senior,young",stopped
video_0067,0,150,199,199,50,35,True,2,street,daytime,cloudy,2,"adult,senior,young",stopped
video_0067,0,160,209,209,50,30,True,2,street,daytime,cloudy,2,"adult,senior,young",stopped
video_0067,0,170,219,219,50,23,False,2,street,daytime,cloudy,2,"adult,senior,young",stopped
video_0067,0,180,229,229,50,16,False,2,street,daytime,cloudy,2,"adult,senior,young",stopped
video_0067,0,190,239,239,50,9,False,2,street,daytime,cloudy,2,"adult,senior,young",stopped
video_0067,0,200,249,239,40,4,False,2,street,daytime,cloudy,2,"adult,senior,young",stopped
video_0067,0,210,259,239,30,0,False,1,street,daytime,cloudy,2,"adult,senior,young",stopped
video_0067,0,220,269,239,20,0,False,1,street,daytime,cloudy,2,"adult,senior,young",stopped
video_0067,0,230,279,239,10,0,False,1,street,daytime,cloudy,2,"adult,senior,young",stopped
video_0067,1,0,49,49,50,34,True,2,street,daytime,cloudy,2,"adult,senior,young",decelerating
video_0067,1,10,59,59,50,38,True,2,street,daytime,cloudy,2,"adult,senior,young",decelerating
video_0067,1,20,69,69,50,45,True,2,street,daytime,cloudy,2,"adult,senior,young",decelerating
video_0067,1,30,79,79,50,43,True,2,street,daytime,cloudy,2,"adult,senior,young",decelerating
video_0067,1,40,89,89,50,39,True,2,street,daytime,cloudy,2,"adult,senior,young",accelerating
video_0067,1,50,99,99,50,39,True,2,street,daytime,cloudy,2,"adult,senior,young",decelerating
video_0067,1,60,109,109,50,39,True,2,street,daytime,cloudy,2,"adult,senior,young",decelerating
video_0067,1,70,119,119,50,37,True,2,street,daytime,cloudy,2,"adult,senior,young",decelerating
video_0067,1,80,129,129,50,35,True,2,street,daytime,cloudy,2,"adult,senior,young",decelerating
video_0067,1,90,139,139,50,35,True,2,street,daytime,cloudy,2,"adult,senior,young",stopped
video_0067,1,100,149,149,50,32,True,2,street,daytime,cloudy,2,"adult,senior,young",stopped
video_0067,1,110,159,159,50,31,True,2,street,daytime,cloudy,2,"adult,senior,young",stopped
video_0067,1,120,169,169,50,30,True,2,street,daytime,cloudy,2,"adult,senior,young",stopped
video_0067,1,130,179,179,50,35,True,2,street,daytime,cloudy,2,"adult,senior,young",stopped
video_0067,1,140,189,189,50,36,True,2,street,daytime,cloudy,2,"adult,senior,young",stopped
video_0067,1,150,199,199,50,35,True,2,street,daytime,cloudy,2,"adult,senior,young",stopped
video_0067,1,160,209,209,50,30,True,2,street,daytime,cloudy,2,"adult,senior,young",stopped
video_0067,1,170,219,219,50,28,True,2,street,daytime,cloudy,2,"adult,senior,young",stopped
video_0067,1,180,229,229,50,21,False,2,street,daytime,cloudy,2,"adult,senior,young",stopped
video_0067,1,190,239,239,50,14,False,2,street,daytime,cloudy,2,"adult,senior,young",stopped
video_0067,1,200,249,239,40,9,False,2,street,daytime,cloudy,2,"adult,senior,young",stopped
video_0067,1,210,259,239,30,5,False,1,street,daytime,cloudy,2,"adult,senior,young",stopped
video_0067,1,220,269,239,20,0,False,1,street,daytime,cloudy,2,"adult,senior,young",stopped
video_0067,1,230,279,239,10,0,False,1,street,daytime,cloudy,2,"adult,senior,young",stopped
video_0068,0,0,49,29,30,23,False,2,street,daytime,clear,4,adult,accelerating
video_0068,0,10,59,29,20,13,False,2,street,daytime,clear,4,adult,accelerating
video_0068,0,20,69,69,20,15,False,2,street,daytime,clear,4,adult,accelerating
video_0068,0,30,79,79,20,20,False,1,street,daytime,clear,4,adult,accelerating
video_0068,0,40,89,89,30,29,True,1,street,daytime,clear,4,adult,decelerating
video_0068,0,50,99,99,40,39,True,2,street,daytime,clear,4,adult,decelerating
video_0068,0,60,109,109,50,48,True,2,street,daytime,clear,4,adult,accelerating
video_0068,0,70,119,119,50,48,True,2,street,daytime,clear,4,adult,accelerating
video_0068,0,80,129,119,40,38,True,2,street,daytime,clear,4,adult,accelerating
video_0068,0,90,139,119,30,29,True,2,street,daytime,clear,4,adult,accelerating
video_0068,0,100,149,119,20,19,False,2,street,daytime,clear,4,adult,accelerating
video_0068,0,110,159,119,10,10,False,2,street,daytime,clear,4,adult,accelerating
video_0068,1,0,49,29,30,23,False,2,street,daytime,clear,4,adult,accelerating
video_0068,1,10,59,29,20,13,False,2,street,daytime,clear,4,adult,accelerating
video_0068,1,20,69,29,10,5,False,2,street,daytime,clear,4,adult,accelerating
video_0068,1,50,99,99,10,10,False,2,street,daytime,clear,4,adult,decelerating
video_0068,1,60,109,109,20,19,False,2,street,daytime,clear,4,adult,accelerating
video_0068,1,70,119,119,30,29,True,2,street,daytime,clear,4,adult,accelerating
video_0068,1,80,129,119,30,29,True,2,street,daytime,clear,4,adult,accelerating
video_0068,1,90,139,119,30,29,True,2,street,daytime,clear,4,adult,accelerating
video_0068,1,100,149,119,20,19,False,2,street,daytime,clear,4,adult,accelerating
video_0068,1,110,159,119,10,10,False,2,street,daytime,clear,4,adult,accelerating
video_0069,0,0,49,49,50,0,False,0,street,daytime,cloudy,4,adult,decelerating
video_0069,0,10,59,59,50,0,False,0,street,daytime,cloudy,4,adult,decelerating
video_0069,0,20,69,69,50,0,False,0,street,daytime,cloudy,4,adult,accelerating
video_0069,0,30,79,79,50,0,False,0,street,daytime,cloudy,4,adult,accelerating
video_0069,0,40,89,89,50,0,False,0,street,daytime,cloudy,4,adult,decelerating
video_0069,0,50,99,99,50,0,False,1,street,daytime,cloudy,4,adult,decelerating
video_0069,0,60,109,109,50,0,False,1,street,daytime,cloudy,4,adult,decelerating
video_0069,0,70,119,119,50,0,False,1,street,daytime,cloudy,4,adult,decelerating
video_0069,0,80,129,119,40,0,False,1,street,daytime,cloudy,4,adult,decelerating
video_0069,0,90,139,119,30,0,False,1,street,daytime,cloudy,4,adult,decelerating
video_0069,0,100,149,119,20,0,False,1,street,daytime,cloudy,4,adult,decelerating
video_0069,0,110,159,119,10,0,False,1,street,daytime,cloudy,4,adult,decelerating
video_0069,1,0,49,49,50,0,False,0,street,daytime,cloudy,4,adult,decelerating
video_0069,1,10,59,59,50,0,False,0,street,daytime,cloudy,4,adult,decelerating
video_0069,1,20,69,69,50,0,False,0,street,daytime,cloudy,4,adult,accelerating
video_0069,1,30,79,79,50,0,False,0,street,daytime,cloudy,4,adult,accelerating
video_0069,1,40,89,89,50,0,False,0,street,daytime,cloudy,4,adult,decelerating
video_0069,1,50,99,89,40,0,False,1,street,daytime,cloudy,4,adult,decelerating
video_0069,1,60,109,89,30,0,False,1,street,daytime,cloudy,4,adult,decelerating
video_0069,1,70,119,89,20,0,False,1,street,daytime,cloudy,4,adult,decelerating
video_0069,1,80,129,89,10,0,False,1,street,daytime,cloudy,4,adult,decelerating
video_0070,0,0,49,49,50,0,False,1,street,daytime,cloudy,2,adult,accelerating
video_0070,0,10,59,59,50,0,False,1,street,daytime,cloudy,2,adult,accelerating
video_0070,0,20,69,69,50,0,False,2,street,daytime,cloudy,2,adult,accelerating
video_0070,0,30,79,79,50,0,False,2,street,daytime,cloudy,2,adult,decelerating
video_0070,0,40,89,89,50,0,False,2,street,daytime,cloudy,2,adult,decelerating
video_0070,0,50,99,99,50,0,False,2,street,daytime,cloudy,2,adult,accelerating
video_0070,0,60,109,109,50,0,False,2,street,daytime,cloudy,2,adult,decelerating
video_0070,0,70,119,119,50,0,False,2,street,daytime,cloudy,2,adult,decelerating
video_0070,0,80,129,129,50,0,False,2,street,daytime,cloudy,2,adult,decelerating
video_0070,0,90,139,139,50,0,False,1,street,daytime,cloudy,2,adult,decelerating
video_0070,0,100,149,149,50,0,False,1,street,daytime,cloudy,2,adult,accelerating
video_0070,0,110,159,149,40,0,False,1,street,daytime,cloudy,2,adult,accelerating
video_0070,0,120,169,149,30,0,False,1,street,daytime,cloudy,2,adult,accelerating
video_0070,0,130,179,149,20,0,False,1,street,daytime,cloudy,2,adult,accelerating
video_0070,0,140,189,149,10,0,False,1,street,daytime,cloudy,2,adult,accelerating
video_0070,1,60,109,89,30,0,False,2,street,daytime,cloudy,2,adult,decelerating
video_0070,1,70,119,89,20,0,False,2,street,daytime,cloudy,2,adult,decelerating
video_0070,1,80,129,89,10,0,False,2,street,daytime,cloudy,2,adult,decelerating
video_0071,0,60,109,109,50,21,False,2,street,daytime,clear,2,adult,decelerating
video_0071,0,70,119,119,50,11,False,2,street,daytime,clear,2,adult,decelerating
video_0071,0,80,129,119,40,10,False,2,street,daytime,clear,2,adult,decelerating
video_0071,0,90,139,119,30,4,False,1,street,daytime,clear,2,adult,decelerating
video_0071,0,100,149,119,20,0,False,1,street,daytime,clear,2,adult,decelerating
video_0071,0,110,159,159,20,0,False,1,street,daytime,clear,2,adult,stopped
video_0071,0,120,169,169,20,0,False,1,street,daytime,clear,2,adult,stopped
video_0071,0,130,179,179,30,0,False,1,street,daytime,clear,2,adult,stopped
video_0071,0,140,189,189,40,0,False,1,street,daytime,clear,2,adult,stopped
video_0071,0,150,199,199,50,0,False,1,street,daytime,clear,2,adult,stopped
video_0071,0,160,209,209,50,0,False,1,street,daytime,clear,2,adult,stopped
video_0071,0,170,219,219,50,0,False,2,street,daytime,clear,2,adult,accelerating
video_0071,0,180,229,229,50,0,False,2,street,daytime,clear,2,adult,accelerating
video_0071,0,190,239,239,50,0,False,2,street,daytime,clear,2,adult,accelerating
video_0071,0,200,249,249,50,0,False,2,street,daytime,clear,2,adult,decelerating
video_0071,0,210,259,259,50,0,False,2,street,daytime,clear,2,adult,decelerating
video_0071,0,220,269,269,50,0,False,2,street,daytime,clear,2,adult,decelerating
video_0071,0,230,279,279,50,0,False,2,street,daytime,clear,2,adult,decelerating
video_0071,0,240,289,289,50,0,False,1,street,daytime,clear,2,adult,decelerating
video_0071,0,250,299,299,50,0,False,1,street,daytime,clear,2,adult,decelerating
video_0071,0,260,309,299,40,0,False,1,street,daytime,clear,2,adult,decelerating
video_0071,0,270,319,299,30,0,False,0,street,daytime,clear,2,adult,decelerating
video_0071,0,280,329,299,20,0,False,0,street,daytime,clear,2,adult,decelerating
video_0071,0,290,339,299,10,0,False,0,street,daytime,clear,2,adult,decelerating
video_0071,1,60,109,89,30,17,False,2,street,daytime,clear,2,adult,accelerating
video_0071,1,70,119,89,20,7,False,2,street,daytime,clear,2,adult,accelerating
video_0071,1,80,129,89,10,6,False,2,street,daytime,clear,2,adult,accelerating
video_0071,1,140,189,189,10,0,False,1,street,daytime,clear,2,adult,stopped
video_0071,1,150,199,199,20,0,False,1,street,daytime,clear,2,adult,stopped
video_0071,1,160,209,209,30,0,False,1,street,daytime,clear,2,adult,stopped
video_0071,1,170,219,219,40,0,False,2,street,daytime,clear,2,adult,accelerating
video_0071,1,180,229,229,50,0,False,2,street,daytime,clear,2,adult,accelerating
video_0071,1,190,239,239,50,0,False,2,street,daytime,clear,2,adult,accelerating
video_0071,1,200,249,239,40,0,False,2,street,daytime,clear,2,adult,accelerating
video_0071,1,210,259,239,30,0,False,2,street,daytime,clear,2,adult,accelerating
video_0071,1,220,269,239,20,0,False,2,street,daytime,clear,2,adult,accelerating
video_0071,1,230,279,239,10,0,False,2,street,daytime,clear,2,adult,accelerating
video_0072,0,0,49,29,30,0,False,1,street,daytime,clear,4,adult,decelerating
video_0072,0,10,59,29,20,0,False,1,street,daytime,clear,4,adult,decelerating
video_0072,0,20,69,69,20,0,False,1,street,daytime,clear,4,adult,decelerating
video_0072,0,30,79,79,20,0,False,0,street,daytime,clear,4,adult,decelerating
video_0072,0,40,89,89,30,0,False,0,street,daytime,clear,4,adult,accelerating
video_0072,0,50,99,99,40,0,False,1,street,daytime,clear,4,adult,decelerating
video_0072,0,60,109,109,50,0,False,1,street,daytime,clear,4,adult,accelerating
video_0072,0,70,119,119,50,0,False,1,street,daytime,clear,4,adult,accelerating
video_0072,0,80,129,129,50,0,False,2,street,daytime,clear,4,adult,decelerating
video_0072,0,90,139,139,50,0,False,2,street,daytime,clear,4,adult,decelerating
video_0072,0,100,149,149,50,0,False,2,street,daytime,clear,4,adult,accelerating
video_0072,0,110,159,159,50,0,False,2,street,daytime,clear,4,adult,decelerating
video_0072,0,120,169,169,50,0,False,2,street,daytime,clear,4,adult,decelerating
video_0072,0,130,179,179,50,0,False,2,street,daytime,clear,4,adult,accelerating
video_0072,0,140,189,189,50,0,False,2,street,daytime,clear,4,adult,accelerating
video_0072,0,150,199,199,50,2,False,1,street,daytime,clear,4,adult,accelerating
video_0072,0,160,209,209,50,9,False,1,street,daytime,clear,4,adult,accelerating
video_0072,0,170,219,209,40,9,False,1,street,daytime,clear,4,adult,accelerating
video_0072,0,180,229,209,30,9,False,1,street,daytime,clear,4,adult,accelerating
video_0072,0,190,239,209,20,9,False,1,street,daytime,clear,4,adult,accelerating
video_0072,0,200,249,209,10,7,False,1,street,daytime,clear,4,adult,accelerating
video_0072,1,60,109,89,30,0,False,1,street,daytime,clear,4,adult,accelerating
video_0072,1,70,119,89,20,0,False,1,street,daytime,clear,4,adult,accelerating
video_0072,1,80,129,129,20,0,False,2,street,daytime,clear,4,adult,decelerating
video_0072,1,90,139,139,20,0,False,2,street,daytime,clear,4,adult,decelerating
video_0072,1,100,149,149,30,0,False,2,street,daytime,clear,4,adult,accelerating
video_0072,1,110,159,149,30,0,False,2,street,daytime,clear,4,adult,accelerating
video_0072,1,120,169,149,30,0,False,2,street,daytime,clear,4,adult,accelerating
video_0072,1,130,179,149,20,0,False,2,street,daytime,clear,4,adult,accelerating
video_0072,1,140,189,149,10,0,False,2,street,daytime,clear,4,adult,accelerating
video_0073,0,0,49,49,50,35,True,1,street,daytime,clear,3,adult,decelerating
video_0073,0,10,59,59,50,25,True,1,street,daytime,clear,3,adult,decelerating
video_0073,0,20,69,69,50,15,False,1,street,daytime,clear,3,adult,accelerating
video_0073,0,30,79,79,50,5,False,1,street,daytime,clear,3,adult,accelerating
video_0073,0,40,89,89,50,0,False,1,street,daytime,clear,3,adult,accelerating
video_0073,0,50,99,99,50,0,False,1,street,daytime,clear,3,adult,accelerating
video_0073,0,60,109,109,50,1,False,1,street,daytime,clear,3,adult,accelerating
video_0073,0,70,119,119,50,3,False,1,street,daytime,clear,3,adult,accelerating
video_0073,0,80,129,119,40,3,False,1,street,daytime,clear,3,adult,accelerating
video_0073,0,90,139,119,30,3,False,1,street,daytime,clear,3,adult,accelerating
video_0073,0,100,149,119,20,3,False,1,street,daytime,clear,3,adult,accelerating
video_0073,0,110,159,119,10,2,False,1,street,daytime,clear,3,adult,accelerating
video_0074,0,240,289,269,30,22,False,1,plaza,daytime,clear,,,accelerating
video_0074,0,250,299,269,20,12,False,1,plaza,daytime,clear,,,accelerating
video_0074,0,260,309,269,10,4,False,1,plaza,daytime,clear,,,accelerating
video_0075,0,0,49,49,50,0,False,2,street,daytime,clear,,,decelerating
video_0075,0,10,59,59,50,0,False,2,street,daytime,clear,,,decelerating
video_0075,0,20,69,69,50,0,False,2,street,daytime,clear,,,decelerating
video_0075,0,30,79,79,50,0,False,2,street,daytime,clear,,,decelerating
video_0075,0,40,89,89,50,0,False,2,street,daytime,clear,,,decelerating
video_0075,0,50,99,99,50,0,False,2,street,daytime,clear,,,accelerating
video_0075,0,60,109,109,50,0,False,2,street,daytime,clear,,,accelerating
video_0075,0,70,119,119,50,0,False,2,street,daytime,clear,,,accelerating
video_0075,0,80,129,119,40,0,False,2,street,daytime,clear,,,accelerating
video_0075,0,90,139,119,30,0,False,2,street,daytime,clear,,,accelerating
video_0075,0,100,149,119,20,0,False,2,street,daytime,clear,,,accelerating
video_0075,0,110,159,159,20,3,False,2,street,daytime,clear,,,decelerating
video_0075,0,120,169,169,20,4,False,2,street,daytime,clear,,,accelerating
video_0075,0,130,179,179,30,4,False,2,street,daytime,clear,,,accelerating
video_0075,0,140,189,179,30,4,False,2,street,daytime,clear,,,accelerating
video_0075,0,150,199,179,30,4,False,2,street,daytime,clear,,,accelerating
video_0075,0,160,209,179,20,1,False,2,street,daytime,clear,,,accelerating
video_0075,0,170,219,179,10,0,False,2,street,daytime,clear,,,accelerating
video_0075,1,0,49,49,50,0,False,2,street,daytime,clear,,,decelerating
video_0075,1,10,59,59,50,0,False,2,street,daytime,clear,,,decelerating
video_0075,1,20,69,69,50,0,False,2,street,daytime,clear,,,decelerating
video_0075,1,30,79,79,50,0,False,2,street,daytime,clear,,,decelerating
video_0075,1,40,89,89,50,0,False,2,street,daytime,clear,,,decelerating
video_0075,1,50,99,99,50,0,False,2,street,daytime,clear,,,accelerating
video_0075,1,60,109,109,50,0,False,2,street,daytime,clear,,,accelerating
video_0075,1,70,119,119,50,0,False,2,street,daytime,clear,,,accelerating
video_0075,1,80,129,119,40,0,False,2,street,daytime,clear,,,accelerating
video_0075,1,90,139,119,30,0,False,2,street,daytime,clear,,,accelerating
video_0075,1,100,149,119,20,0,False,2,street,daytime,clear,,,accelerating
video_0075,1,110,159,159,20,3,False,2,street,daytime,clear,,,decelerating
video_0075,1,120,169,169,20,4,False,2,street,daytime,clear,,,accelerating
video_0075,1,130,179,179,30,4,False,2,street,daytime,clear,,,accelerating
video_0075,1,140,189,179,30,4,False,2,street,daytime,clear,,,accelerating
video_0075,1,150,199,179,30,4,False,2,street,daytime,clear,,,accelerating
video_0075,1,160,209,179,20,1,False,2,street,daytime,clear,,,accelerating
video_0075,1,170,219,179,10,0,False,2,street,daytime,clear,,,accelerating
video_0076,0,0,49,49,50,0,False,1,street,daytime,clear,2,adult,accelerating
video_0076,0,10,59,59,50,0,False,1,street,daytime,clear,2,adult,decelerating
video_0076,0,20,69,69,50,0,False,1,street,daytime,clear,2,adult,decelerating
video_0076,0,30,79,79,50,0,False,1,street,daytime,clear,2,adult,stopped
video_0076,0,40,89,89,50,0,False,1,street,daytime,clear,2,adult,stopped
video_0076,0,50,99,99,50,0,False,1,street,daytime,clear,2,adult,stopped
video_0076,0,60,109,109,50,0,False,1,street,daytime,clear,2,adult,stopped
video_0076,0,70,119,119,50,0,False,1,street,daytime,clear,2,adult,stopped
video_0076,0,80,129,129,50,0,False,2,street,daytime,clear,2,adult,stopped
video_0076,0,90,139,139,50,0,False,2,street,daytime,clear,2,adult,stopped
video_0076,0,100,149,149,50,0,False,2,street,daytime,clear,2,adult,stopped
video_0076,0,110,159,159,50,0,False,2,street,daytime,clear,2,adult,stopped
video_0076,0,120,169,169,50,0,False,2,street,daytime,clear,2,adult,stopped
video_0076,0,130,179,179,50,0,False,2,street,daytime,clear,2,adult,stopped
video_0076,0,140,189,189,50,0,False,2,street,daytime,clear,2,adult,stopped
video_0076,0,150,199,199,50,0,False,1,street,daytime,clear,2,adult,stopped
video_0076,0,160,209,209,50,0,False,1,street,daytime,clear,2,adult,stopped
video_0076,0,170,219,219,50,0,False,2,street,daytime,clear,2,adult,stopped
video_0076,0,180,229,229,50,0,False,2,street,daytime,clear,2,adult,stopped
video_0076,0,190,239,239,50,0,False,2,street,daytime,clear,2,adult,stopped
video_0076,0,200,249,249,50,0,False,2,street,daytime,clear,2,adult,accelerating
video_0076,0,210,259,259,50,0,False,2,street,daytime,clear,2,adult,accelerating
video_0076,0,220,269,269,50,0,False,2,street,daytime,clear,2,adult,accelerating
video_0076,0,230,279,269,40,0,False,2,street,daytime,clear,2,adult,accelerating
video_0076,0,240,289,269,30,0,False,2,street,daytime,clear,2,adult,accelerating
video_0076,0,250,299,269,20,0,False,2,street,daytime,clear,2,adult,accelerating
video_0076,0,260,309,269,10,0,False,2,street,daytime,clear,2,adult,accelerating
video_0076,1,0,49,49,50,0,False,1,street,daytime,clear,2,adult,accelerating
video_0076,1,10,59,59,50,0,False,1,street,daytime,clear,2,adult,decelerating
video_0076,1,20,69,69,50,0,False,1,street,daytime,clear,2,adult,decelerating
video_0076,1,30,79,79,50,0,False,1,street,daytime,clear,2,adult,stopped
video_0076,1,40,89,89,50,0,False,1,street,daytime,clear,2,adult,stopped
video_0076,1,50,99,99,50,0,False,1,street,daytime,clear,2,adult,stopped
video_0076,1,60,109,109,50,0,False,1,street,daytime,clear,2,adult,stopped
video_0076,1,70,119,119,50,0,False,1,street,daytime,clear,2,adult,stopped
video_0076,1,80,129,129,50,0,False,2,street,daytime,clear,2,adult,stopped
video_0076,1,90,139,139,50,0,False,2,street,daytime,clear,2,adult,stopped
video_0076,1,100,149,149,50,0,False,2,street,daytime,clear,2,adult,stopped
video_0076,1,110,159,159,50,0,False,2,street,daytime,clear,2,adult,stopped
video_0076,1,120,169,169,50,0,False,2,street,daytime,clear,2,adult,stopped
video_0076,1,130,179,179,50,0,False,2,street,daytime,clear,2,adult,stopped
video_0076,1,140,189,189,50,0,False,2,street,daytime,clear,2,adult,stopped
video_0076,1,150,199,199,50,0,False,1,street,daytime,clear,2,adult,stopped
video_0076,1,160,209,209,50,0,False,1,street,daytime,clear,2,adult,stopped
video_0076,1,170,219,219,50,0,False,2,street,daytime,clear,2,adult,stopped
video_0076,1,180,229,229,50,0,False,2,street,daytime,clear,2,adult,stopped
video_0076,1,190,239,239,50,0,False,2,street,daytime,clear,2,adult,stopped
video_0076,1,200,249,249,50,0,False,2,street,daytime,clear,2,adult,accelerating
video_0076,1,210,259,259,50,0,False,2,street,daytime,clear,2,adult,accelerating
video_0076,1,220,269,269,50,0,False,2,street,daytime,clear,2,adult,accelerating
video_0076,1,230,279,269,40,0,False,2,street,daytime,clear,2,adult,accelerating
video_0076,1,240,289,269,30,0,False,2,street,daytime,clear,2,adult,accelerating
video_0076,1,250,299,269,20,0,False,2,street,daytime,clear,2,adult,accelerating
video_0076,1,260,309,269,10,0,False,2,street,daytime,clear,2,adult,accelerating
video_0077,0,30,79,79,50,39,True,2,street,daytime,clear,1,"adult,young",accelerating
video_0077,0,40,89,89,50,43,True,2,street,daytime,clear,1,"adult,young",accelerating
video_0077,0,50,99,99,50,48,True,2,street,daytime,clear,1,"adult,young",decelerating
video_0077,0,60,109,109,50,45,True,2,street,daytime,clear,1,"adult,young",decelerating
video_0077,0,70,119,119,50,40,True,2,street,daytime,clear,1,"adult,young",decelerating
video_0077,0,80,129,129,50,40,True,2,street,daytime,clear,1,"adult,young",decelerating
video_0077,0,90,139,139,50,40,True,2,street,daytime,clear,1,"adult,young",decelerating
video_0077,0,100,149,149,50,41,True,2,street,daytime,clear,1,"adult,young",stopped
video_0077,0,110,159,149,40,35,True,2,street,daytime,clear,1,"adult,young",stopped
video_0077,0,120,169,149,30,30,True,2,street,daytime,clear,1,"adult,young",stopped
video_0077,0,130,179,149,20,20,False,2,street,daytime,clear,1,"adult,young",stopped
video_0077,0,140,189,149,10,10,False,2,street,daytime,clear,1,"adult,young",stopped
video_0077,1,30,79,79,50,39,True,2,street,daytime,clear,1,"adult,young",accelerating
video_0077,1,40,89,89,50,43,True,2,street,daytime,clear,1,"adult,young",accelerating
video_0077,1,50,99,99,50,48,True,2,street,daytime,clear,1,"adult,young",decelerating
video_0077,1,60,109,109,50,45,True,2,street,daytime,clear,1,"adult,young",decelerating
video_0077,1,70,119,119,50,40,True,2,street,daytime,clear,1,"adult,young",decelerating
video_0077,1,80,129,129,50,40,True,2,street,daytime,clear,1,"adult,young",decelerating
video_0077,1,90,139,139,50,40,True,2,street,daytime,clear,1,"adult,young",decelerating
video_0077,1,100,149,149,50,41,True,2,street,daytime,clear,1,"adult,young",stopped
video_0077,1,110,159,149,40,35,True,2,street,daytime,clear,1,"adult,young",stopped
video_0077,1,120,169,149,30,30,True,2,street,daytime,clear,1,"adult,young",stopped
video_0077,1,130,179,149,20,20,False,2,street,daytime,clear,1,"adult,young",stopped
video_0077,1,140,189,149,10,10,False,2,street,daytime,clear,1,"adult,young",stopped
video_0078,0,30,79,79,50,50,True,2,street,daytime,clear,2,adult,decelerating
video_0078,0,40,89,89,50,50,True,2,street,daytime,clear,2,adult,decelerating
video_0078,0,50,99,99,50,40,True,2,street,daytime,clear,2,adult,decelerating
video_0078,0,60,109,109,50,30,True,2,street,daytime,clear,2,adult,decelerating
video_0078,0,70,119,119,50,20,False,2,street,daytime,clear,2,adult,decelerating
video_0078,0,80,129,129,50,10,False,2,street,daytime,clear,2,adult,decelerating
video_0078,0,90,139,139,50,0,False,1,street,daytime,clear,2,adult,decelerating
video_0078,0,100,149,149,50,0,False,1,street,daytime,clear,2,adult,decelerating
video_0078,0,110,159,159,50,0,False,1,street,daytime,clear,2,adult,decelerating
video_0078,0,120,169,169,50,0,False,1,street,daytime,clear,2,adult,accelerating
video_0078,0,130,179,179,50,0,False,1,street,daytime,clear,2,adult,accelerating
video_0078,0,140,189,189,50,0,False,1,street,daytime,clear,2,adult,accelerating
video_0078,0,150,199,199,50,0,False,1,street,daytime,clear,2,adult,accelerating
video_0078,0,160,209,209,50,0,False,1,street,daytime,clear,2,adult,accelerating
video_0078,0,170,219,219,50,0,False,1,street,daytime,clear,2,adult,accelerating
video_0078,0,180,229,229,50,0,False,1,street,daytime,clear,2,adult,accelerating
video_0078,0,190,239,239,50,0,False,1,street,daytime,clear,2,adult,accelerating
video_0078,0,200,249,249,50,10,False,2,street,daytime,clear,2,adult,accelerating
video_0078,0,210,259,259,50,20,False,2,street,daytime,clear,2,adult,accelerating
video_0078,0,220,269,269,50,30,True,2,street,daytime,clear,2,adult,accelerating
video_0078,0,230,279,269,40,30,True,2,street,daytime,clear,2,adult,accelerating
video_0078,0,240,289,269,30,30,True,2,street,daytime,clear,2,adult,accelerating
video_0078,0,250,299,269,20,20,False,2,street,daytime,clear,2,adult,accelerating
video_0078,0,260,309,269,10,10,False,2,street,daytime,clear,2,adult,accelerating
video_0078,1,30,79,79,50,50,True,2,street,daytime,clear,2,adult,decelerating
video_0078,1,40,89,89,50,50,True,2,street,daytime,clear,2,adult,decelerating
video_0078,1,50,99,99,50,50,True,2,street,daytime,clear,2,adult,decelerating
video_0078,1,60,109,109,50,50,True,2,street,daytime,clear,2,adult,decelerating
video_0078,1,70,119,119,50,44,True,2,street,daytime,clear,2,adult,decelerating
video_0078,1,80,129,129,50,36,True,2,street,daytime,clear,2,adult,decelerating
video_0078,1,90,139,139,50,27,True,1,street,daytime,clear,2,adult,decelerating
video_0078,1,100,149,149,50,18,False,1,street,daytime,clear,2,adult,decelerating
video_0078,1,110,159,159,50,10,False,1,street,daytime,clear,2,adult,decelerating
video_0078,1,120,169,169,50,6,False,1,street,daytime,clear,2,adult,accelerating
video_0078,1,130,179,179,50,4,False,1,street,daytime,clear,2,adult,accelerating
video_0078,1,140,189,189,50,3,False,1,street,daytime,clear,2,adult,accelerating
video_0078,1,150,199,199,50,7,False,1,street,daytime,clear,2,adult,accelerating
video_0078,1,160,209,209,50,13,False,1,street,daytime,clear,2,adult,accelerating
video_0078,1,170,219,219,50,22,False,1,street,daytime,clear,2,adult,accelerating
video_0078,1,180,229,229,50,32,True,1,street,daytime,clear,2,adult,accelerating
video_0078,1,190,239,239,50,39,True,1,street,daytime,clear,2,adult,accelerating
video_0078,1,200,249,249,50,44,True,2,street,daytime,clear,2,adult,accelerating
video_0078,1,210,259,259,50,46,True,2,street,daytime,clear,2,adult,accelerating
video_0078,1,220,269,269,50,47,True,2,street,daytime,clear,2,adult,accelerating
video_0078,1,230,279,269,40,37,True,2,street,daytime,clear,2,adult,accelerating
video_0078,1,240,289,269,30,30,True,2,street,daytime,clear,2,adult,accelerating
video_0078,1,250,299,269,20,20,False,2,street,daytime,clear,2,adult,accelerating
video_0078,1,260,309,269,10,10,False,2,street,daytime,clear,2,adult,accelerating
video_0079,0,120,169,169,50,50,True,1,street,daytime,clear,2,adult,accelerating
video_0079,0,130,179,179,50,50,True,1,street,daytime,clear,2,adult,accelerating
video_0079,0,140,189,189,50,50,True,1,street,daytime,clear,2,adult,accelerating
video_0079,0,150,199,199,50,50,True,1,street,daytime,clear,2,adult,accelerating
video_0079,0,160,209,209,50,50,True,1,street,daytime,clear,2,adult,accelerating
video_0079,0,170,219,219,50,48,True,2,street,daytime,clear,2,adult,accelerating
video_0079,0,180,229,229,50,44,True,2,street,daytime,clear,2,adult,accelerating
video_0079,0,190,239,239,50,41,True,2,street,daytime,clear,2,adult,accelerating
video_0079,0,200,249,239,40,31,True,2,street,daytime,clear,2,adult,accelerating
video_0079,0,210,259,239,30,21,False,2,street,daytime,clear,2,adult,accelerating
video_0079,0,220,269,239,20,13,False,2,street,daytime,clear,2,adult,accelerating
video_0079,0,230,279,239,10,7,False,2,street,daytime,clear,2,adult,accelerating
video_0079,1,210,259,239,30,21,False,2,street,daytime,clear,2,adult,accelerating
video_0079,1,220,269,239,20,13,False,2,street,daytime,clear,2,adult,accelerating
video_0079,1,230,279,239,10,7,False,2,street,daytime,clear,2,adult,accelerating
video_0080,0,0,49,49,50,0,False,1,street,daytime,cloudy,4,"adult,senior",decelerating
video_0080,0,10,59,59,50,0,False,1,street,daytime,cloudy,4,"adult,senior",decelerating
video_0080,0,20,69,69,50,0,False,1,street,daytime,cloudy,4,"adult,senior",decelerating
video_0080,0,30,79,79,50,0,False,1,street,daytime,cloudy,4,"adult,senior",decelerating
video_0080,0,40,89,89,50,0,False,1,street,daytime,cloudy,4,"adult,senior",decelerating
video_0080,0,50,99,99,50,0,False,2,street,daytime,cloudy,4,"adult,senior",stopped
video_0080,0,60,109,109,50,0,False,2,street,daytime,cloudy,4,"adult,senior",stopped
video_0080,0,70,119,119,50,0,False,2,street,daytime,cloudy,4,"adult,senior",stopped
video_0080,0,80,129,129,50,0,False,2,street,daytime,cloudy,4,"adult,senior",stopped
video_0080,0,90,139,139,50,0,False,2,street,daytime,cloudy,4,"adult,senior",stopped
video_0080,0,100,149,149,50,0,False,2,street,daytime,cloudy,4,"adult,senior",stopped
video_0080,0,110,159,159,50,0,False,2,street,daytime,cloudy,4,"adult,senior",accelerating
video_0080,0,120,169,169,50,0,False,2,street,daytime,cloudy,4,"adult,senior",accelerating
video_0080,0,130,179,179,50,0,False,2,street,daytime,cloudy,4,"adult,senior",decelerating
video_0080,0,140,189,189,50,0,False,2,street,daytime,cloudy,4,"adult,senior",stopped
video_0080,0,150,199,199,50,0,False,2,street,daytime,cloudy,4,"adult,senior",accelerating
video_0080,0,160,209,209,50,0,False,2,street,daytime,cloudy,4,"adult,senior",accelerating
video_0080,0,170,219,219,50,0,False,2,street,daytime,cloudy,4,"adult,senior",accelerating
video_0080,0,180,229,229,50,0,False,2,street,daytime,cloudy,4,"adult,senior",accelerating
video_0080,0,190,239,239,50,0,False,2,street,daytime,cloudy,4,"adult,senior",accelerating
video_0080,0,200,249,239,40,0,False,2,street,daytime,cloudy,4,"adult,senior",accelerating
video_0080,0,210,259,239,30,0,False,1,street,daytime,cloudy,4,"adult,senior",accelerating
video_0080,0,220,269,239,20,0,False,1,street,daytime,cloudy,4,"adult,senior",accelerating
video_0080,0,230,279,239,10,0,False,1,street,daytime,cloudy,4,"adult,senior",accelerating
video_0080,1,0,49,49,50,0,False,1,street,daytime,cloudy,4,"adult,senior",decelerating
video_0080,1,10,59,59,50,0,False,1,street,daytime,cloudy,4,"adult,senior",decelerating
video_0080,1,20,69,69,50,0,False,1,street,daytime,cloudy,4,"adult,senior",decelerating
video_0080,1,30,79,79,50,0,False,1,street,daytime,cloudy,4,"adult,senior",decelerating
video_0080,1,40,89,89,50,0,False,1,street,daytime,cloudy,4,"adult,senior",decelerating
video_0080,1,50,99,99,50,0,False,2,street,daytime,cloudy,4,"adult,senior",stopped
video_0080,1,60,109,109,50,0,False,2,street,daytime,cloudy,4,"adult,senior",stopped
video_0080,1,70,119,119,50,0,False,2,street,daytime,cloudy,4,"adult,senior",stopped
video_0080,1,80,129,129,50,0,False,2,street,daytime,cloudy,4,"adult,senior",stopped
video_0080,1,90,139,139,50,0,False,2,street,daytime,cloudy,4,"adult,senior",stopped
video_0080,1,100,149,149,50,0,False,2,street,daytime,cloudy,4,"adult,senior",stopped
video_0080,1,110,159,159,50,0,False,2,street,daytime,cloudy,4,"adult,senior",accelerating
video_0080,1,120,169,169,50,0,False,2,street,daytime,cloudy,4,"adult,senior",accelerating
video_0080,1,130,179,179,50,0,False,2,street,daytime,cloudy,4,"adult,senior",decelerating
video_0080,1,140,189,189,50,0,False,2,street,daytime,cloudy,4,"adult,senior",stopped
video_0080,1,150,199,199,50,0,False,2,street,daytime,cloudy,4,"adult,senior",accelerating
video_0080,1,160,209,209,50,0,False,2,street,daytime,cloudy,4,"adult,senior",accelerating
video_0080,1,170,219,219,50,0,False,2,street,daytime,cloudy,4,"adult,senior",accelerating
video_0080,1,180,229,229,50,0,False,2,street,daytime,cloudy,4,"adult,senior",accelerating
video_0080,1,190,239,239,50,0,False,2,street,daytime,cloudy,4,"adult,senior",accelerating
video_0080,1,200,249,239,40,0,False,2,street,daytime,cloudy,4,"adult,senior",accelerating
video_0080,1,210,259,239,30,0,False,1,street,daytime,cloudy,4,"adult,senior",accelerating
video_0080,1,220,269,239,20,0,False,1,street,daytime,cloudy,4,"adult,senior",accelerating
video_0080,1,230,279,239,10,0,False,1,street,daytime,cloudy,4,"adult,senior",accelerating
video_0081,0,0,49,49,50,20,False,2,street,daytime,clear,2,adult,decelerating
video_0081,0,10,59,59,50,10,False,2,street,daytime,clear,2,adult,decelerating
video_0081,0,20,69,69,50,8,False,2,street,daytime,clear,2,adult,decelerating
video_0081,0,30,79,79,50,6,False,1,street,daytime,clear,2,adult,decelerating
video_0081,0,40,89,89,50,5,False,1,street,daytime,clear,2,adult,decelerating
video_0081,0,50,99,99,50,5,False,1,street,daytime,clear,2,adult,decelerating
video_0081,0,60,109,109,50,5,False,1,street,daytime,clear,2,adult,decelerating
video_0081,0,70,119,119,50,3,False,1,street,daytime,clear,2,adult,decelerating
video_0081,0,80,129,129,50,0,False,1,street,daytime,clear,2,adult,decelerating
video_0081,0,90,139,139,50,7,False,1,street,daytime,clear,2,adult,decelerating
video_0081,0,100,149,149,50,15,False,1,street,daytime,clear,2,adult,decelerating
video_0081,0,110,159,149,40,15,False,1,street,daytime,clear,2,adult,decelerating
video_0081,0,120,169,149,30,15,False,1,street,daytime,clear,2,adult,decelerating
video_0081,0,130,179,149,20,15,False,1,street,daytime,clear,2,adult,decelerating
video_0081,0,140,189,149,10,8,False,1,street,daytime,clear,2,adult,decelerating
video_0081,1,0,49,29,30,19,False,2,street,daytime,clear,2,adult,accelerating
video_0081,1,10,59,29,20,9,False,2,street,daytime,clear,2,adult,accelerating
video_0081,1,20,69,29,10,5,False,2,street,daytime,clear,2,adult,accelerating
video_0082,0,0,49,49,50,0,False,1,street,daytime,clear,4,adult,accelerating
video_0082,0,10,59,59,50,0,False,1,street,daytime,clear,4,adult,accelerating
video_0082,0,20,69,69,50,0,False,1,street,daytime,clear,4,adult,decelerating
video_0082,0,30,79,79,50,0,False,0,street,daytime,clear,4,adult,decelerating
video_0082,0,40,89,89,50,0,False,0,street,daytime,clear,4,adult,accelerating
video_0082,0,50,99,99,50,0,False,2,street,daytime,clear,4,adult,accelerating
video_0082,0,60,109,109,50,0,False,2,street,daytime,clear,4,adult,decelerating
video_0082,0,70,119,119,50,0,False,2,street,daytime,clear,4,adult,accelerating
video_0082,0,80,129,129,50,0,False,2,street,daytime,clear,4,adult,accelerating
video_0082,0,90,139,139,50,0,False,2,street,daytime,clear,4,adult,accelerating
video_0082,0,100,149,149,50,0,False,2,street,daytime,clear,4,adult,accelerating
video_0082,0,110,159,159,50,0,False,2,street,daytime,clear,4,adult,accelerating
video_0082,0,120,169,169,50,0,False,1,street,daytime,clear,4,adult,accelerating
video_0082,0,130,179,179,50,0,False,1,street,daytime,clear,4,adult,accelerating
video_0082,0,140,189,179,40,0,False,1,street,daytime,clear,4,adult,accelerating
video_0082,0,150,199,179,30,0,False,0,street,daytime,clear,4,adult,accelerating
video_0082,0,160,209,179,20,0,False,0,street,daytime,clear,4,adult,accelerating
video_0082,0,170,219,179,10,0,False,0,street,daytime,clear,4,adult,accelerating
video_0082,1,0,49,49,50,0,False,1,street,daytime,clear,4,adult,accelerating
video_0082,1,10,59,59,50,0,False,1,street,daytime,clear,4,adult,accelerating
video_0082,1,20,69,59,40,0,False,1,street,daytime,clear,4,adult,accelerating
video_0082,1,30,79,59,30,0,False,0,street,daytime,clear,4,adult,accelerating
video_0082,1,40,89,59,20,0,False,0,street,daytime,clear,4,adult,accelerating
video_0082,1,50,99,99,20,0,False,2,street,daytime,clear,4,adult,accelerating
video_0082,1,60,109,109,20,0,False,2,street,daytime,clear,4,adult,decelerating
video_0082,1,70,119,119,30,0,False,2,street,daytime,clear,4,adult,accelerating
video_0082,1,80,129,119,30,0,False,2,street,daytime,clear,4,adult,accelerating
video_0082,1,90,139,119,30,0,False,2,street,daytime,clear,4,adult,accelerating
video_0082,1,100,149,119,20,0,False,2,street,daytime,clear,4,adult,accelerating
video_0082,1,110,159,119,10,0,False,2,street,daytime,clear,4,adult,accelerating
video_0083,0,30,79,79,50,0,False,2,street,daytime,cloudy,4,adult,decelerating
video_0083,0,40,89,89,50,0,False,2,street,daytime,cloudy,4,adult,decelerating
video_0083,0,50,99,99,50,0,False,2,street,daytime,cloudy,4,adult,decelerating
video_0083,0,60,109,109,50,0,False,2,street,daytime,cloudy,4,adult,decelerating
video_0083,0,70,119,119,50,0,False,2,street,daytime,cloudy,4,adult,decelerating
video_0083,0,80,129,129,50,0,False,2,street,daytime,cloudy,4,adult,decelerating
video_0083,0,90,139,139,50,0,False,1,street,daytime,cloudy,4,adult,accelerating
video_0083,0,100,149,149,50,0,False,1,street,daytime,cloudy,4,adult,accelerating
video_0083,0,110,159,159,50,0,False,1,street,daytime,cloudy,4,adult,decelerating
video_0083,0,120,169,169,50,0,False,1,street,daytime,cloudy,4,adult,accelerating
video_0083,0,130,179,179,50,0,False,1,street,daytime,cloudy,4,adult,accelerating
video_0083,0,140,189,189,50,0,False,1,street,daytime,cloudy,4,adult,accelerating
video_0083,0,150,199,199,50,0,False,1,street,daytime,cloudy,4,adult,decelerating
video_0083,0,160,209,209,50,0,False,1,street,daytime,cloudy,4,adult,decelerating
video_0083,0,170,219,219,50,0,False,1,street,daytime,cloudy,4,adult,accelerating
video_0083,0,180,229,229,50,0,False,1,street,daytime,cloudy,4,adult,accelerating
video_0083,0,190,239,239,50,0,False,1,street,daytime,cloudy,4,adult,accelerating
video_0083,0,200,249,239,40,0,False,1,street,daytime,cloudy,4,adult,accelerating
video_0083,0,210,259,239,30,0,False,0,street,daytime,cloudy,4,adult,accelerating
video_0083,0,220,269,239,20,0,False,0,street,daytime,cloudy,4,adult,accelerating
video_0083,0,230,279,239,10,0,False,0,street,daytime,cloudy,4,adult,accelerating
video_0083,1,30,79,79,50,0,False,2,street,daytime,cloudy,4,adult,decelerating
video_0083,1,40,89,89,50,0,False,2,street,daytime,cloudy,4,adult,decelerating
video_0083,1,50,99,99,50,0,False,2,street,daytime,cloudy,4,adult,decelerating
video_0083,1,60,109,109,50,0,False,2,street,daytime,cloudy,4,adult,decelerating
video_0083,1,70,119,119,50,0,False,2,street,daytime,cloudy,4,adult,decelerating
video_0083,1,80,129,129,50,0,False,2,street,daytime,cloudy,4,adult,decelerating
video_0083,1,90,139,139,50,0,False,1,street,daytime,cloudy,4,adult,accelerating
video_0083,1,100,149,149,50,0,False,1,street,daytime,cloudy,4,adult,accelerating
video_0083,1,110,159,159,50,0,False,1,street,daytime,cloudy,4,adult,decelerating
video_0083,1,120,169,169,50,0,False,1,street,daytime,cloudy,4,adult,accelerating
video_0083,1,130,179,179,50,0,False,1,street,daytime,cloudy,4,adult,accelerating
video_0083,1,140,189,189,50,0,False,1,street,daytime,cloudy,4,adult,accelerating
video_0083,1,150,199,199,50,0,False,1,street,daytime,cloudy,4,adult,decelerating
video_0083,1,160,209,209,50,0,False,1,street,daytime,cloudy,4,adult,decelerating
video_0083,1,170,219,209,40,0,False,1,street,daytime,cloudy,4,adult,decelerating
video_0083,1,180,229,209,30,0,False,1,street,daytime,cloudy,4,adult,decelerating
video_0083,1,190,239,209,20,0,False,1,street,daytime,cloudy,4,adult,decelerating
video_0083,1,200,249,209,10,0,False,1,street,daytime,cloudy,4,adult,decelerating
video_0084,0,0,49,29,30,30,True,1,street,daytime,clear,2,senior,accelerating
video_0084,0,10,59,29,20,20,False,1,street,daytime,clear,2,senior,accelerating
video_0084,0,20,69,29,10,10,False,1,street,daytime,clear,2,senior,accelerating
video_0084,0,50,99,99,10,10,False,1,street,daytime,clear,2,senior,accelerating
video_0084,0,60,109,109,20,20,False,1,street,daytime,clear,2,senior,decelerating
video_0084,0,70,119,119,30,30,True,1,street,daytime,clear,2,senior,decelerating
video_0084,0,80,129,129,40,30,True,2,street,daytime,clear,2,senior,decelerating
video_0084,0,90,139,139,50,30,True,2,street,daytime,clear,2,senior,decelerating
video_0084,0,100,149,149,50,20,False,2,street,daytime,clear,2,senior,decelerating
video_0084,0,110,159,159,50,20,False,2,street,daytime,clear,2,senior,decelerating
video_0084,0,120,169,169,50,20,False,2,street,daytime,clear,2,senior,decelerating
video_0084,0,130,179,179,50,30,True,2,street,daytime,clear,2,senior,decelerating
video_0084,0,140,189,189,50,40,True,2,street,daytime,clear,2,senior,accelerating
video_0084,0,150,199,199,50,50,True,1,street,daytime,clear,2,senior,accelerating
video_0084,0,160,209,209,50,50,True,1,street,daytime,clear,2,senior,accelerating
video_0084,0,170,219,219,50,50,True,1,street,daytime,clear,2,senior,accelerating
video_0084,0,180,229,229,50,50,True,1,street,daytime,clear,2,senior,accelerating
video_0084,0,190,239,239,50,50,True,1,street,daytime,clear,2,senior,accelerating
video_0084,0,200,249,249,50,40,True,1,street,daytime,clear,2,senior,accelerating
video_0084,0,210,259,259,50,30,True,1,street,daytime,clear,2,senior,accelerating
video_0084,0,220,269,269,50,20,False,1,street,daytime,clear,2,senior,accelerating
video_0084,0,230,279,269,40,10,False,1,street,daytime,clear,2,senior,accelerating
video_0084,0,240,289,269,30,0,False,0,street,daytime,clear,2,senior,accelerating
video_0084,0,250,299,269,20,0,False,0,street,daytime,clear,2,senior,accelerating
video_0084,0,260,309,269,10,0,False,0,street,daytime,clear,2,senior,accelerating
video_0084,1,120,169,149,30,30,True,2,street,daytime,clear,2,senior,decelerating
video_0084,1,130,179,149,20,20,False,2,street,daytime,clear,2,senior,decelerating
video_0084,1,140,189,149,10,10,False,2,street,daytime,clear,2,senior,decelerating
video_0085,0,30,79,59,30,12,False,1,street,daytime,cloudy,1,senior,decelerating
video_0085,0,40,89,59,20,11,False,1,street,daytime,cloudy,1,senior,decelerating
video_0085,0,50,99,59,10,2,False,1,street,daytime,cloudy,1,senior,decelerating
video_0085,0,80,129,129,10,2,False,2,street,daytime,cloudy,1,senior,decelerating
video_0085,0,90,139,139,20,8,False,2,street,daytime,cloudy,1,senior,decelerating
video_0085,0,100,149,149,30,18,False,2,street,daytime,cloudy,1,senior,decelerating
video_0085,0,110,159,159,40,28,True,2,street,daytime,cloudy,1,senior,decelerating
video_0085,0,120,169,169,50,36,True,2,street,daytime,cloudy,1,senior,decelerating
video_0085,0,130,179,179,50,44,True,2,street,daytime,cloudy,1,senior,accelerating
video_0085,0,140,189,189,50,48,True,2,street,daytime,cloudy,1,senior,accelerating
video_0085,0,150,199,199,50,48,True,1,street,daytime,cloudy,1,senior,accelerating
video_0085,0,160,209,209,50,48,True,1,street,daytime,cloudy,1,senior,decelerating
video_0085,0,170,219,219,50,50,True,1,street,daytime,cloudy,1,senior,accelerating
video_0085,0,180,229,229,50,49,True,1,street,daytime,cloudy,1,senior,accelerating
video_0085,0,190,239,239,50,45,True,1,street,daytime,cloudy,1,senior,accelerating
video_0085,0,200,249,239,40,35,True,1,street,daytime,cloudy,1,senior,accelerating
video_0085,0,210,259,239,30,25,True,1,street,daytime,cloudy,1,senior,accelerating
video_0085,0,220,269,239,20,15,False,1,street,daytime,cloudy,1,senior,accelerating
video_0085,0,230,279,239,10,6,False,1,street,daytime,cloudy,1,senior,accelerating
video_0085,1,120,169,149,30,18,False,2,street,daytime,cloudy,1,senior,decelerating
video_0085,1,130,179,149,20,16,False,2,street,daytime,cloudy,1,senior,decelerating
video_0085,1,140,189,149,10,10,False,2,street,daytime,cloudy,1,senior,decelerating
video_0086,0,0,49,49,50,50,True,1,street,daytime,cloudy,2,adult,decelerating
video_0086,0,10,59,59,50,50,True,1,street,daytime,cloudy,2,adult,decelerating
video_0086,0,20,69,69,50,40,True,2,street,daytime,cloudy,2,adult,accelerating
video_0086,0,30,79,79,50,30,True,2,street,daytime,cloudy,2,adult,accelerating
video_0086,0,40,89,89,50,20,False,2,street,daytime,cloudy,2,adult,accelerating
video_0086,0,50,99,99,50,10,False,2,street,daytime,cloudy,2,adult,accelerating
video_0086,0,60,109,109,50,0,False,1,street,daytime,cloudy,2,adult,accelerating
video_0086,0,70,119,119,50,0,False,1,street,daytime,cloudy,2,adult,accelerating
video_0086,0,80,129,129,50,10,False,2,street,daytime,cloudy,2,adult,accelerating
video_0086,0,90,139,139,50,20,False,1,street,daytime,cloudy,2,adult,accelerating
video_0086,0,100,149,149,50,30,True,1,street,daytime,cloudy,2,adult,decelerating
video_0086,0,110,159,149,40,30,True,1,street,daytime,cloudy,2,adult,decelerating
video_0086,0,120,169,149,30,30,True,1,street,daytime,cloudy,2,adult,decelerating
video_0086,0,130,179,149,20,20,False,1,street,daytime,cloudy,2,adult,decelerating
video_0086,0,140,189,149,10,10,False,1,street,daytime,cloudy,2,adult,decelerating
video_0086,1,60,109,89,30,24,False,1,street,daytime,cloudy,2,adult,accelerating
video_0086,1,70,119,89,20,17,False,1,street,daytime,cloudy,2,adult,accelerating
video_0086,1,80,129,89,10,8,False,2,street,daytime,cloudy,2,adult,accelerating
video_0087,0,0,49,49,50,0,False,2,street,daytime,rain,4,adult,decelerating
video_0087,0,10,59,59,50,0,False,2,street,daytime,rain,4,adult,decelerating
video_0087,0,20,69,69,50,0,False,2,street,daytime,rain,4,adult,decelerating
video_0087,0,30,79,79,50,0,False,2,street,daytime,rain,4,adult,accelerating
video_0087,0,40,89,89,50,0,False,2,street,daytime,rain,4,adult,accelerating
video_0087,0,50,99,99,50,0,False,2,street,daytime,rain,4,adult,decelerating
video_0087,0,60,109,109,50,0,False,2,street,daytime,rain,4,adult,decelerating
video_0087,0,70,119,119,50,0,False,2,street,daytime,rain,4,adult,decelerating
video_0087,0,80,129,129,50,0,False,2,street,daytime,rain,4,adult,decelerating
video_0087,0,90,139,139,50,0,False,1,street,daytime,rain,4,adult,accelerating
video_0087,0,100,149,149,50,0,False,1,street,daytime,rain,4,adult,accelerating
video_0087,0,110,159,159,50,0,False,2,street,daytime,rain,4,adult,accelerating
video_0087,0,120,169,169,50,0,False,2,street,daytime,rain,4,adult,decelerating
video_0087,0,130,179,179,50,0,False,2,street,daytime,rain,4,adult,decelerating
video_0087,0,140,189,189,50,0,False,2,street,daytime,rain,4,adult,decelerating
video_0087,0,150,199,199,50,0,False,2,street,daytime,rain,4,adult,decelerating
video_0087,0,160,209,209,50,0,False,2,street,daytime,rain,4,adult,decelerating
video_0087,0,170,219,219,50,0,False,2,street,daytime,rain,4,adult,accelerating
video_0087,0,180,229,229,50,0,False,2,street,daytime,rain,4,adult,accelerating
video_0087,0,190,239,239,50,0,False,2,street,daytime,rain,4,adult,decelerating
video_0087,0,200,249,249,50,0,False,2,street,daytime,rain,4,adult,decelerating
video_0087,0,210,259,259,50,0,False,2,street,daytime,rain,4,adult,decelerating
video_0087,0,220,269,269,50,0,False,2,street,daytime,rain,4,adult,decelerating
video_0087,0,230,279,269,40,0,False,2,street,daytime,rain,4,adult,decelerating
video_0087,0,240,289,269,30,0,False,2,street,daytime,rain,4,adult,decelerating
video_0087,0,250,299,269,20,0,False,2,street,daytime,rain,4,adult,decelerating
video_0087,0,260,309,269,10,0,False,2,street,daytime,rain,4,adult,decelerating
video_0087,1,0,49,49,50,0,False,2,street,daytime,rain,4,adult,decelerating
video_0087,1,10,59,59,50,0,False,2,street,daytime,rain,4,adult,decelerating
video_0087,1,20,69,69,50,0,False,2,street,daytime,rain,4,adult,decelerating
video_0087,1,30,79,79,50,0,False,2,street,daytime,rain,4,adult,accelerating
video_0087,1,40,89,89,50,0,False,2,street,daytime,rain,4,adult,accelerating
video_0087,1,50,99,99,50,0,False,2,street,daytime,rain,4,adult,decelerating
video_0087,1,60,109,109,50,0,False,2,street,daytime,rain,4,adult,decelerating
video_0087,1,70,119,119,50,0,False,2,street,daytime,rain,4,adult,decelerating
video_0087,1,80,129,129,50,0,False,2,street,daytime,rain,4,adult,decelerating
video_0087,1,90,139,139,50,0,False,1,street,daytime,rain,4,adult,accelerating
video_0087,1,100,149,149,50,0,False,1,street,daytime,rain,4,adult,accelerating
video_0087,1,110,159,159,50,0,False,2,street,daytime,rain,4,adult,accelerating
video_0087,1,120,169,169,50,0,False,2,street,daytime,rain,4,adult,decelerating
video_0087,1,130,179,179,50,0,False,2,street,daytime,rain,4,adult,decelerating
video_0087,1,140,189,189,50,0,False,2,street,daytime,rain,4,adult,decelerating
video_0087,1,150,199,199,50,0,False,2,street,daytime,rain,4,adult,decelerating
video_0087,1,160,209,209,50,0,False,2,street,daytime,rain,4,adult,decelerating
video_0087,1,170,219,219,50,0,False,2,street,daytime,rain,4,adult,accelerating
video_0087,1,180,229,229,50,0,False,2,street,daytime,rain,4,adult,accelerating
video_0087,1,190,239,239,50,0,False,2,street,daytime,rain,4,adult,decelerating
video_0087,1,200,249,249,50,0,False,2,street,daytime,rain,4,adult,decelerating
video_0087,1,210,259,259,50,0,False,2,street,daytime,rain,4,adult,decelerating
video_0087,1,220,269,269,50,0,False,2,street,daytime,rain,4,adult,decelerating
video_0087,1,230,279,269,40,0,False,2,street,daytime,rain,4,adult,decelerating
video_0087,1,240,289,269,30,0,False,2,street,daytime,rain,4,adult,decelerating
video_0087,1,250,299,269,20,0,False,2,street,daytime,rain,4,adult,decelerating
video_0087,1,260,309,269,10,0,False,2,street,daytime,rain,4,adult,decelerating
video_0088,0,0,49,49,50,0,False,2,street,daytime,cloudy,2,adult,stopped
video_0088,0,10,59,59,50,0,False,2,street,daytime,cloudy,2,adult,stopped
video_0088,0,20,69,69,50,0,False,2,street,daytime,cloudy,2,adult,stopped
video_0088,0,30,79,79,50,0,False,1,street,daytime,cloudy,2,adult,stopped
video_0088,0,40,89,89,50,0,False,1,street,daytime,cloudy,2,adult,stopped
video_0088,0,50,99,99,50,0,False,2,street,daytime,cloudy,2,adult,stopped
video_0088,0,60,109,109,50,0,False,2,street,daytime,cloudy,2,adult,stopped
video_0088,0,70,119,119,50,0,False,2,street,daytime,cloudy,2,adult,stopped
video_0088,0,80,129,129,50,0,False,2,street,daytime,cloudy,2,adult,stopped
video_0088,0,90,139,139,50,0,False,2,street,daytime,cloudy,2,adult,stopped
video_0088,0,100,149,149,50,0,False,2,street,daytime,cloudy,2,adult,stopped
video_0088,0,110,159,159,50,0,False,2,street,daytime,cloudy,2,adult,stopped
video_0088,0,120,169,169,50,0,False,2,street,daytime,cloudy,2,adult,stopped
video_0088,0,130,179,179,50,0,False,2,street,daytime,cloudy,2,adult,stopped
video_0088,0,140,189,189,50,0,False,2,street,daytime,cloudy,2,adult,stopped
video_0088,0,150,199,199,50,0,False,2,street,daytime,cloudy,2,adult,stopped
video_0088,0,160,209,209,50,0,False,2,street,daytime,cloudy,2,adult,stopped
video_0088,0,170,219,219,50,0,False,2,street,daytime,cloudy,2,adult,accelerating
video_0088,0,180,229,229,50,0,False,1,street,daytime,cloudy,2,adult,accelerating
video_0088,0,190,239,239,50,0,False,1,street,daytime,cloudy,2,adult,accelerating
video_0088,0,200,249,239,40,0,False,1,street,daytime,cloudy,2,adult,accelerating
video_0088,0,210,259,239,30,0,False,1,street,daytime,cloudy,2,adult,accelerating
video_0088,0,220,269,239,20,0,False,1,street,daytime,cloudy,2,adult,accelerating
video_0088,0,230,279,239,10,0,False,1,street,daytime,cloudy,2,adult,accelerating
video_0088,1,0,49,29,30,0,False,2,street,daytime,cloudy,2,adult,stopped
video_0088,1,10,59,29,20,0,False,2,street,daytime,cloudy,2,adult,stopped
video_0088,1,20,69,69,20,0,False,2,street,daytime,cloudy,2,adult,stopped
video_0088,1,30,79,79,20,0,False,1,street,daytime,cloudy,2,adult,stopped
video_0088,1,40,89,89,30,0,False,1,street,daytime,cloudy,2,adult,stopped
video_0088,1,50,99,99,40,0,False,2,street,daytime,cloudy,2,adult,stopped
video_0088,1,60,109,109,50,0,False,2,street,daytime,cloudy,2,adult,stopped
video_0088,1,70,119,119,50,0,False,2,street,daytime,cloudy,2,adult,stopped
video_0088,1,80,129,119,40,0,False,2,street,daytime,cloudy,2,adult,stopped
video_0088,1,90,139,119,30,0,False,2,street,daytime,cloudy,2,adult,stopped
video_0088,1,100,149,119,20,0,False,2,street,daytime,cloudy,2,adult,stopped
video_0088,1,110,159,159,20,0,False,2,street,daytime,cloudy,2,adult,stopped
video_0088,1,120,169,169,20,0,False,2,street,daytime,cloudy,2,adult,stopped
video_0088,1,130,179,179,30,0,False,2,street,daytime,cloudy,2,adult,stopped
video_0088,1,140,189,179,30,0,False,2,street,daytime,cloudy,2,adult,stopped
video_0088,1,150,199,179,30,0,False,2,street,daytime,cloudy,2,adult,stopped
video_0088,1,160,209,179,20,0,False,2,street,daytime,cloudy,2,adult,stopped
video_0088,1,170,219,219,20,0,False,2,street,daytime,cloudy,2,adult,accelerating
video_0088,1,180,229,229,20,0,False,1,street,daytime,cloudy,2,adult,accelerating
video_0088,1,190,239,239,30,0,False,1,street,daytime,cloudy,2,adult,accelerating
video_0088,1,200,249,239,30,0,False,1,street,daytime,cloudy,2,adult,accelerating
video_0088,1,210,259,239,30,0,False,1,street,daytime,cloudy,2,adult,accelerating
video_0088,1,220,269,239,20,0,False,1,street,daytime,cloudy,2,adult,accelerating
video_0088,1,230,279,239,10,0,False,1,street,daytime,cloudy,2,adult,accelerating
video_0089,0,0,49,49,50,0,False,1,street,daytime,clear,2,adult,accelerating
video_0089,0,10,59,59,50,0,False,1,street,daytime,clear,2,adult,accelerating
video_0089,0,20,69,69,50,0,False,1,street,daytime,clear,2,adult,accelerating
video_0089,0,30,79,79,50,0,False,1,street,daytime,clear,2,adult,decelerating
video_0089,0,40,89,89,50,0,False,1,street,daytime,clear,2,adult,decelerating
video_0089,0,50,99,99,50,0,False,1,street,daytime,clear,2,adult,stopped
video_0089,0,60,109,109,50,0,False,1,street,daytime,clear,2,adult,stopped
video_0089,0,70,119,119,50,0,False,1,street,daytime,clear,2,adult,stopped
video_0089,0,80,129,129,50,0,False,1,street,daytime,clear,2,adult,stopped
video_0089,0,90,139,139,50,0,False,1,street,daytime,clear,2,adult,accelerating
video_0089,0,100,149,149,50,0,False,1,street,daytime,clear,2,adult,accelerating
video_0089,0,110,159,159,50,0,False,2,street,daytime,clear,2,adult,decelerating
video_0089,0,120,169,169,50,0,False,1,street,daytime,clear,2,adult,decelerating
video_0089,0,130,179,179,50,0,False,1,street,daytime,clear,2,adult,decelerating
video_0089,0,140,189,189,50,0,False,2,street,daytime,clear,2,adult,decelerating
video_0089,0,150,199,199,50,5,False,2,street,daytime,clear,2,adult,decelerating
video_0089,0,160,209,209,50,5,False,2,street,daytime,clear,2,adult,stopped
video_0089,0,170,219,219,50,5,False,2,street,daytime,clear,2,adult,accelerating
video_0089,0,180,229,229,50,5,False,2,street,daytime,clear,2,adult,accelerating
video_0089,0,190,239,239,50,5,False,2,street,daytime,clear,2,adult,decelerating
video_0089,0,200,249,249,50,0,False,2,street,daytime,clear,2,adult,decelerating
video_0089,0,210,259,259,50,0,False,2,street,daytime,clear,2,adult,decelerating
video_0089,0,220,269,269,50,0,False,2,street,daytime,clear,2,adult,accelerating
video_0089,0,230,279,269,40,0,False,2,street,daytime,clear,2,adult,accelerating
video_0089,0,240,289,269,30,0,False,2,street,daytime,clear,2,adult,accelerating
video_0089,0,250,299,269,20,0,False,2,street,daytime,clear,2,adult,accelerating
video_0089,0,260,309,309,20,1,False,2,street,daytime,clear,2,adult,accelerating
video_0089,0,270,319,319,20,1,False,1,street,daytime,clear,2,adult,accelerating
video_0089,0,280,329,329,30,11,False,1,street,daytime,clear,2,adult,accelerating
video_0089,0,290,339,329,30,11,False,1,street,daytime,clear,2,adult,accelerating
video_0089,0,300,349,329,30,11,False,1,street,daytime,clear,2,adult,accelerating
video_0089,0,310,359,329,20,10,False,1,street,daytime,clear,2,adult,accelerating
video_0089,0,320,369,329,10,10,False,1,street,daytime,clear,2,adult,accelerating
video_0089,1,150,199,199,50,0,False,2,street,daytime,clear,2,adult,decelerating
video_0089,1,160,209,209,50,0,False,2,street,daytime,clear,2,adult,stopped
video_0089,1,170,219,219,50,0,False,2,street,daytime,clear,2,adult,accelerating
video_0089,1,180,229,229,50,0,False,2,street,daytime,clear,2,adult,accelerating
video_0089,1,190,239,239,50,0,False,2,street,daytime,clear,2,adult,decelerating
video_0089,1,200,249,249,50,0,False,2,street,daytime,clear,2,adult,decelerating
video_0089,1,210,259,259,50,0,False,2,street,daytime,clear,2,adult,decelerating
video_0089,1,220,269,269,50,0,False,2,street,daytime,clear,2,adult,accelerating
video_0089,1,230,279,269,40,0,False,2,street,daytime,clear,2,adult,accelerating
video_0089,1,240,289,269,30,0,False,2,street,daytime,clear,2,adult,accelerating
video_0089,1,250,299,269,20,0,False,2,street,daytime,clear,2,adult,accelerating
video_0089,1,260,309,269,10,0,False,2,street,daytime,clear,2,adult,accelerating
video_0090,0,0,49,49,50,0,False,1,street,daytime,clear,2,adult,decelerating
video_0090,0,10,59,59,50,0,False,1,street,daytime,clear,2,adult,decelerating
video_0090,0,20,69,59,40,0,False,1,street,daytime,clear,2,adult,decelerating
video_0090,0,30,79,59,30,0,False,0,street,daytime,clear,2,adult,decelerating
video_0090,0,40,89,59,20,0,False,0,street,daytime,clear,2,adult,decelerating
video_0090,0,50,99,99,20,0,False,2,street,daytime,clear,2,adult,decelerating
video_0090,0,60,109,109,20,0,False,2,street,daytime,clear,2,adult,decelerating
video_0090,0,70,119,119,30,0,False,2,street,daytime,clear,2,adult,stopped
video_0090,0,80,129,129,40,0,False,2,street,daytime,clear,2,adult,stopped
video_0090,0,90,139,139,50,0,False,2,street,daytime,clear,2,adult,stopped
video_0090,0,100,149,149,50,0,False,2,street,daytime,clear,2,adult,stopped
video_0090,0,110,159,159,50,0,False,2,street,daytime,clear,2,adult,stopped
video_0090,0,120,169,169,50,0,False,2,street,daytime,clear,2,adult,accelerating
video_0090,0,130,179,179,50,0,False,2,street,daytime,clear,2,adult,accelerating
video_0090,0,140,189,189,50,0,False,2,street,daytime,clear,2,adult,accelerating
video_0090,0,150,199,199,50,0,False,2,street,daytime,clear,2,adult,accelerating
video_0090,0,160,209,209,50,0,False,2,street,daytime,clear,2,adult,accelerating
video_0090,0,170,219,209,40,0,False,2,street,daytime,clear,2,adult,accelerating
video_0090,0,180,229,209,30,0,False,1,street,daytime,clear,2,adult,accelerating
video_0090,0,190,239,209,20,0,False,1,street,daytime,clear,2,adult,accelerating
video_0090,0,200,249,249,20,0,False,1,street,daytime,clear,2,adult,accelerating
video_0090,0,210,259,259,20,0,False,0,street,daytime,clear,2,adult,accelerating
video_0090,0,220,269,269,30,0,False,0,street,daytime,clear,2,adult,accelerating
video_0090,0,230,279,279,40,0,False,2,street,daytime,clear,2,adult,accelerating
video_0090,0,240,289,289,50,0,False,2,street,daytime,clear,2,adult,accelerating
video_0090,0,250,299,299,50,0,False,2,street,daytime,clear,2,adult,accelerating
video_0090,0,260,309,299,40,0,False,2,street,daytime,clear,2,adult,accelerating
video_0090,0,270,319,299,30,0,False,2,street,daytime,clear,2,adult,accelerating
video_0090,0,280,329,299,20,0,False,2,street,daytime,clear,2,adult,accelerating
video_0090,0,290,339,299,10,0,False,2,street,daytime,clear,2,adult,accelerating
video_0090,1,90,139,139,50,0,False,2,street,daytime,clear,2,adult,stopped
video_0090,1,100,149,149,50,0,False,2,street,daytime,clear,2,adult,stopped
video_0090,1,110,159,159,50,0,False,2,street,daytime,clear,2,adult,stopped
video_0090,1,120,169,169,50,0,False,2,street,daytime,clear,2,adult,accelerating
video_0090,1,130,179,179,50,0,False,2,street,daytime,clear,2,adult,accelerating
video_0090,1,140,189,179,40,0,False,2,street,daytime,clear,2,adult,accelerating
video_0090,1,150,199,179,30,0,False,2,street,daytime,clear,2,adult,accelerating
video_0090,1,160,209,179,20,0,False,2,street,daytime,clear,2,adult,accelerating
video_0090,1,170,219,179,10,0,False,2,street,daytime,clear,2,adult,accelerating
video_0090,1,230,279,279,10,0,False,2,street,daytime,clear,2,adult,accelerating
video_0090,1,240,289,289,20,0,False,2,street,daytime,clear,2,adult,accelerating
video_0090,1,250,299,299,30,0,False,2,street,daytime,clear,2,adult,accelerating
video_0090,1,260,309,299,30,0,False,2,street,daytime,clear,2,adult,accelerating
video_0090,1,270,319,299,30,0,False,2,street,daytime,clear,2,adult,accelerating
video_0090,1,280,329,299,20,0,False,2,street,daytime,clear,2,adult,accelerating
video_0090,1,290,339,299,10,0,False,2,street,daytime,clear,2,adult,accelerating
video_0091,0,30,79,79,50,28,True,1,street,daytime,rain,1,adult,decelerating
video_0091,0,40,89,89,50,20,False,1,street,daytime,rain,1,adult,decelerating
video_0091,0,50,99,99,50,16,False,1,street,daytime,rain,1,adult,decelerating
video_0091,0,60,109,109,50,13,False,1,street,daytime,rain,1,adult,decelerating
video_0091,0,70,119,119,50,7,False,1,street,daytime,rain,1,adult,decelerating
video_0091,0,80,129,129,50,0,False,1,street,daytime,rain,1,adult,decelerating
video_0091,0,90,139,139,50,0,False,1,street,daytime,rain,1,adult,decelerating
video_0091,0,100,149,149,50,2,False,1,street,daytime,rain,1,adult,decelerating
video_0091,0,110,159,159,50,11,False,1,street,daytime,rain,1,adult,decelerating
video_0091,0,120,169,169,50,21,False,1,street,daytime,rain,1,adult,decelerating
video_0091,0,130,179,179,50,31,True,1,street,daytime,rain,1,adult,decelerating
video_0091,0,140,189,179,40,31,True,1,street,daytime,rain,1,adult,decelerating
video_0091,0,150,199,179,30,29,True,1,street,daytime,rain,1,adult,decelerating
video_0091,0,160,209,179,20,20,False,1,street,daytime,rain,1,adult,decelerating
video_0091,0,170,219,179,10,10,False,1,street,daytime,rain,1,adult,decelerating
video_0092,0,0,49,49,50,2,False,2,street,daytime,cloudy,4,"adult,senior",decelerating
video_0092,0,10,59,59,50,2,False,2,street,daytime,cloudy,4,"adult,senior",decelerating
video_0092,0,20,69,69,50,1,False,2,street,daytime,cloudy,4,"adult,senior",decelerating
video_0092,0,30,79,79,50,0,False,2,street,daytime,cloudy,4,"adult,senior",decelerating
video_0092,0,40,89,89,50,0,False,2,street,daytime,cloudy,4,"adult,senior",accelerating
video_0092,0,50,99,99,50,2,False,2,street,daytime,cloudy,4,"adult,senior",accelerating
video_0092,0,60,109,109,50,12,False,2,street,daytime,cloudy,4,"adult,senior",decelerating
video_0092,0,70,119,119,50,22,False,2,street,daytime,cloudy,4,"adult,senior",decelerating
video_0092,0,80,129,129,50,22,False,2,street,daytime,cloudy,4,"adult,senior",accelerating
video_0092,0,90,139,139,50,22,False,2,street,daytime,cloudy,4,"adult,senior",accelerating
video_0092,0,100,149,149,50,20,False,2,street,daytime,cloudy,4,"adult,senior",accelerating
video_0092,0,110,159,149,40,10,False,2,street,daytime,cloudy,4,"adult,senior",accelerating
video_0092,0,120,169,149,30,0,False,1,street,daytime,cloudy,4,"adult,senior",accelerating
video_0092,0,130,179,149,20,0,False,1,street,daytime,cloudy,4,"adult,senior",accelerating
video_0092,0,140,189,149,10,0,False,1,street,daytime,cloudy,4,"adult,senior",accelerating
video_0092,1,0,49,49,50,2,False,2,street,daytime,cloudy,4,"adult,senior",decelerating
video_0092,1,10,59,59,50,2,False,2,street,daytime,cloudy,4,"adult,senior",decelerating
video_0092,1,20,69,69,50,1,False,2,street,daytime,cloudy,4,"adult,senior",decelerating
video_0092,1,30,79,79,50,0,False,2,street,daytime,cloudy,4,"adult,senior",decelerating
video_0092,1,40,89,89,50,0,False,2,street,daytime,cloudy,4,"adult,senior",accelerating
video_0092,1,50,99,99,50,2,False,2,street,daytime,cloudy,4,"adult,senior",accelerating
video_0092,1,60,109,109,50,12,False,2,street,daytime,cloudy,4,"adult,senior",decelerating
video_0092,1,70,119,119,50,22,False,2,street,daytime,cloudy,4,"adult,senior",decelerating
video_0092,1,80,129,129,50,30,True,2,street,daytime,cloudy,4,"adult,senior",accelerating
video_0092,1,90,139,139,50,32,True,2,street,daytime,cloudy,4,"adult,senior",accelerating
video_0092,1,100,149,149,50,40,True,2,street,daytime,cloudy,4,"adult,senior",accelerating
video_0092,1,110,159,149,40,30,True,2,street,daytime,cloudy,4,"adult,senior",accelerating
video_0092,1,120,169,149,30,20,False,1,street,daytime,cloudy,4,"adult,senior",accelerating
video_0092,1,130,179,149,20,12,False,1,street,daytime,cloudy,4,"adult,senior",accelerating
video_0092,1,140,189,149,10,10,False,1,street,daytime,cloudy,4,"adult,senior",accelerating
video_0094,0,0,49,49,50,14,False,2,street,daytime,clear,2,young,decelerating
video_0094,0,10,59,59,50,24,False,2,street,daytime,clear,2,young,decelerating
video_0094,0,20,69,69,50,34,True,2,street,daytime,clear,2,young,decelerating
video_0094,0,30,79,79,50,43,True,2,street,daytime,clear,2,young,decelerating
video_0094,0,40,89,89,50,49,True,2,street,daytime,clear,2,young,decelerating
video_0094,0,50,99,99,50,39,True,2,street,daytime,clear,2,young,decelerating
video_0094,0,60,109,109,50,29,True,2,street,daytime,clear,2,young,decelerating
video_0094,0,70,119,119,50,19,False,2,street,daytime,clear,2,young,decelerating
video_0094,0,80,129,129,50,12,False,2,street,daytime,clear,2,young,decelerating
video_0094,0,90,139,139,50,9,False,2,street,daytime,clear,2,young,accelerating
video_0094,0,100,149,149,50,11,False,2,street,daytime,clear,2,young,accelerating
video_0094,0,110,159,159,50,11,False,2,street,daytime,clear,2,young,decelerating
video_0094,0,120,169,169,50,11,False,2,street,daytime,clear,2,young,accelerating
video_0094,0,130,179,179,50,9,False,2,street,daytime,clear,2,young,accelerating
video_0094,0,140,189,189,50,2,False,2,street,daytime,clear,2,young,decelerating
video_0094,0,150,199,199,50,0,False,2,street,daytime,clear,2,young,decelerating
video_0094,0,160,209,209,50,2,False,2,street,daytime,clear,2,young,accelerating
video_0094,0,170,219,219,50,3,False,2,street,daytime,clear,2,young,accelerating
video_0094,0,180,229,229,50,3,False,2,street,daytime,clear,2,young,accelerating
video_0094,0,190,239,239,50,3,False,2,street,daytime,clear,2,young,accelerating
video_0094,0,200,249,239,40,3,False,2,street,daytime,clear,2,young,accelerating
video_0094,0,210,259,239,30,1,False,2,street,daytime,clear,2,young,accelerating
video_0094,0,220,269,239,20,0,False,2,street,daytime,clear,2,young,accelerating
video_0094,0,230,279,279,20,9,False,2,street,daytime,clear,2,young,accelerating
video_0094,0,240,289,289,20,16,False,1,street,daytime,clear,2,young,accelerating
video_0094,0,250,299,299,30,24,False,1,street,daytime,clear,2,young,accelerating
video_0094,0,260,309,299,30,24,False,1,street,daytime,clear,2,young,accelerating
video_0094,0,270,319,299,30,24,False,1,street,daytime,clear,2,young,accelerating
video_0094,0,280,329,299,20,15,False,1,street,daytime,clear,2,young,accelerating
video_0094,0,290,339,299,10,8,False,1,street,daytime,clear,2,young,accelerating
video_0094,1,30,79,79,50,43,True,2,street,daytime,clear,2,young,decelerating
video_0094,1,40,89,89,50,49,True,2,street,daytime,clear,2,young,decelerating
video_0094,1,50,99,99,50,49,True,2,street,daytime,clear,2,young,decelerating
video_0094,1,60,109,109,50,49,True,2,street,daytime,clear,2,young,decelerating
video_0094,1,70,119,119,50,48,True,2,street,daytime,clear,2,young,decelerating
video_0094,1,80,129,129,50,41,True,2,street,daytime,clear,2,young,decelerating
video_0094,1,90,139,139,50,38,True,2,street,daytime,clear,2,young,accelerating
video_0094,1,100,149,149,50,30,True,2,street,daytime,clear,2,young,accelerating
video_0094,1,110,159,159,50,21,False,2,street,daytime,clear,2,young,decelerating
video_0094,1,120,169,169,50,12,False,2,street,daytime,clear,2,young,accelerating
video_0094,1,130,179,179,50,11,False,2,street,daytime,clear,2,young,accelerating
video_0094,1,140,189,189,50,4,False,2,street,daytime,clear,2,young,decelerating
video_0094,1,150,199,199,50,2,False,2,street,daytime,clear,2,young,decelerating
video_0094,1,160,209,209,50,1,False,2,street,daytime,clear,2,young,accelerating
video_0094,1,170,219,219,50,2,False,2,street,daytime,clear,2,young,accelerating
video_0094,1,180,229,229,50,1,False,2,street,daytime,clear,2,young,accelerating
video_0094,1,190,239,239,50,1,False,2,street,daytime,clear,2,young,accelerating
video_0094,1,200,249,239,40,1,False,2,street,daytime,clear,2,young,accelerating
video_0094,1,210,259,239,30,1,False,2,street,daytime,clear,2,young,accelerating
video_0094,1,220,269,239,20,0,False,2,street,daytime,clear,2,young,accelerating
video_0094,1,230,279,239,10,0,False,2,street,daytime,clear,2,young,accelerating
video_0095,0,60,109,109,50,16,False,1,street,daytime,clear,2,adult,decelerating
video_0095,0,70,119,119,50,8,False,1,street,daytime,clear,2,adult,decelerating
video_0095,0,80,129,129,50,3,False,1,street,daytime,clear,2,adult,decelerating
video_0095,0,90,139,139,50,2,False,1,street,daytime,clear,2,adult,decelerating
video_0095,0,100,149,149,50,1,False,1,street,daytime,clear,2,adult,decelerating
video_0095,0,110,159,159,50,1,False,1,street,daytime,clear,2,adult,accelerating
video_0095,0,120,169,169,50,0,False,1,street,daytime,clear,2,adult,accelerating
video_0095,0,130,179,179,50,0,False,1,street,daytime,clear,2,adult,accelerating
video_0095,0,140,189,189,50,0,False,1,street,daytime,clear,2,adult,accelerating
video_0095,0,150,199,199,50,0,False,1,street,daytime,clear,2,adult,accelerating
video_0095,0,160,209,209,50,0,False,1,street,daytime,clear,2,adult,decelerating
video_0095,0,170,219,209,40,0,False,1,street,daytime,clear,2,adult,decelerating
video_0095,0,180,229,209,30,0,False,1,street,daytime,clear,2,adult,decelerating
video_0095,0,190,239,209,20,0,False,1,street,daytime,clear,2,adult,decelerating
video_0095,0,200,249,209,10,0,False,1,street,daytime,clear,2,adult,decelerating
video_0096,0,0,49,49,50,20,False,2,street,daytime,clear,3,adult,accelerating
video_0096,0,10,59,59,50,30,True,2,street,daytime,clear,3,adult,accelerating
video_0096,0,20,69,69,50,30,True,2,street,daytime,clear,3,adult,accelerating
video_0096,0,30,79,79,50,30,True,2,street,daytime,clear,3,adult,decelerating
video_0096,0,40,89,89,50,20,False,2,street,daytime,clear,3,adult,accelerating
video_0096,0,50,99,99,50,10,False,2,street,daytime,clear,3,adult,accelerating
video_0096,0,60,109,109,50,0,False,1,street,daytime,clear,3,adult,decelerating
video_0096,0,70,119,119,50,0,False,1,street,daytime,clear,3,adult,decelerating
video_0096,0,80,129,129,50,0,False,1,street,daytime,clear,3,adult,accelerating
video_0096,0,90,139,139,50,0,False,1,street,daytime,clear,3,adult,accelerating
video_0096,0,100,149,149,50,0,False,1,street,daytime,clear,3,adult,accelerating
video_0096,0,110,159,159,50,0,False,1,street,daytime,clear,3,adult,accelerating
video_0096,0,120,169,169,50,0,False,0,street,daytime,clear,3,adult,accelerating
video_0096,0,130,179,179,50,0,False,0,street,daytime,clear,3,adult,accelerating
video_0096,0,140,189,189,50,10,False,2,street,daytime,clear,3,adult,accelerating
video_0096,0,150,199,199,50,20,False,2,street,daytime,clear,3,adult,accelerating
video_0096,0,160,209,209,50,30,True,2,street,daytime,clear,3,adult,accelerating
video_0096,0,170,219,219,50,40,True,2,street,daytime,clear,3,adult,accelerating
video_0096,0,180,229,229,50,50,True,2,street,daytime,clear,3,adult,accelerating
video_0096,0,190,239,239,50,50,True,2,street,daytime,clear,3,adult,accelerating
video_0096,0,200,249,239,40,40,True,2,street,daytime,clear,3,adult,accelerating
video_0096,0,210,259,239,30,30,True,2,street,daytime,clear,3,adult,accelerating
video_0096,0,220,269,239,20,20,False,2,street,daytime,clear,3,adult,accelerating
video_0096,0,230,279,239,10,10,False,2,street,daytime,clear,3,adult,accelerating
video_0096,1,30,79,79,50,30,True,2,street,daytime,clear,3,adult,decelerating
video_0096,1,40,89,89,50,20,False,2,street,daytime,clear,3,adult,accelerating
video_0096,1,50,99,99,50,20,False,2,street,daytime,clear,3,adult,accelerating
video_0096,1,60,109,109,50,20,False,1,street,daytime,clear,3,adult,decelerating
video_0096,1,70,119,119,50,30,True,1,street,daytime,clear,3,adult,decelerating
video_0096,1,80,129,129,50,30,True,1,street,daytime,clear,3,adult,accelerating
video_0096,1,90,139,139,50,30,True,1,street,daytime,clear,3,adult,accelerating
video_0096,1,100,149,149,50,20,False,1,street,daytime,clear,3,adult,accelerating
video_0096,1,110,159,149,40,10,False,1,street,daytime,clear,3,adult,accelerating
video_0096,1,120,169,149,30,0,False,0,street,daytime,clear,3,adult,accelerating
video_0096,1,130,179,149,20,0,False,0,street,daytime,clear,3,adult,accelerating
video_0096,1,140,189,189,20,10,False,2,street,daytime,clear,3,adult,accelerating
video_0096,1,150,199,199,20,20,False,2,street,daytime,clear,3,adult,accelerating
video_0096,1,160,209,209,30,30,True,2,street,daytime,clear,3,adult,accelerating
video_0096,1,170,219,219,40,40,True,2,street,daytime,clear,3,adult,accelerating
video_0096,1,180,229,229,50,50,True,2,street,daytime,clear,3,adult,accelerating
video_0096,1,190,239,239,50,50,True,2,street,daytime,clear,3,adult,accelerating
video_0096,1,200,249,239,40,40,True,2,street,daytime,clear,3,adult,accelerating
video_0096,1,210,259,239,30,30,True,2,street,daytime,clear,3,adult,accelerating
video_0096,1,220,269,239,20,20,False,2,street,daytime,clear,3,adult,accelerating
video_0096,1,230,279,239,10,10,False,2,street,daytime,clear,3,adult,accelerating
video_0097,0,90,139,139,50,0,False,2,street,daytime,cloudy,3,adult,accelerating
video_0097,0,100,149,149,50,0,False,2,street,daytime,cloudy,3,adult,accelerating
video_0097,0,110,159,159,50,0,False,2,street,daytime,cloudy,3,adult,decelerating
video_0097,0,120,169,169,50,0,False,2,street,daytime,cloudy,3,adult,decelerating
video_0097,0,130,179,179,50,0,False,2,street,daytime,cloudy,3,adult,decelerating
video_0097,0,140,189,189,50,0,False,2,street,daytime,cloudy,3,adult,decelerating
video_0097,0,150,199,199,50,0,False,1,street,daytime,cloudy,3,adult,decelerating
video_0097,0,160,209,209,50,0,False,1,street,daytime,cloudy,3,adult,accelerating
video_0097,0,170,219,209,40,0,False,1,street,daytime,cloudy,3,adult,accelerating
video_0097,0,180,229,209,30,0,False,1,street,daytime,cloudy,3,adult,accelerating
video_0097,0,190,239,209,20,0,False,1,street,daytime,cloudy,3,adult,accelerating
video_0097,0,200,249,209,10,0,False,1,street,daytime,cloudy,3,adult,accelerating
video_0097,1,120,169,149,30,0,False,2,street,daytime,cloudy,3,adult,accelerating
video_0097,1,130,179,149,20,0,False,2,street,daytime,cloudy,3,adult,accelerating
video_0097,1,140,189,149,10,0,False,2,street,daytime,cloudy,3,adult,accelerating
video_0098,0,0,49,49,50,11,False,2,street,daytime,clear,2,adult,decelerating
video_0098,0,10,59,59,50,20,False,2,street,daytime,clear,2,adult,decelerating
video_0098,0,20,69,69,50,30,True,2,street,daytime,clear,2,adult,decelerating
video_0098,0,30,79,79,50,40,True,2,street,daytime,clear,2,adult,decelerating
video_0098,0,40,89,89,50,44,True,2,street,daytime,clear,2,adult,accelerating
video_0098,0,50,99,99,50,48,True,2,street,daytime,clear,2,adult,accelerating
video_0098,0,60,109,109,50,41,True,2,street,daytime,clear,2,adult,stopped
video_0098,0,70,119,119,50,33,True,2,street,daytime,clear,2,adult,stopped
video_0098,0,80,129,129,50,33,True,2,street,daytime,clear,2,adult,stopped
video_0098,0,90,139,139,50,33,True,2,street,daytime,clear,2,adult,stopped
video_0098,0,100,149,149,50,34,True,2,street,daytime,clear,2,adult,stopped
video_0098,0,110,159,159,50,39,True,2,street,daytime,clear,2,adult,stopped
video_0098,0,120,169,169,50,43,True,2,street,daytime,clear,2,adult,stopped
video_0098,0,130,179,179,50,43,True,2,street,daytime,clear,2,adult,stopped
video_0098,0,140,189,189,50,43,True,2,street,daytime,clear,2,adult,stopped
video_0098,0,150,199,199,50,43,True,2,street,daytime,clear,2,adult,stopped
video_0098,0,160,209,209,50,46,True,2,street,daytime,clear,2,adult,stopped
video_0098,0,170,219,219,50,40,True,2,street,daytime,clear,2,adult,stopped
video_0098,0,180,229,229,50,30,True,2,street,daytime,clear,2,adult,stopped
video_0098,0,190,239,239,50,20,False,2,street,daytime,clear,2,adult,stopped
video_0098,0,200,249,239,40,10,False,2,street,daytime,clear,2,adult,stopped
video_0098,0,210,259,239,30,0,False,1,street,daytime,clear,2,adult,stopped
video_0098,0,220,269,239,20,0,False,1,street,daytime,clear,2,adult,stopped
video_0098,0,230,279,239,10,0,False,1,street,daytime,clear,2,adult,stopped
video_0098,1,0,49,49,50,30,True,2,street,daytime,clear,2,adult,decelerating
video_0098,1,10,59,59,50,38,True,2,street,daytime,clear,2,adult,decelerating
video_0098,1,20,69,69,50,40,True,2,street,daytime,clear,2,adult,decelerating
video_0098,1,30,79,79,50,40,True,2,street,daytime,clear,2,adult,decelerating
video_0098,1,40,89,89,50,44,True,2,street,daytime,clear,2,adult,accelerating
video_0098,1,50,99,99,50,48,True,2,street,daytime,clear,2,adult,accelerating
video_0098,1,60,109,109,50,41,True,2,street,daytime,clear,2,adult,stopped
video_0098,1,70,119,119,50,33,True,2,street,daytime,clear,2,adult,stopped
video_0098,1,80,129,129,50,33,True,2,street,daytime,clear,2,adult,stopped
video_0098,1,90,139,139,50,33,True,2,street,daytime,clear,2,adult,stopped
video_0098,1,100,149,149,50,34,True,2,street,daytime,clear,2,adult,stopped
video_0098,1,110,159,159,50,39,True,2,street,daytime,clear,2,adult,stopped
video_0098,1,120,169,169,50,43,True,2,street,daytime,clear,2,adult,stopped
video_0098,1,130,179,179,50,43,True,2,street,daytime,clear,2,adult,stopped
video_0098,1,140,189,189,50,43,True,2,street,daytime,clear,2,adult,stopped
video_0098,1,150,199,199,50,43,True,2,street,daytime,clear,2,adult,stopped
video_0098,1,160,209,209,50,46,True,2,street,daytime,clear,2,adult,stopped
video_0098,1,170,219,219,50,50,True,2,street,daytime,clear,2,adult,stopped
video_0098,1,180,229,229,50,50,True,2,street,daytime,clear,2,adult,stopped
video_0098,1,190,239,239,50,50,True,2,street,daytime,clear,2,adult,stopped
video_0098,1,200,249,239,40,40,True,2,street,daytime,clear,2,adult,stopped
video_0098,1,210,259,239,30,30,True,1,street,daytime,clear,2,adult,stopped
video_0098,1,220,269,239,20,20,False,1,street,daytime,clear,2,adult,stopped
video_0098,1,230,279,239,10,10,False,1,street,daytime,clear,2,adult,stopped
video_0099,0,0,49,29,30,0,False,0,street,daytime,rain,4,adult,accelerating
video_0099,0,10,59,29,20,0,False,0,street,daytime,rain,4,adult,accelerating
video_0099,0,20,69,29,10,0,False,0,street,daytime,rain,4,adult,accelerating
video_0099,0,50,99,99,10,0,False,1,street,daytime,rain,4,adult,decelerating
video_0099,0,60,109,109,20,0,False,1,street,daytime,rain,4,adult,decelerating
video_0099,0,70,119,119,30,0,False,1,street,daytime,rain,4,adult,decelerating
video_0099,0,80,129,129,40,0,False,1,street,daytime,rain,4,adult,decelerating
video_0099,0,90,139,139,50,0,False,1,street,daytime,rain,4,adult,decelerating
video_0099,0,100,149,149,50,0,False,1,street,daytime,rain,4,adult,accelerating
video_0099,0,110,159,149,40,0,False,1,street,daytime,rain,4,adult,accelerating
video_0099,0,120,169,149,30,0,False,1,street,daytime,rain,4,adult,accelerating
video_0099,0,130,179,149,20,0,False,1,street,daytime,rain,4,adult,accelerating
video_0099,0,140,189,149,10,0,False,1,street,daytime,rain,4,adult,accelerating
video_0099,1,0,49,29,30,0,False,0,street,daytime,rain,4,adult,accelerating
video_0099,1,10,59,29,20,0,False,0,street,daytime,rain,4,adult,accelerating
video_0099,1,20,69,29,10,0,False,0,street,daytime,rain,4,adult,accelerating
video_0100,0,60,109,89,30,5,False,1,street,daytime,rain,4,adult,decelerating
video_0100,0,70,119,89,20,5,False,1,street,daytime,rain,4,adult,decelerating
video_0100,0,80,129,129,20,8,False,1,street,daytime,rain,4,adult,decelerating
video_0100,0,90,139,139,20,5,False,1,street,daytime,rain,4,adult,decelerating
video_0100,0,100,149,149,30,5,False,1,street,daytime,rain,4,adult,decelerating
video_0100,0,110,159,159,40,5,False,2,street,daytime,rain,4,adult,decelerating
video_0100,0,120,169,169,50,5,False,2,street,daytime,rain,4,adult,decelerating
video_0100,0,130,179,179,50,1,False,2,street,daytime,rain,4,adult,decelerating
video_0100,0,140,189,189,50,0,False,2,street,daytime,rain,4,adult,accelerating
video_0100,0,150,199,199,50,0,False,2,street,daytime,rain,4,adult,accelerating
video_0100,0,160,209,209,50,0,False,2,street,daytime,rain,4,adult,accelerating
video_0100,0,170,219,209,40,0,False,2,street,daytime,rain,4,adult,accelerating
video_0100,0,180,229,209,30,0,False,2,street,daytime,rain,4,adult,accelerating
video_0100,0,190,239,209,20,0,False,2,street,daytime,rain,4,adult,accelerating
video_0100,0,200,249,209,10,0,False,2,street,daytime,rain,4,adult,accelerating
video_0100,1,150,199,199,50,0,False,2,street,daytime,rain,4,adult,accelerating
video_0100,1,160,209,209,50,0,False,2,street,daytime,rain,4,adult,accelerating
video_0100,1,170,219,209,40,0,False,2,street,daytime,rain,4,adult,accelerating
video_0100,1,180,229,209,30,0,False,2,street,daytime,rain,4,adult,accelerating
video_0100,1,190,239,209,20,0,False,2,street,daytime,rain,4,adult,accelerating
video_0100,1,200,249,209,10,0,False,2,street,daytime,rain,4,adult,accelerating
video_0101,0,60,109,89,30,30,True,1,street,daytime,cloudy,2,adult,decelerating
video_0101,0,70,119,89,20,20,False,1,street,daytime,cloudy,2,adult,decelerating
video_0101,0,80,129,89,10,10,False,1,street,daytime,cloudy,2,adult,decelerating
video_0101,0,110,159,159,10,10,False,1,street,daytime,cloudy,2,adult,decelerating
video_0101,0,120,169,169,20,20,False,1,street,daytime,cloudy,2,adult,decelerating
video_0101,0,130,179,179,30,30,True,1,street,daytime,cloudy,2,adult,stopped
video_0101,0,140,189,189,40,30,True,1,street,daytime,cloudy,2,adult,stopped
video_0101,0,150,199,199,50,30,True,1,street,daytime,cloudy,2,adult,stopped
video_0101,0,160,209,209,50,20,False,1,street,daytime,cloudy,2,adult,stopped
video_0101,0,170,219,219,50,20,False,1,street,daytime,cloudy,2,adult,stopped
video_0101,0,180,229,229,50,20,False,1,street,daytime,cloudy,2,adult,stopped
video_0101,0,190,239,239,50,30,True,1,street,daytime,cloudy,2,adult,stopped
video_0101,0,200,249,249,50,40,True,1,street,daytime,cloudy,2,adult,stopped
video_0101,0,210,259,259,50,49,True,1,street,daytime,cloudy,2,adult,stopped
video_0101,0,220,269,269,50,49,True,1,street,daytime,cloudy,2,adult,stopped
video_0101,0,230,279,269,40,39,True,1,street,daytime,cloudy,2,adult,stopped
video_0101,0,240,289,269,30,29,True,1,street,daytime,cloudy,2,adult,stopped
video_0101,0,250,299,269,20,19,False,1,street,daytime,cloudy,2,adult,stopped
video_0101,0,260,309,269,10,10,False,1,street,daytime,cloudy,2,adult,stopped
video_0102,0,0,49,49,50,0,False,1,street,daytime,cloudy,3,adult,decelerating
video_0102,0,10,59,59,50,0,False,1,street,daytime,cloudy,3,adult,decelerating
video_0102,0,20,69,69,50,0,False,1,street,daytime,cloudy,3,adult,decelerating
video_0102,0,30,79,79,50,0,False,1,street,daytime,cloudy,3,adult,decelerating
video_0102,0,40,89,89,50,0,False,1,street,daytime,cloudy,3,adult,decelerating
video_0102,0,50,99,99,50,0,False,1,street,daytime,cloudy,3,adult,decelerating
video_0102,0,60,109,109,50,0,False,1,street,daytime,cloudy,3,adult,decelerating
video_0102,0,70,119,119,50,0,False,1,street,daytime,cloudy,3,adult,stopped
video_0102,0,80,129,129,50,0,False,1,street,daytime,cloudy,3,adult,stopped
video_0102,0,90,139,139,50,0,False,1,street,daytime,cloudy,3,adult,stopped
video_0102,0,100,149,149,50,0,False,1,street,daytime,cloudy,3,adult,stopped
video_0102,0,110,159,159,50,0,False,1,street,daytime,cloudy,3,adult,stopped
video_0102,0,120,169,169,50,0,False,0,street,daytime,cloudy,3,adult,stopped
video_0102,0,130,179,179,50,0,False,0,street,daytime,cloudy,3,adult,stopped
video_0102,0,140,189,189,50,0,False,0,street,daytime,cloudy,3,adult,stopped
video_0102,0,150,199,199,50,0,False,0,street,daytime,cloudy,3,adult,stopped
video_0102,0,160,209,209,50,0,False,0,street,daytime,cloudy,3,adult,stopped
video_0102,0,170,219,219,50,0,False,1,street,daytime,cloudy,3,adult,stopped
video_0102,0,180,229,229,50,0,False,1,street,daytime,cloudy,3,adult,stopped
video_0102,0,190,239,239,50,0,False,1,street,daytime,cloudy,3,adult,stopped
video_0102,0,200,249,249,50,0,False,2,street,daytime,cloudy,3,adult,stopped
video_0102,0,210,259,259,50,0,False,2,street,daytime,cloudy,3,adult,stopped
video_0102,0,220,269,269,50,0,False,2,street,daytime,cloudy,3,adult,accelerating
video_0102,0,230,279,279,50,0,False,2,street,daytime,cloudy,3,adult,accelerating
video_0102,0,240,289,289,50,0,False,2,street,daytime,cloudy,3,adult,accelerating
video_0102,0,250,299,299,50,0,False,2,street,daytime,cloudy,3,adult,accelerating
video_0102,0,260,309,309,50,0,False,2,street,daytime,cloudy,3,adult,accelerating
video_0102,0,270,319,319,50,0,False,1,street,daytime,cloudy,3,adult,decelerating
video_0102,0,280,329,329,50,0,False,1,street,daytime,cloudy,3,adult,decelerating
video_0102,0,290,339,339,50,0,False,2,street,daytime,cloudy,3,adult,decelerating
video_0102,0,300,349,349,50,0,False,2,street,daytime,cloudy,3,adult,decelerating
video_0102,0,310,359,359,50,0,False,2,street,daytime,cloudy,3,adult,decelerating
video_0102,0,320,369,359,40,0,False,2,street,daytime,cloudy,3,adult,decelerating
video_0102,0,330,379,359,30,0,False,2,street,daytime,cloudy,3,adult,decelerating
video_0102,0,340,389,359,20,0,False,2,street,daytime,cloudy,3,adult,decelerating
video_0102,0,350,399,359,10,0,False,2,street,daytime,cloudy,3,adult,decelerating
video_0102,1,0,49,49,50,0,False,1,street,daytime,cloudy,3,adult,decelerating
video_0102,1,10,59,59,50,0,False,1,street,daytime,cloudy,3,adult,decelerating
video_0102,1,20,69,69,50,0,False,1,street,daytime,cloudy,3,adult,decelerating
video_0102,1,30,79,79,50,0,False,1,street,daytime,cloudy,3,adult,decelerating
video_0102,1,40,89,89,50,0,False,1,street,daytime,cloudy,3,adult,decelerating
video_0102,1,50,99,99,50,0,False,1,street,daytime,cloudy,3,adult,decelerating
video_0102,1,60,109,109,50,0,False,1,street,daytime,cloudy,3,adult,decelerating
video_0102,1,70,119,119,50,0,False,1,street,daytime,cloudy,3,adult,stopped
video_0102,1,80,129,129,50,0,False,1,street,daytime,cloudy,3,adult,stopped
video_0102,1,90,139,139,50,0,False,1,street,daytime,cloudy,3,adult,stopped
video_0102,1,100,149,149,50,0,False,1,street,daytime,cloudy,3,adult,stopped
video_0102,1,110,159,159,50,0,False,1,street,daytime,cloudy,3,adult,stopped
video_0102,1,120,169,169,50,0,False,0,street,daytime,cloudy,3,adult,stopped
video_0102,1,130,179,179,50,0,False,0,street,daytime,cloudy,3,adult,stopped
video_0102,1,140,189,189,50,0,False,0,street,daytime,cloudy,3,adult,stopped
video_0102,1,150,199,199,50,0,False,0,street,daytime,cloudy,3,adult,stopped
video_0102,1,160,209,209,50,0,False,0,street,daytime,cloudy,3,adult,stopped
video_0102,1,170,219,219,50,0,False,1,street,daytime,cloudy,3,adult,stopped
video_0102,1,180,229,229,50,0,False,1,street,daytime,cloudy,3,adult,stopped
video_0102,1,190,239,239,50,0,False,1,street,daytime,cloudy,3,adult,stopped
video_0102,1,200,249,249,50,0,False,2,street,daytime,cloudy,3,adult,stopped
video_0102,1,210,259,259,50,0,False,2,street,daytime,cloudy,3,adult,stopped
video_0102,1,220,269,269,50,0,False,2,street,daytime,cloudy,3,adult,accelerating
video_0102,1,230,279,269,40,0,False,2,street,daytime,cloudy,3,adult,accelerating
video_0102,1,240,289,269,30,0,False,2,street,daytime,cloudy,3,adult,accelerating
video_0102,1,250,299,269,20,0,False,2,street,daytime,cloudy,3,adult,accelerating
video_0102,1,260,309,269,10,0,False,2,street,daytime,cloudy,3,adult,accelerating
video_0102,1,290,339,339,10,0,False,2,street,daytime,cloudy,3,adult,decelerating
video_0102,1,300,349,349,20,0,False,2,street,daytime,cloudy,3,adult,decelerating
video_0102,1,310,359,359,30,0,False,2,street,daytime,cloudy,3,adult,decelerating
video_0102,1,320,369,359,30,0,False,2,street,daytime,cloudy,3,adult,decelerating
video_0102,1,330,379,359,30,0,False,2,street,daytime,cloudy,3,adult,decelerating
video_0102,1,340,389,359,20,0,False,2,street,daytime,cloudy,3,adult,decelerating
video_0102,1,350,399,359,10,0,False,2,street,daytime,cloudy,3,adult,decelerating
video_0103,0,90,139,139,50,0,False,2,street,daytime,clear,4,"senior,young",decelerating
video_0103,0,100,149,149,50,0,False,2,street,daytime,clear,4,"senior,young",decelerating
video_0103,0,110,159,159,50,0,False,2,street,daytime,clear,4,"senior,young",decelerating
video_0103,0,120,169,169,50,0,False,2,street,daytime,clear,4,"senior,young",decelerating
video_0103,0,130,179,179,50,0,False,2,street,daytime,clear,4,"senior,young",decelerating
video_0103,0,140,189,189,50,0,False,2,street,daytime,clear,4,"senior,young",decelerating
video_0103,0,150,199,199,50,0,False,1,street,daytime,clear,4,"senior,young",decelerating
video_0103,0,160,209,209,50,0,False,1,street,daytime,clear,4,"senior,young",decelerating
video_0103,0,170,219,219,50,0,False,1,street,daytime,clear,4,"senior,young",decelerating
video_0103,0,180,229,229,50,0,False,1,street,daytime,clear,4,"senior,young",decelerating
video_0103,0,190,239,239,50,0,False,1,street,daytime,clear,4,"senior,young",decelerating
video_0103,0,200,249,249,50,0,False,1,street,daytime,clear,4,"senior,young",accelerating
video_0103,0,210,259,259,50,0,False,1,street,daytime,clear,4,"senior,young",accelerating
video_0103,0,220,269,269,50,0,False,1,street,daytime,clear,4,"senior,young",accelerating
video_0103,0,230,279,279,50,0,False,2,street,daytime,clear,4,"senior,young",accelerating
video_0103,0,240,289,289,50,0,False,2,street,daytime,clear,4,"senior,young",accelerating
video_0103,0,250,299,299,50,0,False,2,street,daytime,clear,4,"senior,young",accelerating
video_0103,0,260,309,309,50,0,False,2,street,daytime,clear,4,"senior,young",accelerating
video_0103,0,270,319,319,50,0,False,2,street,daytime,clear,4,"senior,young",accelerating
video_0103,0,280,329,329,50,0,False,2,street,daytime,clear,4,"senior,young",accelerating
video_0103,0,290,339,329,40,0,False,2,street,daytime,clear,4,"senior,young",accelerating
video_0103,0,300,349,329,30,0,False,2,street,daytime,clear,4,"senior,young",accelerating
video_0103,0,310,359,329,20,0,False,2,street,daytime,clear,4,"senior,young",accelerating
video_0103,0,320,369,329,10,0,False,2,street,daytime,clear,4,"senior,young",accelerating
video_0103,1,90,139,139,50,0,False,2,street,daytime,clear,4,"senior,young",decelerating
video_0103,1,100,149,149,50,0,False,2,street,daytime,clear,4,"senior,young",decelerating
video_0103,1,110,159,149,40,0,False,2,street,daytime,clear,4,"senior,young",decelerating
video_0103,1,120,169,149,30,0,False,2,street,daytime,clear,4,"senior,young",decelerating
video_0103,1,130,179,149,20,0,False,2,street,daytime,clear,4,"senior,young",decelerating
video_0103,1,140,189,149,10,0,False,2,street,daytime,clear,4,"senior,young",decelerating
video_0103,1,230,279,279,10,0,False,2,street,daytime,clear,4,"senior,young",accelerating
video_0103,1,240,289,289,20,0,False,2,street,daytime,clear,4,"senior,young",accelerating
video_0103,1,250,299,299,30,0,False,2,street,daytime,clear,4,"senior,young",accelerating
video_0103,1,260,309,309,40,0,False,2,street,daytime,clear,4,"senior,young",accelerating
video_0103,1,270,319,319,50,0,False,2,street,daytime,clear,4,"senior,young",accelerating
video_0103,1,280,329,329,50,0,False,2,street,daytime,clear,4,"senior,young",accelerating
video_0103,1,290,339,329,40,0,False,2,street,daytime,clear,4,"senior,young",accelerating
video_0103,1,300,349,329,30,0,False,2,street,daytime,clear,4,"senior,young",accelerating
video_0103,1,310,359,329,20,0,False,2,street,daytime,clear,4,"senior,young",accelerating
video_0103,1,320,369,329,10,0,False,2,street,daytime,clear,4,"senior,young",accelerating
video_0104,0,30,79,79,50,42,True,1,street,daytime,clear,2,senior,decelerating
video_0104,0,40,89,89,50,42,True,1,street,daytime,clear,2,senior,decelerating
video_0104,0,50,99,99,50,43,True,2,street,daytime,clear,2,senior,decelerating
video_0104,0,60,109,109,50,48,True,2,street,daytime,clear,2,senior,decelerating
video_0104,0,70,119,119,50,41,True,2,street,daytime,clear,2,senior,accelerating
video_0104,0,80,129,119,40,31,True,2,street,daytime,clear,2,senior,accelerating
video_0104,0,90,139,119,30,21,False,2,street,daytime,clear,2,senior,accelerating
video_0104,0,100,149,119,20,11,False,2,street,daytime,clear,2,senior,accelerating
video_0104,0,110,159,119,10,3,False,2,street,daytime,clear,2,senior,accelerating
video_0104,1,90,139,119,30,21,False,2,street,daytime,clear,2,senior,accelerating
video_0104,1,100,149,119,20,11,False,2,street,daytime,clear,2,senior,accelerating
video_0104,1,110,159,119,10,3,False,2,street,daytime,clear,2,senior,accelerating
video_0105,0,0,49,49,50,0,False,1,street,daytime,clear,3,"adult,child",decelerating
video_0105,0,10,59,59,50,0,False,1,street,daytime,clear,3,"adult,child",decelerating
video_0105,0,20,69,69,50,0,False,1,street,daytime,clear,3,"adult,child",decelerating
video_0105,0,30,79,79,50,0,False,1,street,daytime,clear,3,"adult,child",decelerating
video_0105,0,40,89,89,50,0,False,1,street,daytime,clear,3,"adult,child",accelerating
video_0105,0,50,99,99,50,0,False,2,street,daytime,clear,3,"adult,child",accelerating
video_0105,0,60,109,109,50,0,False,2,street,daytime,clear,3,"adult,child",accelerating
video_0105,0,70,119,119,50,0,False,2,street,daytime,clear,3,"adult,child",accelerating
video_0105,0,80,129,129,50,0,False,2,street,daytime,clear,3,"adult,child",accelerating
video_0105,0,90,139,139,50,0,False,2,street,daytime,clear,3,"adult,child",accelerating
video_0105,0,100,149,149,50,0,False,2,street,daytime,clear,3,"adult,child",accelerating
video_0105,0,110,159,159,50,0,False,2,street,daytime,clear,3,"adult,child",decelerating
video_0105,0,120,169,169,50,0,False,2,street,daytime,clear,3,"adult,child",decelerating
video_0105,0,130,179,179,50,0,False,2,street,daytime,clear,3,"adult,child",decelerating
video_0105,0,140,189,189,50,0,False,2,street,daytime,clear,3,"adult,child",decelerating
video_0105,0,150,199,199,50,0,False,2,street,daytime,clear,3,"adult,child",decelerating
video_0105,0,160,209,209,50,0,False,2,street,daytime,clear,3,"adult,child",decelerating
video_0105,0,170,219,219,50,0,False,2,street,daytime,clear,3,"adult,child",decelerating
video_0105,0,180,229,229,50,0,False,2,street,daytime,clear,3,"adult,child",accelerating
video_0105,0,190,239,239,50,0,False,2,street,daytime,clear,3,"adult,child",accelerating
video_0105,0,200,249,249,50,0,False,2,street,daytime,clear,3,"adult,child",accelerating
video_0105,0,210,259,259,50,0,False,2,street,daytime,clear,3,"adult,child",accelerating
video_0105,0,220,269,269,50,0,False,2,street,daytime,clear,3,"adult,child",accelerating
video_0105,0,230,279,279,50,0,False,2,street,daytime,clear,3,"adult,child",accelerating
video_0105,0,240,289,289,50,0,False,2,street,daytime,clear,3,"adult,child",accelerating
video_0105,0,250,299,299,50,0,False,2,street,daytime,clear,3,"adult,child",accelerating
video_0105,0,260,309,309,50,0,False,2,street,daytime,clear,3,"adult,child",accelerating
video_0105,0,270,319,319,50,0,False,2,street,daytime,clear,3,"adult,child",accelerating
video_0105,0,280,329,329,50,0,False,2,street,daytime,clear,3,"adult,child",accelerating
video_0105,0,290,339,339,50,0,False,2,street,daytime,clear,3,"adult,child",accelerating
video_0105,0,300,349,349,50,0,False,2,street,daytime,clear,3,"adult,child",accelerating
video_0105,0,310,359,359,50,0,False,2,street,daytime,clear,3,"adult,child",accelerating
video_0105,0,320,369,359,40,0,False,2,street,daytime,clear,3,"adult,child",accelerating
video_0105,0,330,379,359,30,0,False,1,street,daytime,clear,3,"adult,child",accelerating
video_0105,0,340,389,359,20,0,False,1,street,daytime,clear,3,"adult,child",accelerating
video_0105,0,350,399,359,10,0,False,1,street,daytime,clear,3,"adult,child",accelerating
video_0105,1,60,109,109,50,0,False,2,street,daytime,clear,3,"adult,child",accelerating
video_0105,1,70,119,119,50,0,False,2,street,daytime,clear,3,"adult,child",accelerating
video_0105,1,80,129,129,50,0,False,2,street,daytime,clear,3,"adult,child",accelerating
video_0105,1,90,139,139,50,0,False,2,street,daytime,clear,3,"adult,child",accelerating
video_0105,1,100,149,149,50,0,False,2,street,daytime,clear,3,"adult,child",accelerating
video_0105,1,110,159,159,50,0,False,2,street,daytime,clear,3,"adult,child",decelerating
video_0105,1,120,169,169,50,0,False,2,street,daytime,clear,3,"adult,child",decelerating
video_0105,1,130,179,179,50,0,False,2,street,daytime,clear,3,"adult,child",decelerating
video_0105,1,140,189,189,50,0,False,2,street,daytime,clear,3,"adult,child",decelerating
video_0105,1,150,199,199,50,0,False,2,street,daytime,clear,3,"adult,child",decelerating
video_0105,1,160,209,209,50,0,False,2,street,daytime,clear,3,"adult,child",decelerating
video_0105,1,170,219,219,50,0,False,2,street,daytime,clear,3,"adult,child",decelerating
video_0105,1,180,229,229,50,0,False,2,street,daytime,clear,3,"adult,child",accelerating
video_0105,1,190,239,239,50,0,False,2,street,daytime,clear,3,"adult,child",accelerating
video_0105,1,200,249,249,50,0,False,2,street,daytime,clear,3,"adult,child",accelerating
video_0105,1,210,259,259,50,0,False,2,street,daytime,clear,3,"adult,child",accelerating
video_0105,1,220,269,269,50,0,False,2,street,daytime,clear,3,"adult,child",accelerating
video_0105,1,230,279,279,50,0,False,2,street,daytime,clear,3,"adult,child",accelerating
video_0105,1,240,289,289,50,0,False,2,street,daytime,clear,3,"adult,child",accelerating
video_0105,1,250,299,299,50,0,False,2,street,daytime,clear,3,"adult,child",accelerating
video_0105,1,260,309,309,50,0,False,2,street,daytime,clear,3,"adult,child",accelerating
video_0105,1,270,319,319,50,0,False,2,street,daytime,clear,3,"adult,child",accelerating
video_0105,1,280,329,329,50,0,False,2,street,daytime,clear,3,"adult,child",accelerating
video_0105,1,290,339,329,40,0,False,2,street,daytime,clear,3,"adult,child",accelerating
video_0105,1,300,349,329,30,0,False,2,street,daytime,clear,3,"adult,child",accelerating
video_0105,1,310,359,329,20,0,False,2,street,daytime,clear,3,"adult,child",accelerating
video_0105,1,320,369,329,10,0,False,2,street,daytime,clear,3,"adult,child",accelerating
video_0106,0,0,49,49,50,29,True,2,plaza,daytime,clear,1,adult,decelerating
video_0106,0,10,59,59,50,19,False,2,plaza,daytime,clear,1,adult,accelerating
video_0106,0,20,69,69,50,10,False,2,plaza,daytime,clear,1,adult,accelerating
video_0106,0,30,79,79,50,0,False,0,plaza,daytime,clear,1,adult,decelerating
video_0106,0,40,89,89,50,0,False,0,plaza,daytime,clear,1,adult,decelerating
video_0106,0,50,99,99,50,0,False,1,plaza,daytime,clear,1,adult,decelerating
video_0106,0,60,109,109,50,0,False,1,plaza,daytime,clear,1,adult,decelerating
video_0106,0,70,119,119,50,0,False,1,plaza,daytime,clear,1,adult,decelerating
video_0106,0,80,129,129,50,0,False,1,plaza,daytime,clear,1,adult,decelerating
video_0106,0,90,139,139,50,0,False,1,plaza,daytime,clear,1,adult,accelerating
video_0106,0,100,149,149,50,0,False,1,plaza,daytime,clear,1,adult,accelerating
video_0106,0,110,159,149,40,0,False,1,plaza,daytime,clear,1,adult,accelerating
video_0106,0,120,169,149,30,0,False,0,plaza,daytime,clear,1,adult,accelerating
video_0106,0,130,179,149,20,0,False,0,plaza,daytime,clear,1,adult,accelerating
video_0106,0,140,189,149,10,0,False,0,plaza,daytime,clear,1,adult,accelerating
video_0106,1,0,49,49,50,29,True,2,plaza,daytime,clear,1,adult,decelerating
video_0106,1,10,59,59,50,19,False,2,plaza,daytime,clear,1,adult,accelerating
video_0106,1,20,69,69,50,10,False,2,plaza,daytime,clear,1,adult,accelerating
video_0106,1,30,79,79,50,0,False,0,plaza,daytime,clear,1,adult,decelerating
video_0106,1,40,89,89,50,0,False,0,plaza,daytime,clear,1,adult,decelerating
video_0106,1,50,99,99,50,10,False,1,plaza,daytime,clear,1,adult,decelerating
video_0106,1,60,109,109,50,20,False,1,plaza,daytime,clear,1,adult,decelerating
video_0106,1,70,119,119,50,30,True,1,plaza,daytime,clear,1,adult,decelerating
video_0106,1,80,129,119,40,30,True,1,plaza,daytime,clear,1,adult,decelerating
video_0106,1,90,139,119,30,30,True,1,plaza,daytime,clear,1,adult,decelerating
video_0106,1,100,149,119,20,20,False,1,plaza,daytime,clear,1,adult,decelerating
video_0106,1,110,159,119,10,10,False,1,plaza,daytime,clear,1,adult,decelerating
video_0107,0,60,109,109,50,30,True,1,street,daytime,clear,2,senior,accelerating
video_0107,0,70,119,119,50,20,False,1,street,daytime,clear,2,senior,decelerating
video_0107,0,80,129,129,50,10,False,1,street,daytime,clear,2,senior,accelerating
video_0107,0,90,139,139,50,0,False,0,street,daytime,clear,2,senior,accelerating
video_0107,0,100,149,149,50,0,False,0,street,daytime,clear,2,senior,accelerating
video_0107,0,110,159,149,40,0,False,0,street,daytime,clear,2,senior,accelerating
video_0107,0,120,169,149,30,0,False,0,street,daytime,clear,2,senior,accelerating
video_0107,0,130,179,149,20,0,False,0,street,daytime,clear,2,senior,accelerating
video_0107,0,140,189,149,10,0,False,0,street,daytime,clear,2,senior,accelerating
video_0108,0,0,49,49,50,26,True,2,street,daytime,cloudy,4,adult,decelerating
video_0108,0,10,59,59,50,16,False,2,street,daytime,cloudy,4,adult,accelerating
video_0108,0,20,69,69,50,7,False,2,street,daytime,cloudy,4,adult,decelerating
video_0108,0,30,79,79,50,0,False,1,street,daytime,cloudy,4,adult,decelerating
video_0108,0,40,89,89,50,0,False,1,street,daytime,cloudy,4,adult,decelerating
video_0108,0,50,99,99,50,0,False,2,street,daytime,cloudy,4,adult,decelerating
video_0108,0,60,109,109,50,0,False,2,street,daytime,cloudy,4,adult,decelerating
video_0108,0,70,119,119,50,0,False,2,street,daytime,cloudy,4,adult,decelerating
video_0108,0,80,129,129,50,0,False,2,street,daytime,cloudy,4,adult,decelerating
video_0108,0,90,139,139,50,0,False,2,street,daytime,cloudy,4,adult,decelerating
video_0108,0,100,149,149,50,0,False,2,street,daytime,cloudy,4,adult,decelerating
video_0108,0,110,159,159,50,0,False,2,street,daytime,cloudy,4,adult,decelerating
video_0108,0,120,169,169,50,0,False,2,street,daytime,cloudy,4,adult,decelerating
video_0108,0,130,179,179,50,0,False,2,street,daytime,cloudy,4,adult,decelerating
video_0108,0,140,189,189,50,0,False,2,street,daytime,cloudy,4,adult,decelerating
video_0108,0,150,199,199,50,0,False,2,street,daytime,cloudy,4,adult,accelerating
video_0108,0,160,209,209,50,0,False,2,street,daytime,cloudy,4,adult,accelerating
video_0108,0,170,219,219,50,0,False,2,street,daytime,cloudy,4,adult,accelerating
video_0108,0,180,229,229,50,0,False,2,street,daytime,cloudy,4,adult,accelerating
video_0108,0,190,239,239,50,0,False,2,street,daytime,cloudy,4,adult,accelerating
video_0108,0,200,249,249,50,0,False,2,street,daytime,cloudy,4,adult,accelerating
video_0108,0,210,259,259,50,0,False,1,street,daytime,cloudy,4,adult,accelerating
video_0108,0,220,269,269,50,0,False,1,street,daytime,cloudy,4,adult,accelerating
video_0108,0,230,279,279,50,0,False,2,street,daytime,cloudy,4,adult,accelerating
video_0108,0,240,289,289,50,0,False,2,street,daytime,cloudy,4,adult,accelerating
video_0108,0,250,299,299,50,0,False,2,street,daytime,cloudy,4,adult,accelerating
video_0108,0,260,309,299,40,0,False,2,street,daytime,cloudy,4,adult,accelerating
video_0108,0,270,319,299,30,0,False,2,street,daytime,cloudy,4,adult,accelerating
video_0108,0,280,329,299,20,0,False,2,street,daytime,cloudy,4,adult,accelerating
video_0108,0,290,339,299,10,0,False,2,street,daytime,cloudy,4,adult,accelerating
video_0108,1,0,49,49,50,14,False,2,street,daytime,cloudy,4,adult,decelerating
video_0108,1,10,59,59,50,14,False,2,street,daytime,cloudy,4,adult,accelerating
video_0108,1,20,69,69,50,14,False,2,street,daytime,cloudy,4,adult,decelerating
video_0108,1,30,79,79,50,14,False,1,street,daytime,cloudy,4,adult,decelerating
video_0108,1,40,89,89,50,4,False,1,street,daytime,cloudy,4,adult,decelerating
video_0108,1,50,99,99,50,0,False,2,street,daytime,cloudy,4,adult,decelerating
video_0108,1,60,109,109,50,0,False,2,street,daytime,cloudy,4,adult,decelerating
video_0108,1,70,119,119,50,0,False,2,street,daytime,cloudy,4,adult,decelerating
video_0108,1,80,129,129,50,0,False,2,street,daytime,cloudy,4,adult,decelerating
video_0108,1,90,139,139,50,0,False,2,street,daytime,cloudy,4,adult,decelerating
video_0108,1,100,149,149,50,0,False,2,street,daytime,cloudy,4,adult,decelerating
video_0108,1,110,159,159,50,0,False,2,street,daytime,cloudy,4,adult,decelerating
video_0108,1,120,169,169,50,0,False,2,street,daytime,cloudy,4,adult,decelerating
video_0108,1,130,179,179,50,0,False,2,street,daytime,cloudy,4,adult,decelerating
video_0108,1,140,189,189,50,0,False,2,street,daytime,cloudy,4,adult,decelerating
video_0108,1,150,199,199,50,0,False,2,street,daytime,cloudy,4,adult,accelerating
video_0108,1,160,209,209,50,0,False,2,street,daytime,cloudy,4,adult,accelerating
video_0108,1,170,219,219,50,0,False,2,street,daytime,cloudy,4,adult,accelerating
video_0108,1,180,229,229,50,0,False,2,street,daytime,cloudy,4,adult,accelerating
video_0108,1,190,239,239,50,0,False,2,street,daytime,cloudy,4,adult,accelerating
video_0108,1,200,249,249,50,0,False,2,street,daytime,cloudy,4,adult,accelerating
video_0108,1,210,259,259,50,0,False,1,street,daytime,cloudy,4,adult,accelerating
video_0108,1,220,269,269,50,0,False,1,street,daytime,cloudy,4,adult,accelerating
video_0108,1,230,279,279,50,0,False,2,street,daytime,cloudy,4,adult,accelerating
video_0108,1,240,289,289,50,0,False,2,street,daytime,cloudy,4,adult,accelerating
video_0108,1,250,299,299,50,0,False,2,street,daytime,cloudy,4,adult,accelerating
video_0108,1,260,309,299,40,0,False,2,street,daytime,cloudy,4,adult,accelerating
video_0108,1,270,319,299,30,0,False,2,street,daytime,cloudy,4,adult,accelerating
video_0108,1,280,329,299,20,0,False,2,street,daytime,cloudy,4,adult,accelerating
video_0108,1,290,339,299,10,0,False,2,street,daytime,cloudy,4,adult,accelerating
video_0109,0,0,49,49,50,7,False,2,street,daytime,cloudy,3,adult,decelerating
video_0109,0,10,59,59,50,0,False,2,street,daytime,cloudy,3,adult,decelerating
video_0109,0,20,69,69,50,0,False,2,street,daytime,cloudy,3,adult,decelerating
video_0109,0,30,79,79,50,0,False,2,street,daytime,cloudy,3,adult,decelerating
video_0109,0,40,89,89,50,0,False,2,street,daytime,cloudy,3,adult,decelerating
video_0109,0,50,99,99,50,0,False,2,street,daytime,cloudy,3,adult,decelerating
video_0109,0,60,109,109,50,0,False,2,street,daytime,cloudy,3,adult,decelerating
video_0109,0,70,119,119,50,0,False,2,street,daytime,cloudy,3,adult,decelerating
video_0109,0,80,129,129,50,0,False,2,street,daytime,cloudy,3,adult,decelerating
video_0109,0,90,139,139,50,0,False,2,street,daytime,cloudy,3,adult,decelerating
video_0109,0,100,149,149,50,0,False,2,street,daytime,cloudy,3,adult,decelerating
video_0109,0,110,159,159,50,0,False,2,street,daytime,cloudy,3,adult,decelerating
video_0109,0,120,169,169,50,0,False,2,street,daytime,cloudy,3,adult,accelerating
video_0109,0,130,179,179,50,0,False,2,street,daytime,cloudy,3,adult,accelerating
video_0109,0,140,189,189,50,0,False,2,street,daytime,cloudy,3,adult,accelerating
video_0109,0,150,199,199,50,0,False,2,street,daytime,cloudy,3,adult,decelerating
video_0109,0,160,209,209,50,0,False,2,street,daytime,cloudy,3,adult,decelerating
video_0109,0,170,219,219,50,0,False,2,street,daytime,cloudy,3,adult,decelerating
video_0109,0,180,229,229,50,0,False,2,street,daytime,cloudy,3,adult,decelerating
video_0109,0,190,239,239,50,0,False,2,street,daytime,cloudy,3,adult,accelerating
video_0109,0,200,249,249,50,0,False,2,street,daytime,cloudy,3,adult,accelerating
video_0109,0,210,259,259,50,0,False,2,street,daytime,cloudy,3,adult,accelerating
video_0109,0,220,269,269,50,0,False,2,street,daytime,cloudy,3,adult,accelerating
video_0109,0,230,279,279,50,0,False,2,street,daytime,cloudy,3,adult,accelerating
video_0109,0,240,289,289,50,0,False,2,street,daytime,cloudy,3,adult,accelerating
video_0109,0,250,299,299,50,0,False,2,street,daytime,cloudy,3,adult,accelerating
video_0109,0,260,309,309,50,0,False,2,street,daytime,cloudy,3,adult,accelerating
video_0109,0,270,319,319,50,0,False,2,street,daytime,cloudy,3,adult,accelerating
video_0109,0,280,329,329,50,0,False,2,street,daytime,cloudy,3,adult,accelerating
video_0109,0,290,339,329,40,0,False,2,street,daytime,cloudy,3,adult,accelerating
video_0109,0,300,349,329,30,0,False,1,street,daytime,cloudy,3,adult,accelerating
video_0109,0,310,359,329,20,0,False,1,street,daytime,cloudy,3,adult,accelerating
video_0109,0,320,369,329,10,0,False,1,street,daytime,cloudy,3,adult,accelerating
video_0109,1,0,49,29,30,7,False,2,street,daytime,cloudy,3,adult,decelerating
video_0109,1,10,59,29,20,0,False,2,street,daytime,cloudy,3,adult,decelerating
video_0109,1,20,69,69,20,0,False,2,street,daytime,cloudy,3,adult,decelerating
video_0109,1,30,79,79,20,0,False,2,street,daytime,cloudy,3,adult,decelerating
video_0109,1,40,89,89,30,0,False,2,street,daytime,cloudy,3,adult,decelerating
video_0109,1,50,99,99,40,0,False,2,street,daytime,cloudy,3,adult,decelerating
video_0109,1,60,109,109,50,0,False,2,street,daytime,cloudy,3,adult,decelerating
video_0109,1,70,119,119,50,0,False,2,street,daytime,cloudy,3,adult,decelerating
video_0109,1,80,129,129,50,0,False,2,street,daytime,cloudy,3,adult,decelerating
video_0109,1,90,139,139,50,0,False,2,street,daytime,cloudy,3,adult,decelerating
video_0109,1,100,149,149,50,0,False,2,street,daytime,cloudy,3,adult,decelerating
video_0109,1,110,159,159,50,0,False,2,street,daytime,cloudy,3,adult,decelerating
video_0109,1,120,169,169,50,0,False,2,street,daytime,cloudy,3,adult,accelerating
video_0109,1,130,179,179,50,0,False,2,street,daytime,cloudy,3,adult,accelerating
video_0109,1,140,189,189,50,0,False,2,street,daytime,cloudy,3,adult,accelerating
video_0109,1,150,199,199,50,0,False,2,street,daytime,cloudy,3,adult,decelerating
video_0109,1,160,209,209,50,0,False,2,street,daytime,cloudy,3,adult,decelerating
video_0109,1,170,219,219,50,0,False,2,street,daytime,cloudy,3,adult,decelerating
video_0109,1,180,229,229,50,0,False,2,street,daytime,cloudy,3,adult,decelerating
video_0109,1,190,239,239,50,0,False,2,street,daytime,cloudy,3,adult,accelerating
video_0109,1,200,249,249,50,0,False,2,street,daytime,cloudy,3,adult,accelerating
video_0109,1,210,259,259,50,0,False,2,street,daytime,cloudy,3,adult,accelerating
video_0109,1,220,269,269,50,0,False,2,street,daytime,cloudy,3,adult,accelerating
video_0109,1,230,279,279,50,0,False,2,street,daytime,cloudy,3,adult,accelerating
video_0109,1,240,289,289,50,0,False,2,street,daytime,cloudy,3,adult,accelerating
video_0109,1,250,299,299,50,0,False,2,street,daytime,cloudy,3,adult,accelerating
video_0109,1,260,309,299,40,0,False,2,street,daytime,cloudy,3,adult,accelerating
video_0109,1,270,319,299,30,0,False,2,street,daytime,cloudy,3,adult,accelerating
video_0109,1,280,329,299,20,0,False,2,street,daytime,cloudy,3,adult,accelerating
video_0109,1,290,339,299,10,0,False,2,street,daytime,cloudy,3,adult,accelerating
video_0110,0,0,49,29,30,0,False,1,street,daytime,clear,2,adult,accelerating
video_0110,0,10,59,29,20,0,False,1,street,daytime,clear,2,adult,accelerating
video_0110,0,20,69,69,20,10,False,2,street,daytime,clear,2,adult,decelerating
video_0110,0,30,79,79,20,20,False,1,street,daytime,clear,2,adult,accelerating
video_0110,0,40,89,89,30,30,True,1,street,daytime,clear,2,adult,accelerating
video_0110,0,50,99,99,40,40,True,1,street,daytime,clear,2,adult,accelerating
video_0110,0,60,109,109,50,50,True,1,street,daytime,clear,2,adult,accelerating
video_0110,0,70,119,119,50,50,True,1,street,daytime,clear,2,adult,accelerating
video_0110,0,80,129,129,50,50,True,2,street,daytime,clear,2,adult,decelerating
video_0110,0,90,139,139,50,44,True,2,street,daytime,clear,2,adult,decelerating
video_0110,0,100,149,149,50,34,True,2,street,daytime,clear,2,adult,decelerating
video_0110,0,110,159,159,50,24,False,2,street,daytime,clear,2,adult,accelerating
video_0110,0,120,169,169,50,14,False,2,street,daytime,clear,2,adult,decelerating
video_0110,0,130,179,179,50,6,False,2,street,daytime,clear,2,adult,decelerating
video_0110,0,140,189,189,50,2,False,2,street,daytime,clear,2,adult,decelerating
video_0110,0,150,199,199,50,2,False,2,street,daytime,clear,2,adult,decelerating
video_0110,0,160,209,209,50,2,False,2,street,daytime,clear,2,adult,decelerating
video_0110,0,170,219,209,40,2,False,2,street,daytime,clear,2,adult,decelerating
video_0110,0,180,229,209,30,0,False,1,street,daytime,clear,2,adult,decelerating
video_0110,0,190,239,209,20,0,False,1,street,daytime,clear,2,adult,decelerating
video_0110,0,200,249,209,10,0,False,1,street,daytime,clear,2,adult,decelerating
video_0110,1,0,49,29,30,11,False,1,street,daytime,clear,2,adult,accelerating
video_0110,1,10,59,29,20,11,False,1,street,daytime,clear,2,adult,accelerating
video_0110,1,20,69,29,10,9,False,2,street,daytime,clear,2,adult,accelerating
video_0110,1,80,129,129,10,10,False,2,street,daytime,clear,2,adult,decelerating
video_0110,1,90,139,139,20,14,False,2,street,daytime,clear,2,adult,decelerating
video_0110,1,100,149,149,30,14,False,2,street,daytime,clear,2,adult,decelerating
video_0110,1,110,159,159,40,14,False,2,street,daytime,clear,2,adult,accelerating
video_0110,1,120,169,169,50,14,False,2,street,daytime,clear,2,adult,decelerating
video_0110,1,130,179,179,50,6,False,2,street,daytime,clear,2,adult,decelerating
video_0110,1,140,189,189,50,11,False,2,street,daytime,clear,2,adult,decelerating
video_0110,1,150,199,199,50,18,False,2,street,daytime,clear,2,adult,decelerating
video_0110,1,160,209,209,50,28,True,2,street,daytime,clear,2,adult,decelerating
video_0110,1,170,219,209,40,28,True,2,street,daytime,clear,2,adult,decelerating
video_0110,1,180,229,209,30,26,True,1,street,daytime,clear,2,adult,decelerating
video_0110,1,190,239,209,20,17,False,1,street,daytime,clear,2,adult,decelerating
video_0110,1,200,249,209,10,10,False,1,street,daytime,clear,2,adult,decelerating
video_0111,0,0,49,49,50,28,True,1,street,daytime,cloudy,3,adult,decelerating
video_0111,0,10,59,59,50,18,False,1,street,daytime,cloudy,3,adult,decelerating
video_0111,0,20,69,69,50,8,False,2,street,daytime,cloudy,3,adult,decelerating
video_0111,0,30,79,79,50,0,False,2,street,daytime,cloudy,3,adult,decelerating
video_0111,0,40,89,89,50,0,False,2,street,daytime,cloudy,3,adult,decelerating
video_0111,0,50,99,99,50,0,False,2,street,daytime,cloudy,3,adult,decelerating
video_0111,0,60,109,109,50,0,False,2,street,daytime,cloudy,3,adult,decelerating
video_0111,0,70,119,119,50,0,False,2,street,daytime,cloudy,3,adult,decelerating
video_0111,0,80,129,129,50,0,False,2,street,daytime,cloudy,3,adult,decelerating
video_0111,0,90,139,139,50,0,False,2,street,daytime,cloudy,3,adult,decelerating
video_0111,0,100,149,149,50,0,False,2,street,daytime,cloudy,3,adult,accelerating
video_0111,0,110,159,159,50,0,False,2,street,daytime,cloudy,3,adult,accelerating
video_0111,0,120,169,169,50,0,False,2,street,daytime,cloudy,3,adult,decelerating
video_0111,0,130,179,179,50,0,False,2,street,daytime,cloudy,3,adult,decelerating
video_0111,0,140,189,189,50,0,False,2,street,daytime,cloudy,3,adult,decelerating
video_0111,0,150,199,199,50,0,False,2,street,daytime,cloudy,3,adult,accelerating
video_0111,0,160,209,209,50,0,False,2,street,daytime,cloudy,3,adult,accelerating
video_0111,0,170,219,219,50,0,False,2,street,daytime,cloudy,3,adult,accelerating
video_0111,0,180,229,229,50,0,False,1,street,daytime,cloudy,3,adult,accelerating
video_0111,0,190,239,239,50,0,False,1,street,daytime,cloudy,3,adult,accelerating
video_0111,0,200,249,249,50,0,False,1,street,daytime,cloudy,3,adult,accelerating
video_0111,0,210,259,259,50,0,False,1,street,daytime,cloudy,3,adult,accelerating
video_0111,0,220,269,269,50,0,False,1,street,daytime,cloudy,3,adult,accelerating
video_0111,0,230,279,269,40,0,False,1,street,daytime,cloudy,3,adult,accelerating
video_0111,0,240,289,269,30,0,False,0,street,daytime,cloudy,3,adult,accelerating
video_0111,0,250,299,269,20,0,False,0,street,daytime,cloudy,3,adult,accelerating
video_0111,0,260,309,269,10,0,False,0,street,daytime,cloudy,3,adult,accelerating
video_0111,1,60,109,109,50,0,False,2,street,daytime,cloudy,3,adult,decelerating
video_0111,1,70,119,119,50,0,False,2,street,daytime,cloudy,3,adult,decelerating
video_0111,1,80,129,129,50,0,False,2,street,daytime,cloudy,3,adult,decelerating
video_0111,1,90,139,139,50,0,False,2,street,daytime,cloudy,3,adult,decelerating
video_0111,1,100,149,149,50,0,False,2,street,daytime,cloudy,3,adult,accelerating
video_0111,1,110,159,159,50,0,False,2,street,daytime,cloudy,3,adult,accelerating
video_0111,1,120,169,169,50,0,False,2,street,daytime,cloudy,3,adult,decelerating
video_0111,1,130,179,179,50,0,False,2,street,daytime,cloudy,3,adult,decelerating
video_0111,1,140,189,189,50,0,False,2,street,daytime,cloudy,3,adult,decelerating
video_0111,1,150,199,199,50,0,False,2,street,daytime,cloudy,3,adult,accelerating
video_0111,1,160,209,209,50,0,False,2,street,daytime,cloudy,3,adult,accelerating
video_0111,1,170,219,219,50,0,False,2,street,daytime,cloudy,3,adult,accelerating
video_0111,1,180,229,229,50,0,False,1,street,daytime,cloudy,3,adult,accelerating
video_0111,1,190,239,239,50,0,False,1,street,daytime,cloudy,3,adult,accelerating
video_0111,1,200,249,239,40,0,False,1,street,daytime,cloudy,3,adult,accelerating
video_0111,1,210,259,239,30,0,False,1,street,daytime,cloudy,3,adult,accelerating
video_0111,1,220,269,239,20,0,False,1,street,daytime,cloudy,3,adult,accelerating
video_0111,1,230,279,239,10,0,False,1,street,daytime,cloudy,3,adult,accelerating
video_0112,0,0,49,49,50,0,False,2,street,daytime,clear,4,adult,decelerating
video_0112,0,10,59,59,50,0,False,2,street,daytime,clear,4,adult,decelerating
video_0112,0,20,69,69,50,0,False,2,street,daytime,clear,4,adult,accelerating
video_0112,0,30,79,79,50,0,False,2,street,daytime,clear,4,adult,accelerating
video_0112,0,40,89,89,50,0,False,2,street,daytime,clear,4,adult,decelerating
video_0112,0,50,99,89,40,0,False,2,street,daytime,clear,4,adult,decelerating
video_0112,0,60,109,89,30,0,False,0,street,daytime,clear,4,adult,decelerating
video_0112,0,70,119,89,20,0,False,0,street,daytime,clear,4,adult,decelerating
video_0112,0,80,129,129,20,0,False,1,street,daytime,clear,4,adult,accelerating
video_0112,0,90,139,139,20,0,False,1,street,daytime,clear,4,adult,accelerating
video_0112,0,100,149,149,30,0,False,1,street,daytime,clear,4,adult,decelerating
video_0112,0,110,159,149,30,0,False,1,street,daytime,clear,4,adult,decelerating
video_0112,0,120,169,149,30,0,False,1,street,daytime,clear,4,adult,decelerating
video_0112,0,130,179,149,20,0,False,1,street,daytime,clear,4,adult,decelerating
video_0112,0,140,189,189,20,0,False,1,street,daytime,clear,4,adult,accelerating
video_0112,0,150,199,199,20,0,False,1,street,daytime,clear,4,adult,accelerating
video_0112,0,160,209,209,30,0,False,1,street,daytime,clear,4,adult,accelerating
video_0112,0,170,219,209,30,0,False,1,street,daytime,clear,4,adult,accelerating
video_0112,0,180,229,209,30,0,False,1,street,daytime,clear,4,adult,accelerating
video_0112,0,190,239,209,20,0,False,1,street,daytime,clear,4,adult,accelerating
video_0112,0,200,249,209,10,0,False,1,street,daytime,clear,4,adult,accelerating
video_0112,1,0,49,49,50,0,False,2,street,daytime,clear,4,adult,decelerating
video_0112,1,10,59,59,50,0,False,2,street,daytime,clear,4,adult,decelerating
video_0112,1,20,69,59,40,0,False,2,street,daytime,clear,4,adult,decelerating
video_0112,1,30,79,59,30,0,False,2,street,daytime,clear,4,adult,decelerating
video_0112,1,40,89,59,20,0,False,2,street,daytime,clear,4,adult,decelerating
video_0112,1,50,99,59,10,0,False,2,street,daytime,clear,4,adult,decelerating
video_0113,0,0,49,49,50,0,False,2,street,daytime,clear,3,"adult,young",decelerating
video_0113,0,10,59,59,50,0,False,2,street,daytime,clear,3,"adult,young",accelerating
video_0113,0,20,69,69,50,0,False,2,street,daytime,clear,3,"adult,young",accelerating
video_0113,0,30,79,79,50,0,False,2,street,daytime,clear,3,"adult,young",decelerating
video_0113,0,40,89,89,50,0,False,2,street,daytime,clear,3,"adult,young",decelerating
video_0113,0,50,99,99,50,0,False,2,street,daytime,clear,3,"adult,young",decelerating
video_0113,0,60,109,109,50,0,False,2,street,daytime,clear,3,"adult,young",decelerating
video_0113,0,70,119,119,50,0,False,2,street,daytime,clear,3,"adult,young",decelerating
video_0113,0,80,129,129,50,0,False,2,street,daytime,clear,3,"adult,young",decelerating
video_0113,0,90,139,139,50,0,False,2,street,daytime,clear,3,"adult,young",decelerating
video_0113,0,100,149,149,50,0,False,2,street,daytime,clear,3,"adult,young",accelerating
video_0113,0,110,159,159,50,0,False,2,street,daytime,clear,3,"adult,young",accelerating
video_0113,0,120,169,169,50,0,False,2,street,daytime,clear,3,"adult,young",accelerating
video_0113,0,130,179,179,50,0,False,2,street,daytime,clear,3,"adult,young",decelerating
video_0113,0,140,189,189,50,0,False,2,street,daytime,clear,3,"adult,young",decelerating
video_0113,0,150,199,199,50,0,False,2,street,daytime,clear,3,"adult,young",accelerating
video_0113,0,160,209,209,50,0,False,2,street,daytime,clear,3,"adult,young",accelerating
video_0113,0,170,219,219,50,0,False,2,street,daytime,clear,3,"adult,young",accelerating
video_0113,0,180,229,229,50,0,False,2,street,daytime,clear,3,"adult,young",accelerating
video_0113,0,190,239,239,50,0,False,2,street,daytime,clear,3,"adult,young",accelerating
video_0113,0,200,249,239,40,0,False,2,street,daytime,clear,3,"adult,young",accelerating
video_0113,0,210,259,239,30,0,False,0,street,daytime,clear,3,"adult,young",accelerating
video_0113,0,220,269,239,20,0,False,0,street,daytime,clear,3,"adult,young",accelerating
video_0113,0,230,279,239,10,0,False,0,street,daytime,clear,3,"adult,young",accelerating
video_0113,1,30,79,79,50,0,False,2,street,daytime,clear,3,"adult,young",decelerating
video_0113,1,40,89,89,50,0,False,2,street,daytime,clear,3,"adult,young",decelerating
video_0113,1,50,99,99,50,0,False,2,street,daytime,clear,3,"adult,young",decelerating
video_0113,1,60,109,109,50,0,False,2,street,daytime,clear,3,"adult,young",decelerating
video_0113,1,70,119,119,50,0,False,2,street,daytime,clear,3,"adult,young",decelerating
video_0113,1,80,129,129,50,0,False,2,street,daytime,clear,3,"adult,young",decelerating
video_0113,1,90,139,139,50,0,False,2,street,daytime,clear,3,"adult,young",decelerating
video_0113,1,100,149,149,50,0,False,2,street,daytime,clear,3,"adult,young",accelerating
video_0113,1,110,159,159,50,0,False,2,street,daytime,clear,3,"adult,young",accelerating
video_0113,1,120,169,169,50,0,False,2,street,daytime,clear,3,"adult,young",accelerating
video_0113,1,130,179,179,50,0,False,2,street,daytime,clear,3,"adult,young",decelerating
video_0113,1,140,189,189,50,0,False,2,street,daytime,clear,3,"adult,young",decelerating
video_0113,1,150,199,199,50,0,False,2,street,daytime,clear,3,"adult,young",accelerating
video_0113,1,160,209,209,50,0,False,2,street,daytime,clear,3,"adult,young",accelerating
video_0113,1,170,219,209,40,0,False,2,street,daytime,clear,3,"adult,young",accelerating
video_0113,1,180,229,209,30,0,False,2,street,daytime,clear,3,"adult,young",accelerating
video_0113,1,190,239,209,20,0,False,2,street,daytime,clear,3,"adult,young",accelerating
video_0113,1,200,249,209,10,0,False,2,street,daytime,clear,3,"adult,young",accelerating
video_0114,0,0,49,49,50,33,True,1,street,daytime,cloudy,2,adult,decelerating
video_0114,0,10,59,59,50,33,True,1,street,daytime,cloudy,2,adult,decelerating
video_0114,0,20,69,69,50,33,True,1,street,daytime,cloudy,2,adult,decelerating
video_0114,0,30,79,79,50,42,True,1,street,daytime,cloudy,2,adult,decelerating
video_0114,0,40,89,89,50,45,True,1,street,daytime,cloudy,2,adult,decelerating
video_0114,0,50,99,99,50,41,True,2,street,daytime,cloudy,2,adult,decelerating
video_0114,0,60,109,109,50,34,True,2,street,daytime,cloudy,2,adult,decelerating
video_0114,0,70,119,119,50,29,True,2,street,daytime,cloudy,2,adult,decelerating
video_0114,0,80,129,129,50,19,False,2,street,daytime,cloudy,2,adult,decelerating
video_0114,0,90,139,139,50,12,False,2,street,daytime,cloudy,2,adult,decelerating
video_0114,0,100,149,149,50,8,False,2,street,daytime,cloudy,2,adult,stopped
video_0114,0,110,159,159,50,5,False,2,street,daytime,cloudy,2,adult,stopped
video_0114,0,120,169,169,50,0,False,1,street,daytime,cloudy,2,adult,stopped
video_0114,0,130,179,179,50,0,False,1,street,daytime,cloudy,2,adult,stopped
video_0114,0,140,189,189,50,0,False,2,street,daytime,cloudy,2,adult,stopped
video_0114,0,150,199,199,50,0,False,2,street,daytime,cloudy,2,adult,stopped
video_0114,0,160,209,209,50,0,False,2,street,daytime,cloudy,2,adult,stopped
video_0114,0,170,219,219,50,0,False,2,street,daytime,cloudy,2,adult,stopped
video_0114,0,180,229,229,50,0,False,2,street,daytime,cloudy,2,adult,stopped
video_0114,0,190,239,239,50,0,False,2,street,daytime,cloudy,2,adult,stopped
video_0114,0,200,249,249,50,0,False,2,street,daytime,cloudy,2,adult,stopped
video_0114,0,210,259,259,50,5,False,2,street,daytime,cloudy,2,adult,stopped
video_0114,0,220,269,269,50,5,False,2,street,daytime,cloudy,2,adult,stopped
video_0114,0,230,279,279,50,5,False,2,street,daytime,cloudy,2,adult,stopped
video_0114,0,240,289,289,50,5,False,2,street,daytime,cloudy,2,adult,stopped
video_0114,0,250,299,299,50,5,False,2,street,daytime,cloudy,2,adult,stopped
video_0114,0,260,309,299,40,0,False,2,street,daytime,cloudy,2,adult,stopped
video_0114,0,270,319,299,30,0,False,2,street,daytime,cloudy,2,adult,stopped
video_0114,0,280,329,299,20,0,False,2,street,daytime,cloudy,2,adult,stopped
video_0114,0,290,339,299,10,0,False,2,street,daytime,cloudy,2,adult,stopped
video_0114,1,90,139,139,50,22,False,2,street,daytime,cloudy,2,adult,decelerating
video_0114,1,100,149,149,50,18,False,2,street,daytime,cloudy,2,adult,stopped
video_0114,1,110,159,159,50,15,False,2,street,daytime,cloudy,2,adult,stopped
video_0114,1,120,169,169,50,10,False,1,street,daytime,cloudy,2,adult,stopped
video_0114,1,130,179,179,50,2,False,1,street,daytime,cloudy,2,adult,stopped
video_0114,1,140,189,189,50,0,False,2,street,daytime,cloudy,2,adult,stopped
video_0114,1,150,199,199,50,0,False,2,street,daytime,cloudy,2,adult,stopped
video_0114,1,160,209,209,50,0,False,2,street,daytime,cloudy,2,adult,stopped
video_0114,1,170,219,209,40,0,False,2,street,daytime,cloudy,2,adult,stopped
video_0114,1,180,229,209,30,0,False,2,street,daytime,cloudy,2,adult,stopped
video_0114,1,190,239,209,20,0,False,2,street,daytime,cloudy,2,adult,stopped
video_0114,1,200,249,249,20,0,False,2,street,daytime,cloudy,2,adult,stopped
video_0114,1,210,259,259,20,5,False,2,street,daytime,cloudy,2,adult,stopped
video_0114,1,220,269,269,30,5,False,2,street,daytime,cloudy,2,adult,stopped
video_0114,1,230,279,279,40,5,False,2,street,daytime,cloudy,2,adult,stopped
video_0114,1,240,289,289,50,5,False,2,street,daytime,cloudy,2,adult,stopped
video_0114,1,250,299,299,50,5,False,2,street,daytime,cloudy,2,adult,stopped
video_0114,1,260,309,299,40,0,False,2,street,daytime,cloudy,2,adult,stopped
video_0114,1,270,319,299,30,0,False,2,street,daytime,cloudy,2,adult,stopped
video_0114,1,280,329,299,20,0,False,2,street,daytime,cloudy,2,adult,stopped
video_0114,1,290,339,299,10,0,False,2,street,daytime,cloudy,2,adult,stopped
video_0115,0,60,109,109,50,0,False,1,street,daytime,cloudy,4,adult,decelerating
video_0115,0,70,119,119,50,0,False,1,street,daytime,cloudy,4,adult,decelerating
video_0115,0,80,129,129,50,0,False,2,street,daytime,cloudy,4,adult,decelerating
video_0115,0,90,139,139,50,0,False,1,street,daytime,cloudy,4,adult,decelerating
video_0115,0,100,149,149,50,0,False,1,street,daytime,cloudy,4,adult,decelerating
video_0115,0,110,159,149,40,0,False,1,street,daytime,cloudy,4,adult,decelerating
video_0115,0,120,169,149,30,0,False,1,street,daytime,cloudy,4,adult,decelerating
video_0115,0,130,179,149,20,0,False,1,street,daytime,cloudy,4,adult,decelerating
video_0115,0,140,189,189,20,0,False,1,street,daytime,cloudy,4,adult,decelerating
video_0115,0,150,199,199,20,0,False,1,street,daytime,cloudy,4,adult,accelerating
video_0115,0,160,209,209,30,0,False,1,street,daytime,cloudy,4,adult,accelerating
video_0115,0,170,219,209,30,0,False,1,street,daytime,cloudy,4,adult,accelerating
video_0115,0,180,229,209,30,0,False,1,street,daytime,cloudy,4,adult,accelerating
video_0115,0,190,239,209,20,0,False,1,street,daytime,cloudy,4,adult,accelerating
video_0115,0,200,249,209,10,0,False,1,street,daytime,cloudy,4,adult,accelerating
video_0115,0,350,399,399,10,0,False,0,street,daytime,cloudy,4,adult,accelerating
video_0115,0,360,409,409,20,0,False,0,street,daytime,cloudy,4,adult,accelerating
video_0115,0,370,419,419,30,0,False,0,street,daytime,cloudy,4,adult,accelerating
video_0115,0,380,429,419,30,0,False,0,street,daytime,cloudy,4,adult,accelerating
video_0115,0,390,439,419,30,0,False,0,street,daytime,cloudy,4,adult,accelerating
video_0115,0,400,449,419,20,0,False,0,street,daytime,cloudy,4,adult,accelerating
video_0115,0,410,459,419,10,0,False,0,street,daytime,cloudy,4,adult,accelerating
video_0115,1,60,109,89,30,0,False,1,street,daytime,cloudy,4,adult,decelerating
video_0115,1,70,119,89,20,0,False,1,street,daytime,cloudy,4,adult,decelerating
video_0115,1,80,129,89,10,0,False,2,street,daytime,cloudy,4,adult,decelerating
video_0116,0,0,49,49,50,50,True,2,street,daytime,cloudy,2,adult,decelerating
video_0116,0,10,59,59,50,50,True,2,street,daytime,cloudy,2,adult,decelerating
video_0116,0,20,69,69,50,50,True,2,street,daytime,cloudy,2,adult,decelerating
video_0116,0,30,79,79,50,50,True,2,street,daytime,cloudy,2,adult,decelerating
video_0116,0,40,89,89,50,50,True,2,street,daytime,cloudy,2,adult,decelerating
video_0116,0,50,99,99,50,50,True,2,street,daytime,cloudy,2,adult,decelerating
video_0116,0,60,109,109,50,50,True,1,street,daytime,cloudy,2,adult,decelerating
video_0116,0,70,119,119,50,50,True,1,street,daytime,cloudy,2,adult,decelerating
video_0116,0,80,129,129,50,50,True,1,street,daytime,cloudy,2,adult,decelerating
video_0116,0,90,139,139,50,50,True,1,street,daytime,cloudy,2,adult,accelerating
video_0116,0,100,149,149,50,50,True,1,street,daytime,cloudy,2,adult,accelerating
video_0116,0,110,159,159,50,50,True,1,street,daytime,cloudy,2,adult,accelerating
video_0116,0,120,169,169,50,50,True,1,street,daytime,cloudy,2,adult,accelerating
video_0116,0,130,179,179,50,50,True,1,street,daytime,cloudy,2,adult,decelerating
video_0116,0,140,189,189,50,50,True,1,street,daytime,cloudy,2,adult,decelerating
video_0116,0,150,199,199,50,47,True,1,street,daytime,cloudy,2,adult,decelerating
video_0116,0,160,209,209,50,47,True,1,street,daytime,cloudy,2,adult,accelerating
video_0116,0,170,219,209,40,37,True,1,street,daytime,cloudy,2,adult,accelerating
video_0116,0,180,229,209,30,27,True,1,street,daytime,cloudy,2,adult,accelerating
video_0116,0,190,239,209,20,17,False,1,street,daytime,cloudy,2,adult,accelerating
video_0116,0,200,249,209,10,10,False,1,street,daytime,cloudy,2,adult,accelerating
video_0116,1,0,49,49,50,50,True,2,street,daytime,cloudy,2,adult,decelerating
video_0116,1,10,59,59,50,50,True,2,street,daytime,cloudy,2,adult,decelerating
video_0116,1,20,69,59,40,40,True,2,street,daytime,cloudy,2,adult,decelerating
video_0116,1,30,79,59,30,30,True,2,street,daytime,cloudy,2,adult,decelerating
video_0116,1,40,89,59,20,20,False,2,street,daytime,cloudy,2,adult,decelerating
video_0116,1,50,99,59,10,10,False,2,street,daytime,cloudy,2,adult,decelerating
video_0117,0,0,49,49,50,0,False,0,street,daytime,clear,1,adult,accelerating
video_0117,0,10,59,59,50,0,False,0,street,daytime,clear,1,adult,decelerating
video_0117,0,20,69,69,50,0,False,1,street,daytime,clear,1,adult,decelerating
video_0117,0,30,79,79,50,0,False,1,street,daytime,clear,1,adult,decelerating
video_0117,0,40,89,89,50,0,False,1,street,daytime,clear,1,adult,decelerating
video_0117,0,50,99,99,50,7,False,2,street,daytime,clear,1,adult,decelerating
video_0117,0,60,109,109,50,7,False,2,street,daytime,clear,1,adult,decelerating
video_0117,0,70,119,119,50,7,False,2,street,daytime,clear,1,adult,decelerating
video_0117,0,80,129,129,50,7,False,2,street,daytime,clear,1,adult,accelerating
video_0117,0,90,139,139,50,7,False,2,street,daytime,clear,1,adult,accelerating
video_0117,0,100,149,149,50,0,False,2,street,daytime,clear,1,adult,decelerating
video_0117,0,110,159,159,50,0,False,2,street,daytime,clear,1,adult,decelerating
video_0117,0,120,169,169,50,0,False,2,street,daytime,clear,1,adult,accelerating
video_0117,0,130,179,179,50,0,False,2,street,daytime,clear,1,adult,accelerating
video_0117,0,140,189,189,50,0,False,2,street,daytime,clear,1,adult,decelerating
video_0117,0,150,199,199,50,0,False,1,street,daytime,clear,1,adult,decelerating
video_0117,0,160,209,209,50,0,False,1,street,daytime,clear,1,adult,decelerating
video_0117,0,170,219,219,50,0,False,1,street,daytime,clear,1,adult,decelerating
video_0117,0,180,229,229,50,0,False,1,street,daytime,clear,1,adult,decelerating
video_0117,0,190,239,239,50,0,False,1,street,daytime,clear,1,adult,decelerating
video_0117,0,200,249,249,50,0,False,1,street,daytime,clear,1,adult,decelerating
video_0117,0,210,259,259,50,0,False,1,street,daytime,clear,1,adult,decelerating
video_0117,0,220,269,269,50,0,False,1,street,daytime,clear,1,adult,decelerating
video_0117,0,230,279,279,50,0,False,1,street,daytime,clear,1,adult,decelerating
video_0117,0,240,289,289,50,0,False,0,street,daytime,clear,1,adult,decelerating
video_0117,0,250,299,299,50,0,False,0,street,daytime,clear,1,adult,decelerating
video_0117,0,260,309,309,50,0,False,0,street,daytime,clear,1,adult,decelerating
video_0117,0,270,319,319,50,0,False,0,street,daytime,clear,1,adult,decelerating
video_0117,0,280,329,329,50,0,False,0,street,daytime,clear,1,adult,decelerating
video_0117,0,290,339,339,50,0,False,0,street,daytime,clear,1,adult,decelerating
video_0117,0,300,349,349,50,0,False,0,street,daytime,clear,1,adult,decelerating
video_0117,0,310,359,359,50,0,False,0,street,daytime,clear,1,adult,decelerating
video_0117,0,320,369,369,50,0,False,0,street,daytime,clear,1,adult,decelerating
video_0117,0,330,379,379,50,0,False,0,street,daytime,clear,1,adult,decelerating
video_0117,0,340,389,389,50,0,False,0,street,daytime,clear,1,adult,decelerating
video_0117,0,350,399,399,50,0,False,0,street,daytime,clear,1,adult,decelerating
video_0117,0,360,409,409,50,0,False,0,street,daytime,clear,1,adult,accelerating
video_0117,0,370,419,419,50,0,False,0,street,daytime,clear,1,adult,accelerating
video_0117,0,380,429,429,50,0,False,0,street,daytime,clear,1,adult,accelerating
video_0117,0,390,439,439,50,0,False,0,street,daytime,clear,1,adult,accelerating
video_0117,0,400,449,449,50,0,False,0,street,daytime,clear,1,adult,accelerating
video_0117,0,410,459,459,50,0,False,0,street,daytime,clear,1,adult,accelerating
video_0117,0,420,469,469,50,0,False,0,street,daytime,clear,1,adult,accelerating
video_0117,0,430,479,479,50,0,False,0,street,daytime,clear,1,adult,accelerating
video_0117,0,440,489,489,50,0,False,0,street,daytime,clear,1,adult,decelerating
video_0117,0,450,499,499,50,0,False,0,street,daytime,clear,1,adult,decelerating
video_0117,0,460,509,509,50,0,False,0,street,daytime,clear,1,adult,decelerating
video_0117,0,470,519,519,50,0,False,0,street,daytime,clear,1,adult,decelerating
video_0117,0,480,529,529,50,0,False,0,street,daytime,clear,1,adult,decelerating
video_0117,0,490,539,539,50,0,False,0,street,daytime,clear,1,adult,decelerating
video_0117,0,500,549,549,50,0,False,0,street,daytime,clear,1,adult,decelerating
video_0117,0,510,559,559,50,0,False,0,street,daytime,clear,1,adult,decelerating
video_0117,0,520,569,569,50,0,False,0,street,daytime,clear,1,adult,decelerating
video_0117,0,530,579,579,50,0,False,0,street,daytime,clear,1,adult,decelerating
video_0117,0,540,589,589,50,0,False,0,street,daytime,clear,1,adult,decelerating
video_0117,0,550,599,599,50,0,False,0,street,daytime,clear,1,adult,decelerating
video_0117,0,560,609,599,40,0,False,0,street,daytime,clear,1,adult,decelerating
video_0117,0,570,619,599,30,0,False,0,street,daytime,clear,1,adult,decelerating
video_0117,0,580,629,599,20,0,False,0,street,daytime,clear,1,adult,decelerating
video_0117,0,590,639,599,10,0,False,0,street,daytime,clear,1,adult,decelerating
video_0117,1,60,109,89,30,9,False,2,street,daytime,clear,1,adult,decelerating
video_0117,1,70,119,89,20,9,False,2,street,daytime,clear,1,adult,decelerating
video_0117,1,80,129,129,20,9,False,2,street,daytime,clear,1,adult,accelerating
video_0117,1,90,139,139,20,0,False,2,street,daytime,clear,1,adult,accelerating
video_0117,1,100,149,149,30,0,False,2,street,daytime,clear,1,adult,decelerating
video_0117,1,110,159,159,40,0,False,2,street,daytime,clear,1,adult,decelerating
video_0117,1,120,169,169,50,0,False,2,street,daytime,clear,1,adult,accelerating
video_0117,1,130,179,179,50,0,False,2,street,daytime,clear,1,adult,accelerating
video_0117,1,140,189,189,50,2,False,2,street,daytime,clear,1,adult,decelerating
video_0117,1,150,199,199,50,2,False,1,street,daytime,clear,1,adult,decelerating
video_0117,1,160,209,209,50,2,False,1,street,daytime,clear,1,adult,decelerating
video_0117,1,170,219,219,50,2,False,1,street,daytime,clear,1,adult,decelerating
video_0117,1,180,229,229,50,2,False,1,street,daytime,clear,1,adult,decelerating
video_0117,1,190,239,239,50,0,False,1,street,daytime,clear,1,adult,decelerating
video_0117,1,200,249,249,50,0,False,1,street,daytime,clear,1,adult,decelerating
video_0117,1,210,259,259,50,0,False,1,street,daytime,clear,1,adult,decelerating
video_0117,1,220,269,269,50,0,False,1,street,daytime,clear,1,adult,decelerating
video_0117,1,230,279,279,50,0,False,1,street,daytime,clear,1,adult,decelerating
video_0117,1,240,289,289,50,0,False,0,street,daytime,clear,1,adult,decelerating
video_0117,1,250,299,299,50,0,False,0,street,daytime,clear,1,adult,decelerating
video_0117,1,260,309,309,50,0,False,0,street,daytime,clear,1,adult,decelerating
video_0117,1,270,319,319,50,0,False,0,street,daytime,clear,1,adult,decelerating
video_0117,1,280,329,329,50,0,False,0,street,daytime,clear,1,adult,decelerating
video_0117,1,290,339,339,50,0,False,0,street,daytime,clear,1,adult,decelerating
video_0117,1,300,349,349,50,0,False,0,street,daytime,clear,1,adult,decelerating
video_0117,1,310,359,359,50,0,False,0,street,daytime,clear,1,adult,decelerating
video_0117,1,320,369,369,50,0,False,0,street,daytime,clear,1,adult,decelerating
video_0117,1,330,379,379,50,0,False,0,street,daytime,clear,1,adult,decelerating
video_0117,1,340,389,389,50,0,False,0,street,daytime,clear,1,adult,decelerating
video_0117,1,350,399,399,50,0,False,0,street,daytime,clear,1,adult,decelerating
video_0117,1,360,409,409,50,0,False,0,street,daytime,clear,1,adult,accelerating
video_0117,1,370,419,419,50,0,False,0,street,daytime,clear,1,adult,accelerating
video_0117,1,380,429,429,50,0,False,0,street,daytime,clear,1,adult,accelerating
video_0117,1,390,439,439,50,0,False,0,street,daytime,clear,1,adult,accelerating
video_0117,1,400,449,449,50,0,False,0,street,daytime,clear,1,adult,accelerating
video_0117,1,410,459,459,50,0,False,0,street,daytime,clear,1,adult,accelerating
video_0117,1,420,469,469,50,0,False,0,street,daytime,clear,1,adult,accelerating
video_0117,1,430,479,479,50,0,False,0,street,daytime,clear,1,adult,accelerating
video_0117,1,440,489,489,50,0,False,0,street,daytime,clear,1,adult,decelerating
video_0117,1,450,499,499,50,0,False,0,street,daytime,clear,1,adult,decelerating
video_0117,1,460,509,509,50,0,False,0,street,daytime,clear,1,adult,decelerating
video_0117,1,470,519,519,50,0,False,0,street,daytime,clear,1,adult,decelerating
video_0117,1,480,529,529,50,0,False,0,street,daytime,clear,1,adult,decelerating
video_0117,1,490,539,539,50,0,False,0,street,daytime,clear,1,adult,decelerating
video_0117,1,500,549,549,50,0,False,0,street,daytime,clear,1,adult,decelerating
video_0117,1,510,559,559,50,0,False,0,street,daytime,clear,1,adult,decelerating
video_0117,1,520,569,569,50,0,False,0,street,daytime,clear,1,adult,decelerating
video_0117,1,530,579,579,50,0,False,0,street,daytime,clear,1,adult,decelerating
video_0117,1,540,589,589,50,0,False,0,street,daytime,clear,1,adult,decelerating
video_0117,1,550,599,599,50,0,False,0,street,daytime,clear,1,adult,decelerating
video_0117,1,560,609,599,40,0,False,0,street,daytime,clear,1,adult,decelerating
video_0117,1,570,619,599,30,0,False,0,street,daytime,clear,1,adult,decelerating
video_0117,1,580,629,599,20,0,False,0,street,daytime,clear,1,adult,decelerating
video_0117,1,590,639,599,10,0,False,0,street,daytime,clear,1,adult,decelerating
video_0118,0,0,49,49,50,50,True,2,street,daytime,cloudy,2,adult,decelerating
video_0118,0,10,59,59,50,48,True,2,street,daytime,cloudy,2,adult,decelerating
video_0118,0,20,69,69,50,44,True,2,street,daytime,cloudy,2,adult,decelerating
video_0118,0,30,79,79,50,43,True,2,street,daytime,cloudy,2,adult,decelerating
video_0118,0,40,89,89,50,43,True,2,street,daytime,cloudy,2,adult,decelerating
video_0118,0,50,99,99,50,43,True,2,street,daytime,cloudy,2,adult,decelerating
video_0118,0,60,109,109,50,45,True,2,street,daytime,cloudy,2,adult,decelerating
video_0118,0,70,119,119,50,49,True,2,street,daytime,cloudy,2,adult,decelerating
video_0118,0,80,129,129,50,50,True,2,street,daytime,cloudy,2,adult,decelerating
video_0118,0,90,139,139,50,50,True,2,street,daytime,cloudy,2,adult,decelerating
video_0118,0,100,149,149,50,50,True,2,street,daytime,cloudy,2,adult,accelerating
video_0118,0,110,159,159,50,50,True,2,street,daytime,cloudy,2,adult,accelerating
video_0118,0,120,169,169,50,50,True,2,street,daytime,cloudy,2,adult,accelerating
video_0118,0,130,179,179,50,50,True,2,street,daytime,cloudy,2,adult,accelerating
video_0118,0,140,189,189,50,50,True,2,street,daytime,cloudy,2,adult,accelerating
video_0118,0,150,199,199,50,50,True,2,street,daytime,cloudy,2,adult,accelerating
video_0118,0,160,209,209,50,50,True,2,street,daytime,cloudy,2,adult,accelerating
video_0118,0,170,219,219,50,50,True,2,street,daytime,cloudy,2,adult,accelerating
video_0118,0,180,229,229,50,50,True,2,street,daytime,cloudy,2,adult,accelerating
video_0118,0,190,239,239,50,50,True,2,street,daytime,cloudy,2,adult,accelerating
video_0118,0,200,249,239,40,40,True,2,street,daytime,cloudy,2,adult,accelerating
video_0118,0,210,259,239,30,30,True,2,street,daytime,cloudy,2,adult,accelerating
video_0118,0,220,269,239,20,20,False,2,street,daytime,cloudy,2,adult,accelerating
video_0118,0,230,279,239,10,10,False,2,street,daytime,cloudy,2,adult,accelerating
video_0118,1,0,49,49,50,50,True,2,street,daytime,cloudy,2,adult,decelerating
video_0118,1,10,59,59,50,48,True,2,street,daytime,cloudy,2,adult,decelerating
video_0118,1,20,69,69,50,44,True,2,street,daytime,cloudy,2,adult,decelerating
video_0118,1,30,79,79,50,43,True,2,street,daytime,cloudy,2,adult,decelerating
video_0118,1,40,89,89,50,43,True,2,street,daytime,cloudy,2,adult,decelerating
video_0118,1,50,99,99,50,43,True,2,street,daytime,cloudy,2,adult,decelerating
video_0118,1,60,109,109,50,45,True,2,street,daytime,cloudy,2,adult,decelerating
video_0118,1,70,119,119,50,49,True,2,street,daytime,cloudy,2,adult,decelerating
video_0118,1,80,129,129,50,50,True,2,street,daytime,cloudy,2,adult,decelerating
video_0118,1,90,139,139,50,50,True,2,street,daytime,cloudy,2,adult,decelerating
video_0118,1,100,149,149,50,50,True,2,street,daytime,cloudy,2,adult,accelerating
video_0118,1,110,159,159,50,50,True,2,street,daytime,cloudy,2,adult,accelerating
video_0118,1,120,169,169,50,50,True,2,street,daytime,cloudy,2,adult,accelerating
video_0118,1,130,179,179,50,50,True,2,street,daytime,cloudy,2,adult,accelerating
video_0118,1,140,189,189,50,50,True,2,street,daytime,cloudy,2,adult,accelerating
video_0118,1,150,199,199,50,50,True,2,street,daytime,cloudy,2,adult,accelerating
video_0118,1,160,209,209,50,50,True,2,street,daytime,cloudy,2,adult,accelerating
video_0118,1,170,219,219,50,50,True,2,street,daytime,cloudy,2,adult,accelerating
video_0118,1,180,229,229,50,50,True,2,street,daytime,cloudy,2,adult,accelerating
video_0118,1,190,239,239,50,50,True,2,street,daytime,cloudy,2,adult,accelerating
video_0118,1,200,249,239,40,40,True,2,street,daytime,cloudy,2,adult,accelerating
video_0118,1,210,259,239,30,30,True,2,street,daytime,cloudy,2,adult,accelerating
video_0118,1,220,269,239,20,20,False,2,street,daytime,cloudy,2,adult,accelerating
video_0118,1,230,279,239,10,10,False,2,street,daytime,cloudy,2,adult,accelerating
video_0119,0,0,49,49,50,0,False,1,street,daytime,cloudy,4,adult,accelerating
video_0119,0,10,59,59,50,0,False,1,street,daytime,cloudy,4,adult,decelerating
video_0119,0,20,69,69,50,0,False,1,street,daytime,cloudy,4,adult,decelerating
video_0119,0,30,79,79,50,0,False,0,street,daytime,cloudy,4,adult,decelerating
video_0119,0,40,89,89,50,0,False,0,street,daytime,cloudy,4,adult,decelerating
video_0119,0,50,99,99,50,0,False,1,street,daytime,cloudy,4,adult,decelerating
video_0119,0,60,109,109,50,0,False,1,street,daytime,cloudy,4,adult,decelerating
video_0119,0,70,119,119,50,0,False,1,street,daytime,cloudy,4,adult,decelerating
video_0119,0,80,129,129,50,0,False,1,street,daytime,cloudy,4,adult,decelerating
video_0119,0,90,139,139,50,0,False,1,street,daytime,cloudy,4,adult,decelerating
video_0119,0,100,149,149,50,0,False,1,street,daytime,cloudy,4,adult,decelerating
video_0119,0,110,159,159,50,0,False,1,street,daytime,cloudy,4,adult,decelerating
video_0119,0,120,169,169,50,0,False,1,street,daytime,cloudy,4,adult,accelerating
video_0119,0,130,179,179,50,0,False,1,street,daytime,cloudy,4,adult,accelerating
video_0119,0,140,189,189,50,0,False,2,street,daytime,cloudy,4,adult,accelerating
video_0119,0,150,199,199,50,0,False,2,street,daytime,cloudy,4,adult,accelerating
video_0119,0,160,209,209,50,0,False,2,street,daytime,cloudy,4,adult,accelerating
video_0119,0,170,219,209,40,0,False,2,street,daytime,cloudy,4,adult,accelerating
video_0119,0,180,229,209,30,0,False,2,street,daytime,cloudy,4,adult,accelerating
video_0119,0,190,239,209,20,0,False,2,street,daytime,cloudy,4,adult,accelerating
video_0119,0,200,249,209,10,0,False,2,street,daytime,cloudy,4,adult,accelerating
video_0119,1,0,49,29,30,0,False,1,street,daytime,cloudy,4,adult,decelerating
video_0119,1,10,59,29,20,0,False,1,street,daytime,cloudy,4,adult,decelerating
video_0119,1,20,69,29,10,0,False,1,street,daytime,cloudy,4,adult,decelerating
video_0119,1,50,99,99,10,0,False,1,street,daytime,cloudy,4,adult,decelerating
video_0119,1,60,109,109,20,0,False,1,street,daytime,cloudy,4,adult,decelerating
video_0119,1,70,119,119,30,0,False,1,street,daytime,cloudy,4,adult,decelerating
video_0119,1,80,129,129,40,0,False,1,street,daytime,cloudy,4,adult,decelerating
video_0119,1,90,139,139,50,0,False,1,street,daytime,cloudy,4,adult,decelerating
video_0119,1,100,149,149,50,0,False,1,street,daytime,cloudy,4,adult,decelerating
video_0119,1,110,159,159,50,0,False,1,street,daytime,cloudy,4,adult,decelerating
video_0119,1,120,169,169,50,0,False,1,street,daytime,cloudy,4,adult,accelerating
video_0119,1,130,179,179,50,0,False,1,street,daytime,cloudy,4,adult,accelerating
video_0119,1,140,189,189,50,0,False,2,street,daytime,cloudy,4,adult,accelerating
video_0119,1,150,199,199,50,0,False,2,street,daytime,cloudy,4,adult,accelerating
video_0119,1,160,209,209,50,0,False,2,street,daytime,cloudy,4,adult,accelerating
video_0119,1,170,219,209,40,0,False,2,street,daytime,cloudy,4,adult,accelerating
video_0119,1,180,229,209,30,0,False,2,street,daytime,cloudy,4,adult,accelerating
video_0119,1,190,239,209,20,0,False,2,street,daytime,cloudy,4,adult,accelerating
video_0119,1,200,249,209,10,0,False,2,street,daytime,cloudy,4,adult,accelerating
video_0120,0,0,49,49,50,0,False,0,street,daytime,cloudy,3,adult,decelerating
video_0120,0,10,59,59,50,0,False,0,street,daytime,cloudy,3,adult,decelerating
video_0120,0,20,69,69,50,0,False,1,street,daytime,cloudy,3,adult,decelerating
video_0120,0,30,79,79,50,0,False,1,street,daytime,cloudy,3,adult,decelerating
video_0120,0,40,89,89,50,0,False,1,street,daytime,cloudy,3,adult,decelerating
video_0120,0,50,99,99,50,0,False,1,street,daytime,cloudy,3,adult,decelerating
video_0120,0,60,109,109,50,0,False,1,street,daytime,cloudy,3,adult,decelerating
video_0120,0,70,119,119,50,0,False,1,street,daytime,cloudy,3,adult,decelerating
video_0120,0,80,129,129,50,0,False,1,street,daytime,cloudy,3,adult,decelerating
video_0120,0,90,139,139,50,0,False,0,street,daytime,cloudy,3,adult,decelerating
video_0120,0,100,149,149,50,0,False,0,street,daytime,cloudy,3,adult,decelerating
video_0120,0,110,159,159,50,0,False,0,street,daytime,cloudy,3,adult,decelerating
video_0120,0,120,169,169,50,0,False,0,street,daytime,cloudy,3,adult,decelerating
video_0120,0,130,179,179,50,0,False,0,street,daytime,cloudy,3,adult,decelerating
video_0120,0,140,189,189,50,0,False,0,street,daytime,cloudy,3,adult,decelerating
video_0120,0,150,199,199,50,0,False,0,street,daytime,cloudy,3,adult,accelerating
video_0120,0,160,209,209,50,0,False,0,street,daytime,cloudy,3,adult,accelerating
video_0120,0,170,219,219,50,0,False,0,street,daytime,cloudy,3,adult,accelerating
video_0120,0,180,229,229,50,0,False,0,street,daytime,cloudy,3,adult,accelerating
video_0120,0,190,239,239,50,0,False,0,street,daytime,cloudy,3,adult,accelerating
video_0120,0,200,249,239,40,0,False,0,street,daytime,cloudy,3,adult,accelerating
video_0120,0,210,259,239,30,0,False,0,street,daytime,cloudy,3,adult,accelerating
video_0120,0,220,269,239,20,0,False,0,street,daytime,cloudy,3,adult,accelerating
video_0120,0,230,279,239,10,0,False,0,street,daytime,cloudy,3,adult,accelerating
video_0120,1,0,49,29,30,0,False,0,street,daytime,cloudy,3,adult,decelerating
video_0120,1,10,59,29,20,0,False,0,street,daytime,cloudy,3,adult,decelerating
video_0120,1,20,69,69,20,0,False,1,street,daytime,cloudy,3,adult,decelerating
video_0120,1,30,79,79,20,0,False,1,street,daytime,cloudy,3,adult,decelerating
video_0120,1,40,89,89,30,0,False,1,street,daytime,cloudy,3,adult,decelerating
video_0120,1,50,99,99,40,0,False,1,street,daytime,cloudy,3,adult,decelerating
video_0120,1,60,109,109,50,0,False,1,street,daytime,cloudy,3,adult,decelerating
video_0120,1,70,119,119,50,0,False,1,street,daytime,cloudy,3,adult,decelerating
video_0120,1,80,129,119,40,0,False,1,street,daytime,cloudy,3,adult,decelerating
video_0120,1,90,139,119,30,0,False,0,street,daytime,cloudy,3,adult,decelerating
video_0120,1,100,149,119,20,0,False,0,street,daytime,cloudy,3,adult,decelerating
video_0120,1,110,159,119,10,0,False,0,street,daytime,cloudy,3,adult,decelerating
video_0120,1,140,189,189,10,0,False,0,street,daytime,cloudy,3,adult,decelerating
video_0120,1,150,199,199,20,0,False,0,street,daytime,cloudy,3,adult,accelerating
video_0120,1,160,209,209,30,0,False,0,street,daytime,cloudy,3,adult,accelerating
video_0120,1,170,219,219,40,0,False,0,street,daytime,cloudy,3,adult,accelerating
video_0120,1,180,229,229,50,0,False,0,street,daytime,cloudy,3,adult,accelerating
video_0120,1,190,239,239,50,0,False,0,street,daytime,cloudy,3,adult,accelerating
video_0120,1,200,249,239,40,0,False,0,street,daytime,cloudy,3,adult,accelerating
video_0120,1,210,259,239,30,0,False,0,street,daytime,cloudy,3,adult,accelerating
video_0120,1,220,269,239,20,0,False,0,street,daytime,cloudy,3,adult,accelerating
video_0120,1,230,279,239,10,0,False,0,street,daytime,cloudy,3,adult,accelerating
video_0121,0,240,289,289,50,33,True,2,street,daytime,cloudy,,,accelerating
video_0121,0,250,299,299,50,31,True,2,street,daytime,cloudy,,,accelerating
video_0121,0,260,309,309,50,24,False,2,street,daytime,cloudy,,,accelerating
video_0121,0,270,319,319,50,14,False,2,street,daytime,cloudy,,,accelerating
video_0121,0,280,329,329,50,4,False,2,street,daytime,cloudy,,,accelerating
video_0121,0,290,339,329,40,0,False,2,street,daytime,cloudy,,,accelerating
video_0121,0,300,349,329,30,0,False,0,street,daytime,cloudy,,,accelerating
video_0121,0,310,359,329,20,0,False,0,street,daytime,cloudy,,,accelerating
video_0121,0,320,369,329,10,0,False,0,street,daytime,cloudy,,,accelerating
video_0121,1,240,289,289,50,33,True,2,street,daytime,cloudy,,,accelerating
video_0121,1,250,299,299,50,31,True,2,street,daytime,cloudy,,,accelerating
video_0121,1,260,309,299,40,24,False,2,street,daytime,cloudy,,,accelerating
video_0121,1,270,319,299,30,14,False,2,street,daytime,cloudy,,,accelerating
video_0121,1,280,329,299,20,4,False,2,street,daytime,cloudy,,,accelerating
video_0121,1,290,339,299,10,0,False,2,street,daytime,cloudy,,,accelerating
video_0122,0,0,49,49,50,0,False,2,street,daytime,cloudy,4,"adult,senior",decelerating
video_0122,0,10,59,59,50,0,False,2,street,daytime,cloudy,4,"adult,senior",decelerating
video_0122,0,20,69,69,50,0,False,2,street,daytime,cloudy,4,"adult,senior",decelerating
video_0122,0,30,79,79,50,8,False,2,street,daytime,cloudy,4,"adult,senior",decelerating
video_0122,0,40,89,89,50,16,False,2,street,daytime,cloudy,4,"adult,senior",decelerating
video_0122,0,50,99,99,50,26,True,2,street,daytime,cloudy,4,"adult,senior",decelerating
video_0122,0,60,109,109,50,36,True,2,street,daytime,cloudy,4,"adult,senior",decelerating
video_0122,0,70,119,119,50,46,True,2,street,daytime,cloudy,4,"adult,senior",decelerating
video_0122,0,80,129,129,50,43,True,2,street,daytime,cloudy,4,"adult,senior",accelerating
video_0122,0,90,139,139,50,45,True,2,street,daytime,cloudy,4,"adult,senior",accelerating
video_0122,0,100,149,149,50,38,True,2,street,daytime,cloudy,4,"adult,senior",accelerating
video_0122,0,110,159,159,50,38,True,2,street,daytime,cloudy,4,"adult,senior",accelerating
video_0122,0,120,169,169,50,38,True,2,street,daytime,cloudy,4,"adult,senior",accelerating
video_0122,0,130,179,179,50,43,True,2,street,daytime,cloudy,4,"adult,senior",accelerating
video_0122,0,140,189,179,40,33,True,2,street,daytime,cloudy,4,"adult,senior",accelerating
video_0122,0,150,199,179,30,30,True,2,street,daytime,cloudy,4,"adult,senior",accelerating
video_0122,0,160,209,179,20,20,False,2,street,daytime,cloudy,4,"adult,senior",accelerating
video_0122,0,170,219,179,10,10,False,2,street,daytime,cloudy,4,"adult,senior",accelerating
video_0122,1,0,49,49,50,0,False,2,street,daytime,cloudy,4,"adult,senior",decelerating
video_0122,1,10,59,59,50,0,False,2,street,daytime,cloudy,4,"adult,senior",decelerating
video_0122,1,20,69,59,40,0,False,2,street,daytime,cloudy,4,"adult,senior",decelerating
video_0122,1,30,79,59,30,0,False,2,street,daytime,cloudy,4,"adult,senior",decelerating
video_0122,1,40,89,59,20,0,False,2,street,daytime,cloudy,4,"adult,senior",decelerating
video_0122,1,50,99,99,20,10,False,2,street,daytime,cloudy,4,"adult,senior",decelerating
video_0122,1,60,109,109,20,20,False,2,street,daytime,cloudy,4,"adult,senior",decelerating
video_0122,1,70,119,119,30,30,True,2,street,daytime,cloudy,4,"adult,senior",decelerating
video_0122,1,80,129,129,40,35,True,2,street,daytime,cloudy,4,"adult,senior",accelerating
video_0122,1,90,139,139,50,45,True,2,street,daytime,cloudy,4,"adult,senior",accelerating
video_0122,1,100,149,149,50,38,True,2,street,daytime,cloudy,4,"adult,senior",accelerating
video_0122,1,110,159,159,50,38,True,2,street,daytime,cloudy,4,"adult,senior",accelerating
video_0122,1,120,169,169,50,38,True,2,street,daytime,cloudy,4,"adult,senior",accelerating
video_0122,1,130,179,179,50,43,True,2,street,daytime,cloudy,4,"adult,senior",accelerating
video_0122,1,140,189,179,40,33,True,2,street,daytime,cloudy,4,"adult,senior",accelerating
video_0122,1,150,199,179,30,30,True,2,street,daytime,cloudy,4,"adult,senior",accelerating
video_0122,1,160,209,179,20,20,False,2,street,daytime,cloudy,4,"adult,senior",accelerating
video_0122,1,170,219,179,10,10,False,2,street,daytime,cloudy,4,"adult,senior",accelerating
video_0123,0,0,49,29,30,0,False,1,street,daytime,rain,3,senior,stopped
video_0123,0,10,59,29,20,0,False,1,street,daytime,rain,3,senior,stopped
video_0123,0,20,69,29,10,0,False,1,street,daytime,rain,3,senior,stopped
video_0124,0,0,49,29,30,0,False,1,street,daytime,clear,3,"adult,young",accelerating
video_0124,0,10,59,29,20,0,False,1,street,daytime,clear,3,"adult,young",accelerating
video_0124,0,20,69,69,20,0,False,1,street,daytime,clear,3,"adult,young",decelerating
video_0124,0,30,79,79,20,0,False,1,street,daytime,clear,3,"adult,young",decelerating
video_0124,0,40,89,89,30,4,False,1,street,daytime,clear,3,"adult,young",accelerating
video_0124,0,50,99,99,40,14,False,2,street,daytime,clear,3,"adult,young",accelerating
video_0124,0,60,109,109,50,24,False,2,street,daytime,clear,3,"adult,young",accelerating
video_0124,0,70,119,119,50,34,True,2,street,daytime,clear,3,"adult,young",decelerating
video_0124,0,80,129,129,50,44,True,2,street,daytime,clear,3,"adult,young",decelerating
video_0124,0,90,139,139,50,50,True,2,street,daytime,clear,3,"adult,young",decelerating
video_0124,0,100,149,149,50,50,True,2,street,daytime,clear,3,"adult,young",decelerating
video_0124,0,110,159,159,50,50,True,2,street,daytime,clear,3,"adult,young",decelerating
video_0124,0,120,169,169,50,50,True,2,street,daytime,clear,3,"adult,young",decelerating
video_0124,0,130,179,179,50,50,True,2,street,daytime,clear,3,"adult,young",decelerating
video_0124,0,140,189,189,50,40,True,2,street,daytime,clear,3,"adult,young",decelerating
video_0124,0,150,199,199,50,30,True,2,street,daytime,clear,3,"adult,young",decelerating
video_0124,0,160,209,209,50,20,False,2,street,daytime,clear,3,"adult,young",decelerating
video_0124,0,170,219,219,50,10,False,2,street,daytime,clear,3,"adult,young",decelerating
video_0124,0,180,229,229,50,0,False,1,street,daytime,clear,3,"adult,young",decelerating
video_0124,0,190,239,239,50,0,False,1,street,daytime,clear,3,"adult,young",decelerating
video_0124,0,200,249,249,50,0,False,2,street,daytime,clear,3,"adult,young",decelerating
video_0124,0,210,259,259,50,0,False,2,street,daytime,clear,3,"adult,young",decelerating
video_0124,0,220,269,269,50,0,False,2,street,daytime,clear,3,"adult,young",accelerating
video_0124,0,230,279,279,50,0,False,2,street,daytime,clear,3,"adult,young",accelerating
video_0124,0,240,289,289,50,0,False,2,street,daytime,clear,3,"adult,young",accelerating
video_0124,0,250,299,299,50,0,False,2,street,daytime,clear,3,"adult,young",accelerating
video_0124,0,260,309,309,50,0,False,2,street,daytime,clear,3,"adult,young",accelerating
video_0124,0,270,319,319,50,0,False,0,street,daytime,clear,3,"adult,young",decelerating
video_0124,0,280,329,329,50,0,False,0,street,daytime,clear,3,"adult,young",decelerating
video_0124,0,290,339,339,50,10,False,2,street,daytime,clear,3,"adult,young",decelerating
video_0124,0,300,349,349,50,20,False,2,street,daytime,clear,3,"adult,young",decelerating
video_0124,0,310,359,359,50,30,True,2,street,daytime,clear,3,"adult,young",accelerating
video_0124,0,320,369,369,50,30,True,2,street,daytime,clear,3,"adult,young",accelerating
video_0124,0,330,379,379,50,30,True,2,street,daytime,clear,3,"adult,young",accelerating
video_0124,0,340,389,389,50,20,False,2,street,daytime,clear,3,"adult,young",accelerating
video_0124,0,350,399,399,50,10,False,2,street,daytime,clear,3,"adult,young",accelerating
video_0124,0,360,409,409,50,0,False,0,street,daytime,clear,3,"adult,young",accelerating
video_0124,0,370,419,419,50,0,False,0,street,daytime,clear,3,"adult,young",accelerating
video_0124,0,380,429,429,50,0,False,0,street,daytime,clear,3,"adult,young",accelerating
video_0124,0,390,439,439,50,0,False,0,street,daytime,clear,3,"adult,young",accelerating
video_0124,0,400,449,449,50,0,False,0,street,daytime,clear,3,"adult,young",accelerating
video_0124,0,410,459,449,40,0,False,0,street,daytime,clear,3,"adult,young",accelerating
video_0124,0,420,469,449,30,0,False,0,street,daytime,clear,3,"adult,young",accelerating
video_0124,0,430,479,449,20,0,False,0,street,daytime,clear,3,"adult,young",accelerating
video_0124,0,440,489,449,10,0,False,0,street,daytime,clear,3,"adult,young",accelerating
video_0124,1,90,139,139,50,50,True,2,street,daytime,clear,3,"adult,young",decelerating
video_0124,1,100,149,149,50,50,True,2,street,daytime,clear,3,"adult,young",decelerating
video_0124,1,110,159,159,50,50,True,2,street,daytime,clear,3,"adult,young",decelerating
video_0124,1,120,169,169,50,50,True,2,street,daytime,clear,3,"adult,young",decelerating
video_0124,1,130,179,179,50,50,True,2,street,daytime,clear,3,"adult,young",decelerating
video_0124,1,140,189,189,50,40,True,2,street,daytime,clear,3,"adult,young",decelerating
video_0124,1,150,199,199,50,30,True,2,street,daytime,clear,3,"adult,young",decelerating
video_0124,1,160,209,209,50,20,False,2,street,daytime,clear,3,"adult,young",decelerating
video_0124,1,170,219,219,50,10,False,2,street,daytime,clear,3,"adult,young",decelerating
video_0124,1,180,229,229,50,0,False,1,street,daytime,clear,3,"adult,young",decelerating
video_0124,1,190,239,239,50,0,False,1,street,daytime,clear,3,"adult,young",decelerating
video_0124,1,200,249,249,50,0,False,2,street,daytime,clear,3,"adult,young",decelerating
video_0124,1,210,259,259,50,0,False,2,street,daytime,clear,3,"adult,young",decelerating
video_0124,1,220,269,269,50,0,False,2,street,daytime,clear,3,"adult,young",accelerating
video_0124,1,230,279,279,50,0,False,2,street,daytime,clear,3,"adult,young",accelerating
video_0124,1,240,289,289,50,0,False,2,street,daytime,clear,3,"adult,young",accelerating
video_0124,1,250,299,299,50,0,False,2,street,daytime,clear,3,"adult,young",accelerating
video_0124,1,260,309,309,50,0,False,2,street,daytime,clear,3,"adult,young",accelerating
video_0124,1,270,319,319,50,0,False,0,street,daytime,clear,3,"adult,young",decelerating
video_0124,1,280,329,329,50,0,False,0,street,daytime,clear,3,"adult,young",decelerating
video_0124,1,290,339,339,50,10,False,2,street,daytime,clear,3,"adult,young",decelerating
video_0124,1,300,349,349,50,20,False,2,street,daytime,clear,3,"adult,young",decelerating
video_0124,1,310,359,359,50,30,True,2,street,daytime,clear,3,"adult,young",accelerating
video_0124,1,320,369,369,50,30,True,2,street,daytime,clear,3,"adult,young",accelerating
video_0124,1,330,379,379,50,30,True,2,street,daytime,clear,3,"adult,young",accelerating
video_0124,1,340,389,389,50,20,False,2,street,daytime,clear,3,"adult,young",accelerating
video_0124,1,350,399,399,50,10,False,2,street,daytime,clear,3,"adult,young",accelerating
video_0124,1,360,409,409,50,0,False,0,street,daytime,clear,3,"adult,young",accelerating
video_0124,1,370,419,419,50,0,False,0,street,daytime,clear,3,"adult,young",accelerating
video_0124,1,380,429,429,50,0,False,0,street,daytime,clear,3,"adult,young",accelerating
video_0124,1,390,439,439,50,0,False,0,street,daytime,clear,3,"adult,young",accelerating
video_0124,1,400,449,449,50,0,False,0,street,daytime,clear,3,"adult,young",accelerating
video_0124,1,410,459,449,40,0,False,0,street,daytime,clear,3,"adult,young",accelerating
video_0124,1,420,469,449,30,0,False,0,street,daytime,clear,3,"adult,young",accelerating
video_0124,1,430,479,449,20,0,False,0,street,daytime,clear,3,"adult,young",accelerating
video_0124,1,440,489,449,10,0,False,0,street,daytime,clear,3,"adult,young",accelerating
video_0125,0,0,49,49,50,0,False,2,street,daytime,clear,3,adult,decelerating
video_0125,0,10,59,59,50,0,False,2,street,daytime,clear,3,adult,decelerating
video_0125,0,20,69,69,50,0,False,2,street,daytime,clear,3,adult,accelerating
video_0125,0,30,79,79,50,0,False,2,street,daytime,clear,3,adult,accelerating
video_0125,0,40,89,89,50,0,False,2,street,daytime,clear,3,adult,decelerating
video_0125,0,50,99,99,50,0,False,2,street,daytime,clear,3,adult,accelerating
video_0125,0,60,109,109,50,0,False,2,street,daytime,clear,3,adult,accelerating
video_0125,0,70,119,119,50,0,False,2,street,daytime,clear,3,adult,decelerating
video_0125,0,80,129,129,50,0,False,2,street,daytime,clear,3,adult,decelerating
video_0125,0,90,139,139,50,0,False,2,street,daytime,clear,3,adult,decelerating
video_0125,0,100,149,149,50,0,False,2,street,daytime,clear,3,adult,decelerating
video_0125,0,110,159,159,50,0,False,2,street,daytime,clear,3,adult,decelerating
video_0125,0,120,169,169,50,0,False,2,street,daytime,clear,3,adult,stopped
video_0125,0,130,179,179,50,0,False,2,street,daytime,clear,3,adult,accelerating
video_0125,0,140,189,189,50,0,False,2,street,daytime,clear,3,adult,accelerating
video_0125,0,150,199,199,50,0,False,2,street,daytime,clear,3,adult,accelerating
video_0125,0,160,209,209,50,0,False,2,street,daytime,clear,3,adult,accelerating
video_0125,0,170,219,209,40,0,False,2,street,daytime,clear,3,adult,accelerating
video_0125,0,180,229,209,30,0,False,2,street,daytime,clear,3,adult,accelerating
video_0125,0,190,239,209,20,0,False,2,street,daytime,clear,3,adult,accelerating
video_0125,0,200,249,209,10,0,False,2,street,daytime,clear,3,adult,accelerating
video_0125,1,0,49,29,30,0,False,2,street,daytime,clear,3,adult,decelerating
video_0125,1,10,59,29,20,0,False,2,street,daytime,clear,3,adult,decelerating
video_0125,1,20,69,69,20,0,False,2,street,daytime,clear,3,adult,accelerating
video_0125,1,30,79,79,20,0,False,2,street,daytime,clear,3,adult,accelerating
video_0125,1,40,89,89,30,0,False,2,street,daytime,clear,3,adult,decelerating
video_0125,1,50,99,99,40,0,False,2,street,daytime,clear,3,adult,accelerating
video_0125,1,60,109,109,50,0,False,2,street,daytime,clear,3,adult,accelerating
video_0125,1,70,119,119,50,0,False,2,street,daytime,clear,3,adult,decelerating
video_0125,1,80,129,129,50,0,False,2,street,daytime,clear,3,adult,decelerating
video_0125,1,90,139,139,50,0,False,2,street,daytime,clear,3,adult,decelerating
video_0125,1,100,149,149,50,0,False,2,street,daytime,clear,3,adult,decelerating
video_0125,1,110,159,159,50,0,False,2,street,daytime,clear,3,adult,decelerating
video_0125,1,120,169,169,50,0,False,2,street,daytime,clear,3,adult,stopped
video_0125,1,130,179,179,50,0,False,2,street,daytime,clear,3,adult,accelerating
video_0125,1,140,189,189,50,0,False,2,street,daytime,clear,3,adult,accelerating
video_0125,1,150,199,199,50,0,False,2,street,daytime,clear,3,adult,accelerating
video_0125,1,160,209,209,50,0,False,2,street,daytime,clear,3,adult,accelerating
video_0125,1,170,219,209,40,0,False,2,street,daytime,clear,3,adult,accelerating
video_0125,1,180,229,209,30,0,False,2,street,daytime,clear,3,adult,accelerating
video_0125,1,190,239,209,20,0,False,2,street,daytime,clear,3,adult,accelerating
video_0125,1,200,249,209,10,0,False,2,street,daytime,clear,3,adult,accelerating
video_0126,0,90,139,119,30,0,False,1,street,daytime,clear,2,adult,decelerating
video_0126,0,100,149,119,20,0,False,1,street,daytime,clear,2,adult,decelerating
video_0126,0,110,159,119,10,0,False,1,street,daytime,clear,2,adult,decelerating
video_0127,0,0,49,29,30,0,False,1,street,nighttime,cloudy,,,decelerating
video_0127,0,10,59,29,20,0,False,1,street,nighttime,cloudy,,,decelerating
video_0127,0,20,69,29,10,0,False,1,street,nighttime,cloudy,,,decelerating
video_0127,0,50,99,99,10,0,False,0,street,nighttime,cloudy,,,accelerating
video_0127,0,60,109,109,20,0,False,0,street,nighttime,cloudy,,,accelerating
video_0127,0,70,119,119,30,0,False,0,street,nighttime,cloudy,,,accelerating
video_0127,0,80,129,129,40,0,False,1,street,nighttime,cloudy,,,accelerating
video_0127,0,90,139,139,50,2,False,1,street,nighttime,cloudy,,,accelerating
video_0127,0,100,149,149,50,2,False,1,street,nighttime,cloudy,,,accelerating
video_0127,0,110,159,149,40,2,False,1,street,nighttime,cloudy,,,accelerating
video_0127,0,120,169,149,30,2,False,1,street,nighttime,cloudy,,,accelerating
video_0127,0,130,179,149,20,2,False,1,street,nighttime,cloudy,,,accelerating
video_0127,0,140,189,149,10,0,False,1,street,nighttime,cloudy,,,accelerating
video_0127,0,170,219,219,10,10,False,1,street,nighttime,cloudy,,,accelerating
video_0127,0,180,229,229,20,20,False,1,street,nighttime,cloudy,,,accelerating
video_0127,0,190,239,239,30,27,True,1,street,nighttime,cloudy,,,accelerating
video_0127,0,200,249,249,40,37,True,1,street,nighttime,cloudy,,,decelerating
video_0127,0,210,259,259,50,47,True,1,street,nighttime,cloudy,,,decelerating
video_0127,0,220,269,269,50,45,True,1,street,nighttime,cloudy,,,decelerating
video_0127,0,230,279,279,50,42,True,1,street,nighttime,cloudy,,,decelerating
video_0127,0,240,289,289,50,45,True,1,street,nighttime,cloudy,,,decelerating
video_0127,0,250,299,299,50,45,True,1,street,nighttime,cloudy,,,decelerating
video_0127,0,260,309,299,40,35,True,1,street,nighttime,cloudy,,,decelerating
video_0127,0,270,319,299,30,27,True,1,street,nighttime,cloudy,,,decelerating
video_0127,0,280,329,299,20,20,False,1,street,nighttime,cloudy,,,decelerating
video_0127,0,290,339,339,20,10,False,1,street,nighttime,cloudy,,,decelerating
video_0127,0,300,349,349,20,0,False,0,street,nighttime,cloudy,,,decelerating
video_0127,0,310,359,359,30,0,False,0,street,nighttime,cloudy,,,decelerating
video_0127,0,320,369,359,30,0,False,0,street,nighttime,cloudy,,,decelerating
video_0127,0,330,379,359,30,0,False,0,street,nighttime,cloudy,,,decelerating
video_0127,0,340,389,359,20,0,False,0,street,nighttime,cloudy,,,decelerating
video_0127,0,350,399,359,10,0,False,0,street,nighttime,cloudy,,,decelerating
video_0128,0,60,109,109,50,49,True,1,street,daytime,cloudy,3,"adult,child",accelerating
video_0128,0,70,119,119,50,49,True,1,street,daytime,cloudy,3,"adult,child",accelerating
video_0128,0,80,129,119,40,39,True,1,street,daytime,cloudy,3,"adult,child",accelerating
video_0128,0,90,139,119,30,29,True,1,street,daytime,cloudy,3,"adult,child",accelerating
video_0128,0,100,149,119,20,19,False,1,street,daytime,cloudy,3,"adult,child",accelerating
video_0128,0,110,159,119,10,10,False,1,street,daytime,cloudy,3,"adult,child",accelerating
video_0128,0,200,249,249,10,0,False,0,street,daytime,cloudy,3,"adult,child",decelerating
video_0128,0,210,259,259,20,0,False,0,street,daytime,cloudy,3,"adult,child",accelerating
video_0128,0,220,269,269,30,0,False,0,street,daytime,cloudy,3,"adult,child",accelerating
video_0128,0,230,279,279,40,9,False,2,street,daytime,cloudy,3,"adult,child",accelerating
video_0128,0,240,289,289,50,9,False,2,street,daytime,cloudy,3,"adult,child",accelerating
video_0128,0,250,299,299,50,9,False,2,street,daytime,cloudy,3,"adult,child",accelerating
video_0128,0,260,309,309,50,9,False,2,street,daytime,cloudy,3,"adult,child",accelerating
video_0128,0,270,319,319,50,9,False,2,street,daytime,cloudy,3,"adult,child",decelerating
video_0128,0,280,329,329,50,0,False,2,street,daytime,cloudy,3,"adult,child",decelerating
video_0128,0,290,339,339,50,0,False,2,street,daytime,cloudy,3,"adult,child",accelerating
video_0128,0,300,349,349,50,0,False,1,street,daytime,cloudy,3,"adult,child",accelerating
video_0128,0,310,359,359,50,0,False,1,street,daytime,cloudy,3,"adult,child",accelerating
video_0128,0,320,369,359,40,0,False,1,street,daytime,cloudy,3,"adult,child",accelerating
video_0128,0,330,379,359,30,0,False,1,street,daytime,cloudy,3,"adult,child",accelerating
video_0128,0,340,389,359,20,0,False,1,street,daytime,cloudy,3,"adult,child",accelerating
video_0128,0,350,399,359,10,0,False,1,street,daytime,cloudy,3,"adult,child",accelerating
video_0128,1,270,319,319,50,17,False,2,street,daytime,cloudy,3,"adult,child",decelerating
video_0128,1,280,329,329,50,8,False,2,street,daytime,cloudy,3,"adult,child",decelerating
video_0128,1,290,339,339,50,12,False,2,street,daytime,cloudy,3,"adult,child",accelerating
video_0128,1,300,349,349,50,20,False,1,street,daytime,cloudy,3,"adult,child",accelerating
video_0128,1,310,359,359,50,21,False,1,street,daytime,cloudy,3,"adult,child",accelerating
video_0128,1,320,369,359,40,18,False,1,street,daytime,cloudy,3,"adult,child",accelerating
video_0128,1,330,379,359,30,18,False,1,street,daytime,cloudy,3,"adult,child",accelerating
video_0128,1,340,389,359,20,14,False,1,street,daytime,cloudy,3,"adult,child",accelerating
video_0128,1,350,399,359,10,6,False,1,street,daytime,cloudy,3,"adult,child",accelerating
video_0129,0,0,49,49,50,48,True,2,street,daytime,cloudy,1,adult,decelerating
video_0129,0,10,59,59,50,42,True,2,street,daytime,cloudy,1,adult,decelerating
video_0129,0,20,69,69,50,33,True,2,street,daytime,cloudy,1,adult,accelerating
video_0129,0,30,79,79,50,23,False,2,street,daytime,cloudy,1,adult,accelerating
video_0129,0,40,89,89,50,14,False,2,street,daytime,cloudy,1,adult,accelerating
video_0129,0,50,99,89,40,4,False,2,street,daytime,cloudy,1,adult,accelerating
video_0129,0,60,109,89,30,0,False,1,street,daytime,cloudy,1,adult,accelerating
video_0129,0,70,119,89,20,0,False,1,street,daytime,cloudy,1,adult,accelerating
video_0129,0,80,129,129,20,10,False,2,street,daytime,cloudy,1,adult,accelerating
video_0129,0,90,139,139,20,20,False,1,street,daytime,cloudy,1,adult,accelerating
video_0129,0,100,149,149,30,30,True,1,street,daytime,cloudy,1,adult,accelerating
video_0129,0,110,159,149,30,30,True,1,street,daytime,cloudy,1,adult,accelerating
video_0129,0,120,169,149,30,30,True,1,street,daytime,cloudy,1,adult,accelerating
video_0129,0,130,179,149,20,20,False,1,street,daytime,cloudy,1,adult,accelerating
video_0129,0,140,189,149,10,10,False,1,street,daytime,cloudy,1,adult,accelerating
video_0129,1,0,49,49,50,48,True,2,street,daytime,cloudy,1,adult,decelerating
video_0129,1,10,59,59,50,42,True,2,street,daytime,cloudy,1,adult,decelerating
video_0129,1,20,69,69,50,37,True,2,street,daytime,cloudy,1,adult,accelerating
video_0129,1,30,79,79,50,37,True,2,street,daytime,cloudy,1,adult,accelerating
video_0129,1,40,89,89,50,38,True,2,street,daytime,cloudy,1,adult,accelerating
video_0129,1,50,99,89,40,28,True,2,street,daytime,cloudy,1,adult,accelerating
video_0129,1,60,109,89,30,24,False,1,street,daytime,cloudy,1,adult,accelerating
video_0129,1,70,119,89,20,20,False,1,street,daytime,cloudy,1,adult,accelerating
video_0129,1,80,129,89,10,10,False,2,street,daytime,cloudy,1,adult,accelerating
video_0130,0,30,79,79,50,17,False,1,street,daytime,clear,2,adult,decelerating
video_0130,0,40,89,89,50,11,False,1,street,daytime,clear,2,adult,decelerating
video_0130,0,50,99,99,50,10,False,2,street,daytime,clear,2,adult,decelerating
video_0130,0,60,109,109,50,15,False,2,street,daytime,clear,2,adult,accelerating
video_0130,0,70,119,119,50,19,False,2,street,daytime,clear,2,adult,accelerating
video_0130,0,80,129,119,40,15,False,2,street,daytime,clear,2,adult,accelerating
video_0130,0,90,139,119,30,11,False,2,street,daytime,clear,2,adult,accelerating
video_0130,0,100,149,119,20,11,False,2,street,daytime,clear,2,adult,accelerating
video_0130,0,110,159,119,10,6,False,2,street,daytime,clear,2,adult,accelerating
video_0130,1,90,139,119,30,11,False,2,street,daytime,clear,2,adult,accelerating
video_0130,1,100,149,119,20,11,False,2,street,daytime,clear,2,adult,accelerating
video_0130,1,110,159,119,10,6,False,2,street,daytime,clear,2,adult,accelerating
video_0131,0,0,49,49,50,0,False,2,street,daytime,clear,2,adult,accelerating
video_0131,0,10,59,59,50,0,False,2,street,daytime,clear,2,adult,accelerating
video_0131,0,20,69,69,50,0,False,2,street,daytime,clear,2,adult,accelerating
video_0131,0,30,79,79,50,0,False,2,street,daytime,clear,2,adult,accelerating
video_0131,0,40,89,89,50,0,False,2,street,daytime,clear,2,adult,accelerating
video_0131,0,50,99,99,50,0,False,2,street,daytime,clear,2,adult,accelerating
video_0131,0,60,109,109,50,0,False,2,street,daytime,clear,2,adult,accelerating
video_0131,0,70,119,119,50,0,False,2,street,daytime,clear,2,adult,accelerating
video_0131,0,80,129,129,50,0,False,2,street,daytime,clear,2,adult,accelerating
video_0131,0,90,139,139,50,0,False,2,street,daytime,clear,2,adult,decelerating
video_0131,0,100,149,149,50,0,False,2,street,daytime,clear,2,adult,decelerating
video_0131,0,110,159,159,50,0,False,2,street,daytime,clear,2,adult,decelerating
video_0131,0,120,169,169,50,0,False,2,street,daytime,clear,2,adult,decelerating
video_0131,0,130,179,179,50,0,False,2,street,daytime,clear,2,adult,accelerating
video_0131,0,140,189,189,50,0,False,2,street,daytime,clear,2,adult,accelerating
video_0131,0,150,199,199,50,0,False,1,street,daytime,clear,2,adult,accelerating
video_0131,0,160,209,209,50,0,False,1,street,daytime,clear,2,adult,accelerating
video_0131,0,170,219,209,40,0,False,1,street,daytime,clear,2,adult,accelerating
video_0131,0,180,229,209,30,0,False,1,street,daytime,clear,2,adult,accelerating
video_0131,0,190,239,209,20,0,False,1,street,daytime,clear,2,adult,accelerating
video_0131,0,200,249,209,10,0,False,1,street,daytime,clear,2,adult,accelerating
video_0131,1,0,49,29,30,3,False,2,street,daytime,clear,2,adult,accelerating
video_0131,1,10,59,29,20,3,False,2,street,daytime,clear,2,adult,accelerating
video_0131,1,20,69,69,20,0,False,2,street,daytime,clear,2,adult,accelerating
video_0131,1,30,79,79,20,0,False,2,street,daytime,clear,2,adult,accelerating
video_0131,1,40,89,89,30,0,False,2,street,daytime,clear,2,adult,accelerating
video_0131,1,50,99,99,40,0,False,2,street,daytime,clear,2,adult,accelerating
video_0131,1,60,109,109,50,0,False,2,street,daytime,clear,2,adult,accelerating
video_0131,1,70,119,119,50,0,False,2,street,daytime,clear,2,adult,accelerating
video_0131,1,80,129,129,50,0,False,2,street,daytime,clear,2,adult,accelerating
video_0131,1,90,139,139,50,0,False,2,street,daytime,clear,2,adult,decelerating
video_0131,1,100,149,149,50,0,False,2,street,daytime,clear,2,adult,decelerating
video_0131,1,110,159,149,40,0,False,2,street,daytime,clear,2,adult,decelerating
video_0131,1,120,169,149,30,0,False,2,street,daytime,clear,2,adult,decelerating
video_0131,1,130,179,149,20,0,False,2,street,daytime,clear,2,adult,decelerating
video_0131,1,140,189,149,10,0,False,2,street,daytime,clear,2,adult,decelerating
video_0132,0,0,49,49,50,50,True,2,street,daytime,snow,2,senior,decelerating
video_0132,0,10,59,59,50,50,True,2,street,daytime,snow,2,senior,decelerating
video_0132,0,20,69,69,50,50,True,2,street,daytime,snow,2,senior,decelerating
video_0132,0,30,79,79,50,50,True,2,street,daytime,snow,2,senior,decelerating
video_0132,0,40,89,89,50,50,True,2,street,daytime,snow,2,senior,decelerating
video_0132,0,50,99,99,50,50,True,2,street,daytime,snow,2,senior,decelerating
video_0132,0,60,109,109,50,50,True,2,street,daytime,snow,2,senior,decelerating
video_0132,0,70,119,119,50,50,True,2,street,daytime,snow,2,senior,decelerating
video_0132,0,80,129,129,50,50,True,2,street,daytime,snow,2,senior,decelerating
video_0132,0,90,139,139,50,50,True,2,street,daytime,snow,2,senior,decelerating
video_0132,0,100,149,149,50,50,True,2,street,daytime,snow,2,senior,decelerating
video_0132,0,110,159,159,50,50,True,2,street,daytime,snow,2,senior,decelerating
video_0132,0,120,169,169,50,50,True,2,street,daytime,snow,2,senior,decelerating
video_0132,0,130,179,179,50,50,True,2,street,daytime,snow,2,senior,decelerating
video_0132,0,140,189,179,40,40,True,2,street,daytime,snow,2,senior,decelerating
video_0132,0,150,199,179,30,30,True,1,street,daytime,snow,2,senior,decelerating
video_0132,0,160,209,179,20,20,False,1,street,daytime,snow,2,senior,decelerating
video_0132,0,170,219,179,10,10,False,1,street,daytime,snow,2,senior,decelerating
video_0132,1,30,79,79,50,50,True,2,street,daytime,snow,2,senior,decelerating
video_0132,1,40,89,89,50,50,True,2,street,daytime,snow,2,senior,decelerating
video_0132,1,50,99,99,50,50,True,2,street,daytime,snow,2,senior,decelerating
video_0132,1,60,109,109,50,50,True,2,street,daytime,snow,2,senior,decelerating
video_0132,1,70,119,119,50,50,True,2,street,daytime,snow,2,senior,decelerating
video_0132,1,80,129,129,50,50,True,2,street,daytime,snow,2,senior,decelerating
video_0132,1,90,139,139,50,50,True,2,street,daytime,snow,2,senior,decelerating
video_0132,1,100,149,149,50,50,True,2,street,daytime,snow,2,senior,decelerating
video_0132,1,110,159,149,40,40,True,2,street,daytime,snow,2,senior,decelerating
video_0132,1,120,169,149,30,30,True,2,street,daytime,snow,2,senior,decelerating
video_0132,1,130,179,149,20,20,False,2,street,daytime,snow,2,senior,decelerating
video_0132,1,140,189,149,10,10,False,2,street,daytime,snow,2,senior,decelerating
video_0133,0,0,49,49,50,17,False,1,street,daytime,clear,4,"adult,senior",decelerating
video_0133,0,10,59,59,50,14,False,1,street,daytime,clear,4,"adult,senior",decelerating
video_0133,0,20,69,69,50,7,False,1,street,daytime,clear,4,"adult,senior",decelerating
video_0133,0,30,79,79,50,3,False,1,street,daytime,clear,4,"adult,senior",decelerating
video_0133,0,40,89,89,50,3,False,1,street,daytime,clear,4,"adult,senior",decelerating
video_0133,0,50,99,99,50,3,False,1,street,daytime,clear,4,"adult,senior",decelerating
video_0133,0,60,109,109,50,3,False,1,street,daytime,clear,4,"adult,senior",decelerating
video_0133,0,70,119,119,50,0,False,1,street,daytime,clear,4,"adult,senior",decelerating
video_0133,0,80,129,129,50,0,False,2,street,daytime,clear,4,"adult,senior",decelerating
video_0133,0,90,139,139,50,0,False,2,street,daytime,clear,4,"adult,senior",decelerating
video_0133,0,100,149,149,50,0,False,2,street,daytime,clear,4,"adult,senior",decelerating
video_0133,0,110,159,159,50,3,False,2,street,daytime,clear,4,"adult,senior",decelerating
video_0133,0,120,169,169,50,3,False,2,street,daytime,clear,4,"adult,senior",decelerating
video_0133,0,130,179,179,50,4,False,2,street,daytime,clear,4,"adult,senior",decelerating
video_0133,0,140,189,189,50,4,False,2,street,daytime,clear,4,"adult,senior",decelerating
video_0133,0,150,199,199,50,4,False,2,street,daytime,clear,4,"adult,senior",decelerating
video_0133,0,160,209,209,50,1,False,2,street,daytime,clear,4,"adult,senior",decelerating
video_0133,0,170,219,209,40,1,False,2,street,daytime,clear,4,"adult,senior",decelerating
video_0133,0,180,229,209,30,0,False,0,street,daytime,clear,4,"adult,senior",decelerating
video_0133,0,190,239,209,20,0,False,0,street,daytime,clear,4,"adult,senior",decelerating
video_0133,0,200,249,209,10,0,False,0,street,daytime,clear,4,"adult,senior",decelerating
video_0133,1,120,169,169,50,8,False,2,street,daytime,clear,4,"adult,senior",decelerating
video_0133,1,130,179,179,50,6,False,2,street,daytime,clear,4,"adult,senior",decelerating
video_0133,1,140,189,179,40,6,False,2,street,daytime,clear,4,"adult,senior",decelerating
video_0133,1,150,199,179,30,4,False,2,street,daytime,clear,4,"adult,senior",decelerating
video_0133,1,160,209,179,20,1,False,2,street,daytime,clear,4,"adult,senior",decelerating
video_0133,1,170,219,179,10,1,False,2,street,daytime,clear,4,"adult,senior",decelerating
video_0134,0,30,79,59,30,18,False,1,street,daytime,clear,1,adult,decelerating
video_0134,0,40,89,59,20,8,False,1,street,daytime,clear,1,adult,decelerating
video_0134,0,50,99,99,20,10,False,1,street,daytime,clear,1,adult,decelerating
video_0134,0,60,109,109,20,20,False,1,street,daytime,clear,1,adult,decelerating
video_0134,0,70,119,119,30,30,True,1,street,daytime,clear,1,adult,decelerating
video_0134,0,80,129,129,40,40,True,1,street,daytime,clear,1,adult,decelerating
video_0134,0,90,139,139,50,50,True,1,street,daytime,clear,1,adult,decelerating
video_0134,0,100,149,149,50,50,True,1,street,daytime,clear,1,adult,decelerating
video_0134,0,110,159,159,50,48,True,2,street,daytime,clear,1,adult,decelerating
video_0134,0,120,169,169,50,48,True,2,street,daytime,clear,1,adult,decelerating
video_0134,0,130,179,179,50,43,True,2,street,daytime,clear,1,adult,decelerating
video_0134,0,140,189,189,50,43,True,2,street,daytime,clear,1,adult,decelerating
video_0134,0,150,199,199,50,43,True,2,street,daytime,clear,1,adult,decelerating
video_0134,0,160,209,209,50,45,True,2,street,daytime,clear,1,adult,decelerating
video_0134,0,170,219,219,50,35,True,2,street,daytime,clear,1,adult,decelerating
video_0134,0,180,229,229,50,30,True,2,street,daytime,clear,1,adult,decelerating
video_0134,0,190,239,239,50,20,False,2,street,daytime,clear,1,adult,stopped
video_0134,0,200,249,239,40,10,False,2,street,daytime,clear,1,adult,stopped
video_0134,0,210,259,239,30,0,False,1,street,daytime,clear,1,adult,stopped
video_0134,0,220,269,239,20,0,False,1,street,daytime,clear,1,adult,stopped
video_0134,0,230,279,279,20,9,False,2,street,daytime,clear,1,adult,stopped
video_0134,0,240,289,289,20,19,False,2,street,daytime,clear,1,adult,stopped
video_0134,0,250,299,299,30,29,True,2,street,daytime,clear,1,adult,accelerating
video_0134,0,260,309,309,40,35,True,2,street,daytime,clear,1,adult,accelerating
video_0134,0,270,319,319,50,45,True,2,street,daytime,clear,1,adult,accelerating
video_0134,0,280,329,329,50,46,True,2,street,daytime,clear,1,adult,accelerating
video_0134,0,290,339,339,50,46,True,2,street,daytime,clear,1,adult,accelerating
video_0134,0,300,349,349,50,46,True,2,street,daytime,clear,1,adult,accelerating
video_0134,0,310,359,359,50,50,True,2,street,daytime,clear,1,adult,decelerating
video_0134,0,320,369,369,50,40,True,2,street,daytime,clear,1,adult,decelerating
video_0134,0,330,379,379,50,30,True,2,street,daytime,clear,1,adult,decelerating
video_0134,0,340,389,389,50,20,False,2,street,daytime,clear,1,adult,decelerating
video_0134,0,350,399,399,50,20,False,2,street,daytime,clear,1,adult,decelerating
video_0134,0,360,409,409,50,16,False,2,street,daytime,clear,1,adult,accelerating
video_0134,0,370,419,419,50,23,False,2,street,daytime,clear,1,adult,accelerating
video_0134,0,380,429,429,50,23,False,2,street,daytime,clear,1,adult,accelerating
video_0134,0,390,439,439,50,23,False,1,street,daytime,clear,1,adult,decelerating
video_0134,0,400,449,449,50,13,False,1,street,daytime,clear,1,adult,decelerating
video_0134,0,410,459,459,50,7,False,1,street,daytime,clear,1,adult,decelerating
video_0134,0,420,469,469,50,0,False,0,street,daytime,clear,1,adult,decelerating
video_0134,0,430,479,479,50,0,False,0,street,daytime,clear,1,adult,decelerating
video_0134,0,440,489,489,50,0,False,0,street,daytime,clear,1,adult,decelerating
video_0134,0,450,499,499,50,0,False,0,street,daytime,clear,1,adult,decelerating
video_0134,0,460,509,509,50,0,False,0,street,daytime,clear,1,adult,decelerating
video_0134,0,470,519,519,50,0,False,0,street,daytime,clear,1,adult,accelerating
video_0134,0,480,529,529,50,0,False,0,street,daytime,clear,1,adult,accelerating
video_0134,0,490,539,539,50,0,False,0,street,daytime,clear,1,adult,accelerating
video_0134,0,500,549,549,50,0,False,1,street,daytime,clear,1,adult,decelerating
video_0134,0,510,559,559,50,0,False,1,street,daytime,clear,1,adult,decelerating
video_0134,0,520,569,569,50,0,False,1,street,daytime,clear,1,adult,decelerating
video_0134,0,530,579,579,50,0,False,1,street,daytime,clear,1,adult,accelerating
video_0134,0,540,589,589,50,0,False,1,street,daytime,clear,1,adult,accelerating
video_0134,0,550,599,599,50,0,False,1,street,daytime,clear,1,adult,accelerating
video_0134,0,560,609,599,40,0,False,1,street,daytime,clear,1,adult,accelerating
video_0134,0,570,619,599,30,0,False,0,street,daytime,clear,1,adult,accelerating
video_0134,0,580,629,599,20,0,False,0,street,daytime,clear,1,adult,accelerating
video_0134,0,590,639,599,10,0,False,0,street,daytime,clear,1,adult,accelerating
video_0134,1,150,199,199,50,43,True,2,street,daytime,clear,1,adult,decelerating
video_0134,1,160,209,209,50,45,True,2,street,daytime,clear,1,adult,decelerating
video_0134,1,170,219,219,50,45,True,2,street,daytime,clear,1,adult,decelerating
video_0134,1,180,229,229,50,50,True,2,street,daytime,clear,1,adult,decelerating
video_0134,1,190,239,239,50,50,True,2,street,daytime,clear,1,adult,stopped
video_0134,1,200,249,239,40,40,True,2,street,daytime,clear,1,adult,stopped
video_0134,1,210,259,239,30,30,True,1,street,daytime,clear,1,adult,stopped
video_0134,1,220,269,239,20,20,False,1,street,daytime,clear,1,adult,stopped
video_0134,1,230,279,279,20,19,False,2,street,daytime,clear,1,adult,stopped
video_0134,1,240,289,289,20,19,False,2,street,daytime,clear,1,adult,stopped
video_0134,1,250,299,299,30,29,True,2,street,daytime,clear,1,adult,accelerating
video_0134,1,260,309,309,40,35,True,2,street,daytime,clear,1,adult,accelerating
video_0134,1,270,319,319,50,45,True,2,street,daytime,clear,1,adult,accelerating
video_0134,1,280,329,329,50,46,True,2,street,daytime,clear,1,adult,accelerating
video_0134,1,290,339,339,50,46,True,2,street,daytime,clear,1,adult,accelerating
video_0134,1,300,349,349,50,46,True,2,street,daytime,clear,1,adult,accelerating
video_0134,1,310,359,359,50,50,True,2,street,daytime,clear,1,adult,decelerating
video_0134,1,320,369,369,50,50,True,2,street,daytime,clear,1,adult,decelerating
video_0134,1,330,379,379,50,50,True,2,street,daytime,clear,1,adult,decelerating
video_0134,1,340,389,389,50,50,True,2,street,daytime,clear,1,adult,decelerating
video_0134,1,350,399,399,50,40,True,2,street,daytime,clear,1,adult,decelerating
video_0134,1,360,409,409,50,30,True,2,street,daytime,clear,1,adult,accelerating
video_0134,1,370,419,419,50,20,False,2,street,daytime,clear,1,adult,accelerating
video_0134,1,380,429,429,50,10,False,2,street,daytime,clear,1,adult,accelerating
video_0134,1,390,439,439,50,0,False,1,street,daytime,clear,1,adult,decelerating
video_0134,1,400,449,449,50,0,False,1,street,daytime,clear,1,adult,decelerating
video_0134,1,410,459,459,50,0,False,1,street,daytime,clear,1,adult,decelerating
video_0134,1,420,469,469,50,0,False,0,street,daytime,clear,1,adult,decelerating
video_0134,1,430,479,479,50,0,False,0,street,daytime,clear,1,adult,decelerating
video_0134,1,440,489,489,50,0,False,0,street,daytime,clear,1,adult,decelerating
video_0134,1,450,499,499,50,0,False,0,street,daytime,clear,1,adult,decelerating
video_0134,1,460,509,509,50,0,False,0,street,daytime,clear,1,adult,decelerating
video_0134,1,470,519,519,50,0,False,0,street,daytime,clear,1,adult,accelerating
video_0134,1,480,529,529,50,0,False,0,street,daytime,clear,1,adult,accelerating
video_0134,1,490,539,539,50,0,False,0,street,daytime,clear,1,adult,accelerating
video_0134,1,500,549,549,50,2,False,1,street,daytime,clear,1,adult,decelerating
video_0134,1,510,559,559,50,10,False,1,street,daytime,clear,1,adult,decelerating
video_0134,1,520,569,569,50,19,False,1,street,daytime,clear,1,adult,decelerating
video_0134,1,530,579,579,50,19,False,1,street,daytime,clear,1,adult,accelerating
video_0134,1,540,589,589,50,19,False,1,street,daytime,clear,1,adult,accelerating
video_0134,1,550,599,599,50,17,False,1,street,daytime,clear,1,adult,accelerating
video_0134,1,560,609,599,40,9,False,1,street,daytime,clear,1,adult,accelerating
video_0134,1,570,619,599,30,0,False,0,street,daytime,clear,1,adult,accelerating
video_0134,1,580,629,599,20,0,False,0,street,daytime,clear,1,adult,accelerating
video_0134,1,590,639,599,10,0,False,0,street,daytime,clear,1,adult,accelerating
video_0135,0,0,49,49,50,0,False,1,street,daytime,cloudy,2,"adult,senior",decelerating
video_0135,0,10,59,59,50,0,False,1,street,daytime,cloudy,2,"adult,senior",decelerating
video_0135,0,20,69,69,50,0,False,1,street,daytime,cloudy,2,"adult,senior",decelerating
video_0135,0,30,79,79,50,0,False,1,street,daytime,cloudy,2,"adult,senior",decelerating
video_0135,0,40,89,89,50,0,False,1,street,daytime,cloudy,2,"adult,senior",decelerating
video_0135,0,50,99,99,50,0,False,2,street,daytime,cloudy,2,"adult,senior",decelerating
video_0135,0,60,109,109,50,0,False,2,street,daytime,cloudy,2,"adult,senior",decelerating
video_0135,0,70,119,119,50,0,False,2,street,daytime,cloudy,2,"adult,senior",decelerating
video_0135,0,80,129,129,50,0,False,2,street,daytime,cloudy,2,"adult,senior",decelerating
video_0135,0,90,139,139,50,0,False,2,street,daytime,cloudy,2,"adult,senior",stopped
video_0135,0,100,149,149,50,0,False,2,street,daytime,cloudy,2,"adult,senior",stopped
video_0135,0,110,159,159,50,0,False,2,street,daytime,cloudy,2,"adult,senior",stopped
video_0135,0,120,169,169,50,0,False,2,street,daytime,cloudy,2,"adult,senior",stopped
video_0135,0,130,179,179,50,0,False,2,street,daytime,cloudy,2,"adult,senior",stopped
video_0135,0,140,189,189,50,0,False,2,street,daytime,cloudy,2,"adult,senior",stopped
video_0135,0,150,199,199,50,0,False,2,street,daytime,cloudy,2,"adult,senior",stopped
video_0135,0,160,209,209,50,0,False,2,street,daytime,cloudy,2,"adult,senior",stopped
video_0135,0,170,219,219,50,0,False,2,street,daytime,cloudy,2,"adult,senior",stopped
video_0135,0,180,229,229,50,0,False,2,street,daytime,cloudy,2,"adult,senior",stopped
video_0135,0,190,239,239,50,0,False,2,street,daytime,cloudy,2,"adult,senior",stopped
video_0135,0,200,249,249,50,0,False,2,street,daytime,cloudy,2,"adult,senior",stopped
video_0135,0,210,259,259,50,0,False,2,street,daytime,cloudy,2,"adult,senior",stopped
video_0135,0,220,269,269,50,0,False,2,street,daytime,cloudy,2,"adult,senior",stopped
video_0135,0,230,279,279,50,0,False,2,street,daytime,cloudy,2,"adult,senior",stopped
video_0135,0,240,289,289,50,0,False,2,street,daytime,cloudy,2,"adult,senior",stopped
video_0135,0,250,299,299,50,0,False,2,street,daytime,cloudy,2,"adult,senior",stopped
video_0135,0,260,309,309,50,0,False,2,street,daytime,cloudy,2,"adult,senior",stopped
video_0135,0,270,319,319,50,0,False,0,street,daytime,cloudy,2,"adult,senior",stopped
video_0135,0,280,329,329,50,0,False,0,street,daytime,cloudy,2,"adult,senior",stopped
video_0135,0,290,339,339,50,0,False,2,street,daytime,cloudy,2,"adult,senior",accelerating
video_0135,0,300,349,349,50,0,False,2,street,daytime,cloudy,2,"adult,senior",accelerating
video_0135,0,310,359,359,50,0,False,2,street,daytime,cloudy,2,"adult,senior",decelerating
video_0135,0,320,369,369,50,0,False,2,street,daytime,cloudy,2,"adult,senior",stopped
video_0135,0,330,379,379,50,0,False,2,street,daytime,cloudy,2,"adult,senior",stopped
video_0135,0,340,389,389,50,0,False,2,street,daytime,cloudy,2,"adult,senior",stopped
video_0135,0,350,399,399,50,0,False,2,street,daytime,cloudy,2,"adult,senior",stopped
video_0135,0,360,409,409,50,0,False,1,street,daytime,cloudy,2,"adult,senior",stopped
video_0135,0,370,419,419,50,0,False,1,street,daytime,cloudy,2,"adult,senior",accelerating
video_0135,0,380,429,429,50,0,False,1,street,daytime,cloudy,2,"adult,senior",accelerating
video_0135,0,390,439,439,50,0,False,1,street,daytime,cloudy,2,"adult,senior",decelerating
video_0135,0,400,449,449,50,0,False,1,street,daytime,cloudy,2,"adult,senior",decelerating
video_0135,0,410,459,459,50,0,False,2,street,daytime,cloudy,2,"adult,senior",decelerating
video_0135,0,420,469,469,50,0,False,1,street,daytime,cloudy,2,"adult,senior",decelerating
video_0135,0,430,479,479,50,0,False,1,street,daytime,cloudy,2,"adult,senior",decelerating
video_0135,0,440,489,489,50,0,False,2,street,daytime,cloudy,2,"adult,senior",decelerating
video_0135,0,450,499,499,50,0,False,2,street,daytime,cloudy,2,"adult,senior",decelerating
video_0135,0,460,509,509,50,0,False,2,street,daytime,cloudy,2,"adult,senior",stopped
video_0135,0,470,519,509,40,0,False,2,street,daytime,cloudy,2,"adult,senior",stopped
video_0135,0,480,529,509,30,0,False,2,street,daytime,cloudy,2,"adult,senior",stopped
video_0135,0,490,539,509,20,0,False,2,street,daytime,cloudy,2,"adult,senior",stopped
video_0135,0,500,549,509,10,0,False,2,street,daytime,cloudy,2,"adult,senior",stopped
video_0135,1,0,49,49,50,0,False,1,street,daytime,cloudy,2,"adult,senior",decelerating
video_0135,1,10,59,59,50,0,False,1,street,daytime,cloudy,2,"adult,senior",decelerating
video_0135,1,20,69,69,50,0,False,1,street,daytime,cloudy,2,"adult,senior",decelerating
video_0135,1,30,79,79,50,0,False,1,street,daytime,cloudy,2,"adult,senior",decelerating
video_0135,1,40,89,89,50,0,False,1,street,daytime,cloudy,2,"adult,senior",decelerating
video_0135,1,50,99,99,50,0,False,2,street,daytime,cloudy,2,"adult,senior",decelerating
video_0135,1,60,109,109,50,0,False,2,street,daytime,cloudy,2,"adult,senior",decelerating
video_0135,1,70,119,119,50,0,False,2,street,daytime,cloudy,2,"adult,senior",decelerating
video_0135,1,80,129,129,50,0,False,2,street,daytime,cloudy,2,"adult,senior",decelerating
video_0135,1,90,139,139,50,0,False,2,street,daytime,cloudy,2,"adult,senior",stopped
video_0135,1,100,149,149,50,0,False,2,street,daytime,cloudy,2,"adult,senior",stopped
video_0135,1,110,159,159,50,0,False,2,street,daytime,cloudy,2,"adult,senior",stopped
video_0135,1,120,169,169,50,0,False,2,street,daytime,cloudy,2,"adult,senior",stopped
video_0135,1,130,179,179,50,0,False,2,street,daytime,cloudy,2,"adult,senior",stopped
video_0135,1,140,189,189,50,0,False,2,street,daytime,cloudy,2,"adult,senior",stopped
video_0135,1,150,199,199,50,0,False,2,street,daytime,cloudy,2,"adult,senior",stopped
video_0135,1,160,209,209,50,0,False,2,street,daytime,cloudy,2,"adult,senior",stopped
video_0135,1,170,219,219,50,0,False,2,street,daytime,cloudy,2,"adult,senior",stopped
video_0135,1,180,229,229,50,0,False,2,street,daytime,cloudy,2,"adult,senior",stopped
video_0135,1,190,239,239,50,0,False,2,street,daytime,cloudy,2,"adult,senior",stopped
video_0135,1,200,249,249,50,0,False,2,street,daytime,cloudy,2,"adult,senior",stopped
video_0135,1,210,259,259,50,0,False,2,street,daytime,cloudy,2,"adult,senior",stopped
video_0135,1,220,269,269,50,0,False,2,street,daytime,cloudy,2,"adult,senior",stopped
video_0135,1,230,279,279,50,0,False,2,street,daytime,cloudy,2,"adult,senior",stopped
video_0135,1,240,289,289,50,0,False,2,street,daytime,cloudy,2,"adult,senior",stopped
video_0135,1,250,299,299,50,0,False,2,street,daytime,cloudy,2,"adult,senior",stopped
video_0135,1,260,309,309,50,0,False,2,street,daytime,cloudy,2,"adult,senior",stopped
video_0135,1,270,319,319,50,0,False,0,street,daytime,cloudy,2,"adult,senior",stopped
video_0135,1,280,329,329,50,0,False,0,street,daytime,cloudy,2,"adult,senior",stopped
video_0135,1,290,339,339,50,0,False,2,street,daytime,cloudy,2,"adult,senior",accelerating
video_0135,1,300,349,349,50,0,False,2,street,daytime,cloudy,2,"adult,senior",accelerating
video_0135,1,310,359,359,50,0,False,2,street,daytime,cloudy,2,"adult,senior",decelerating
video_0135,1,320,369,369,50,0,False,2,street,daytime,cloudy,2,"adult,senior",stopped
video_0135,1,330,379,379,50,0,False,2,street,daytime,cloudy,2,"adult,senior",stopped
video_0135,1,340,389,389,50,0,False,2,street,daytime,cloudy,2,"adult,senior",stopped
video_0135,1,350,399,399,50,0,False,2,street,daytime,cloudy,2,"adult,senior",stopped
video_0135,1,360,409,409,50,0,False,1,street,daytime,cloudy,2,"adult,senior",stopped
video_0135,1,370,419,419,50,0,False,1,street,daytime,cloudy,2,"adult,senior",accelerating
video_0135,1,380,429,429,50,0,False,1,street,daytime,cloudy,2,"adult,senior",accelerating
video_0135,1,390,439,439,50,0,False,1,street,daytime,cloudy,2,"adult,senior",decelerating
video_0135,1,400,449,449,50,0,False,1,street,daytime,cloudy,2,"adult,senior",decelerating
video_0135,1,410,459,459,50,0,False,2,street,daytime,cloudy,2,"adult,senior",decelerating
video_0135,1,420,469,469,50,0,False,1,street,daytime,cloudy,2,"adult,senior",decelerating
video_0135,1,430,479,479,50,0,False,1,street,daytime,cloudy,2,"adult,senior",decelerating
video_0135,1,440,489,489,50,0,False,2,street,daytime,cloudy,2,"adult,senior",decelerating
video_0135,1,450,499,499,50,0,False,2,street,daytime,cloudy,2,"adult,senior",decelerating
video_0135,1,460,509,509,50,0,False,2,street,daytime,cloudy,2,"adult,senior",stopped
video_0135,1,470,519,509,40,0,False,2,street,daytime,cloudy,2,"adult,senior",stopped
video_0135,1,480,529,509,30,0,False,2,street,daytime,cloudy,2,"adult,senior",stopped
video_0135,1,490,539,509,20,0,False,2,street,daytime,cloudy,2,"adult,senior",stopped
video_0135,1,500,549,509,10,0,False,2,street,daytime,cloudy,2,"adult,senior",stopped
video_0136,0,0,49,49,50,14,False,1,street,daytime,clear,4,adult,decelerating
video_0136,0,10,59,59,50,14,False,1,street,daytime,clear,4,adult,decelerating
video_0136,0,20,69,59,40,13,False,1,street,daytime,clear,4,adult,decelerating
video_0136,0,30,79,59,30,4,False,1,street,daytime,clear,4,adult,decelerating
video_0136,0,40,89,59,20,0,False,1,street,daytime,clear,4,adult,decelerating
video_0136,0,50,99,99,20,0,False,2,street,daytime,clear,4,adult,accelerating
video_0136,0,60,109,109,20,0,False,2,street,daytime,clear,4,adult,accelerating
video_0136,0,70,119,119,30,0,False,2,street,daytime,clear,4,adult,decelerating
video_0136,0,80,129,129,40,0,False,2,street,daytime,clear,4,adult,decelerating
video_0136,0,90,139,139,50,0,False,2,street,daytime,clear,4,adult,decelerating
video_0136,0,100,149,149,50,0,False,2,street,daytime,clear,4,adult,decelerating
video_0136,0,110,159,159,50,0,False,2,street,daytime,clear,4,adult,decelerating
video_0136,0,120,169,169,50,0,False,2,street,daytime,clear,4,adult,decelerating
video_0136,0,130,179,179,50,0,False,2,street,daytime,clear,4,adult,decelerating
video_0136,0,140,189,189,50,0,False,2,street,daytime,clear,4,adult,decelerating
video_0136,0,150,199,199,50,0,False,2,street,daytime,clear,4,adult,accelerating
video_0136,0,160,209,209,50,0,False,2,street,daytime,clear,4,adult,accelerating
video_0136,0,170,219,209,40,0,False,2,street,daytime,clear,4,adult,accelerating
video_0136,0,180,229,209,30,0,False,1,street,daytime,clear,4,adult,accelerating
video_0136,0,190,239,209,20,0,False,1,street,daytime,clear,4,adult,accelerating
video_0136,0,200,249,209,10,0,False,1,street,daytime,clear,4,adult,accelerating
video_0136,1,90,139,139,50,0,False,2,street,daytime,clear,4,adult,decelerating
video_0136,1,100,149,149,50,0,False,2,street,daytime,clear,4,adult,decelerating
video_0136,1,110,159,159,50,0,False,2,street,daytime,clear,4,adult,decelerating
video_0136,1,120,169,169,50,0,False,2,street,daytime,clear,4,adult,decelerating
video_0136,1,130,179,179,50,0,False,2,street,daytime,clear,4,adult,decelerating
video_0136,1,140,189,179,40,0,False,2,street,daytime,clear,4,adult,decelerating
video_0136,1,150,199,179,30,0,False,2,street,daytime,clear,4,adult,decelerating
video_0136,1,160,209,179,20,0,False,2,street,daytime,clear,4,adult,decelerating
video_0136,1,170,219,179,10,0,False,2,street,daytime,clear,4,adult,decelerating
video_0137,0,30,79,79,50,0,False,2,street,daytime,rain,4,adult,decelerating
video_0137,0,40,89,89,50,0,False,2,street,daytime,rain,4,adult,accelerating
video_0137,0,50,99,99,50,0,False,2,street,daytime,rain,4,adult,accelerating
video_0137,0,60,109,109,50,0,False,2,street,daytime,rain,4,adult,accelerating
video_0137,0,70,119,119,50,0,False,2,street,daytime,rain,4,adult,accelerating
video_0137,0,80,129,129,50,0,False,2,street,daytime,rain,4,adult,accelerating
video_0137,0,90,139,139,50,0,False,2,street,daytime,rain,4,adult,accelerating
video_0137,0,100,149,149,50,0,False,2,street,daytime,rain,4,adult,accelerating
video_0137,0,110,159,159,50,0,False,2,street,daytime,rain,4,adult,accelerating
video_0137,0,120,169,169,50,0,False,2,street,daytime,rain,4,adult,accelerating
video_0137,0,130,179,179,50,1,False,2,street,daytime,rain,4,adult,accelerating
video_0137,0,140,189,189,50,1,False,2,street,daytime,rain,4,adult,accelerating
video_0137,0,150,199,199,50,1,False,2,street,daytime,rain,4,adult,decelerating
video_0137,0,160,209,209,50,1,False,2,street,daytime,rain,4,adult,decelerating
video_0137,0,170,219,209,40,1,False,2,street,daytime,rain,4,adult,decelerating
video_0137,0,180,229,209,30,0,False,1,street,daytime,rain,4,adult,decelerating
video_0137,0,190,239,209,20,0,False,1,street,daytime,rain,4,adult,decelerating
video_0137,0,200,249,209,10,0,False,1,street,daytime,rain,4,adult,decelerating
video_0137,1,60,109,89,30,0,False,2,street,daytime,rain,4,adult,accelerating
video_0137,1,70,119,89,20,0,False,2,street,daytime,rain,4,adult,accelerating
video_0137,1,80,129,129,20,0,False,2,street,daytime,rain,4,adult,accelerating
video_0137,1,90,139,139,20,0,False,2,street,daytime,rain,4,adult,accelerating
video_0137,1,100,149,149,30,0,False,2,street,daytime,rain,4,adult,accelerating
video_0137,1,110,159,159,40,0,False,2,street,daytime,rain,4,adult,accelerating
video_0137,1,120,169,169,50,0,False,2,street,daytime,rain,4,adult,accelerating
video_0137,1,130,179,179,50,1,False,2,street,daytime,rain,4,adult,accelerating
video_0137,1,140,189,189,50,2,False,2,street,daytime,rain,4,adult,accelerating
video_0137,1,150,199,199,50,9,False,2,street,daytime,rain,4,adult,decelerating
video_0137,1,160,209,209,50,11,False,2,street,daytime,rain,4,adult,decelerating
video_0137,1,170,219,209,40,11,False,2,street,daytime,rain,4,adult,decelerating
video_0137,1,180,229,209,30,10,False,1,street,daytime,rain,4,adult,decelerating
video_0137,1,190,239,209,20,9,False,1,street,daytime,rain,4,adult,decelerating
video_0137,1,200,249,209,10,2,False,1,street,daytime,rain,4,adult,decelerating
video_0138,0,0,49,49,50,15,False,2,street,daytime,cloudy,4,"adult,senior",accelerating
video_0138,0,10,59,59,50,15,False,2,street,daytime,cloudy,4,"adult,senior",accelerating
video_0138,0,20,69,69,50,15,False,2,street,daytime,cloudy,4,"adult,senior",accelerating
video_0138,0,30,79,79,50,14,False,2,street,daytime,cloudy,4,"adult,senior",accelerating
video_0138,0,40,89,89,50,4,False,2,street,daytime,cloudy,4,"adult,senior",accelerating
video_0138,0,50,99,99,50,0,False,2,street,daytime,cloudy,4,"adult,senior",decelerating
video_0138,0,60,109,109,50,0,False,2,street,daytime,cloudy,4,"adult,senior",decelerating
video_0138,0,70,119,119,50,0,False,2,street,daytime,cloudy,4,"adult,senior",decelerating
video_0138,0,80,129,129,50,0,False,2,street,daytime,cloudy,4,"adult,senior",decelerating
video_0138,0,90,139,139,50,0,False,2,street,daytime,cloudy,4,"adult,senior",decelerating
video_0138,0,100,149,149,50,0,False,2,street,daytime,cloudy,4,"adult,senior",decelerating
video_0138,0,110,159,159,50,6,False,2,street,daytime,cloudy,4,"adult,senior",decelerating
video_0138,0,120,169,169,50,6,False,2,street,daytime,cloudy,4,"adult,senior",decelerating
video_0138,0,130,179,179,50,6,False,2,street,daytime,cloudy,4,"adult,senior",decelerating
video_0138,0,140,189,189,50,6,False,2,street,daytime,cloudy,4,"adult,senior",decelerating
video_0138,0,150,199,199,50,15,False,2,street,daytime,cloudy,4,"adult,senior",decelerating
video_0138,0,160,209,209,50,18,False,2,street,daytime,cloudy,4,"adult,senior",decelerating
video_0138,0,170,219,219,50,28,True,2,street,daytime,cloudy,4,"adult,senior",accelerating
video_0138,0,180,229,229,50,37,True,2,street,daytime,cloudy,4,"adult,senior",accelerating
video_0138,0,190,239,239,50,45,True,2,street,daytime,cloudy,4,"adult,senior",accelerating
video_0138,0,200,249,249,50,42,True,2,street,daytime,cloudy,4,"adult,senior",accelerating
video_0138,0,210,259,259,50,33,True,2,street,daytime,cloudy,4,"adult,senior",accelerating
video_0138,0,220,269,269,50,25,True,2,street,daytime,cloudy,4,"adult,senior",accelerating
video_0138,0,230,279,279,50,20,False,2,street,daytime,cloudy,4,"adult,senior",accelerating
video_0138,0,240,289,289,50,20,False,2,street,daytime,cloudy,4,"adult,senior",accelerating
video_0138,0,250,299,299,50,21,False,2,street,daytime,cloudy,4,"adult,senior",accelerating
video_0138,0,260,309,299,40,21,False,2,street,daytime,cloudy,4,"adult,senior",accelerating
video_0138,0,270,319,299,30,19,False,1,street,daytime,cloudy,4,"adult,senior",accelerating
video_0138,0,280,329,299,20,15,False,1,street,daytime,cloudy,4,"adult,senior",accelerating
video_0138,0,290,339,299,10,7,False,1,street,daytime,cloudy,4,"adult,senior",accelerating
video_0138,1,0,49,49,50,15,False,2,street,daytime,cloudy,4,"adult,senior",accelerating
video_0138,1,10,59,59,50,15,False,2,street,daytime,cloudy,4,"adult,senior",accelerating
video_0138,1,20,69,69,50,15,False,2,street,daytime,cloudy,4,"adult,senior",accelerating
video_0138,1,30,79,79,50,14,False,2,street,daytime,cloudy,4,"adult,senior",accelerating
video_0138,1,40,89,89,50,4,False,2,street,daytime,cloudy,4,"adult,senior",accelerating
video_0138,1,50,99,99,50,0,False,2,street,daytime,cloudy,4,"adult,senior",decelerating
video_0138,1,60,109,109,50,0,False,2,street,daytime,cloudy,4,"adult,senior",decelerating
video_0138,1,70,119,119,50,0,False,2,street,daytime,cloudy,4,"adult,senior",decelerating
video_0138,1,80,129,129,50,0,False,2,street,daytime,cloudy,4,"adult,senior",decelerating
video_0138,1,90,139,139,50,0,False,2,street,daytime,cloudy,4,"adult,senior",decelerating
video_0138,1,100,149,149,50,0,False,2,street,daytime,cloudy,4,"adult,senior",decelerating
video_0138,1,110,159,159,50,0,False,2,street,daytime,cloudy,4,"adult,senior",decelerating
video_0138,1,120,169,169,50,0,False,2,street,daytime,cloudy,4,"adult,senior",decelerating
video_0138,1,130,179,179,50,0,False,2,street,daytime,cloudy,4,"adult,senior",decelerating
video_0138,1,140,189,189,50,0,False,2,street,daytime,cloudy,4,"adult,senior",decelerating
video_0138,1,150,199,199,50,9,False,2,street,daytime,cloudy,4,"adult,senior",decelerating
video_0138,1,160,209,209,50,18,False,2,street,daytime,cloudy,4,"adult,senior",decelerating
video_0138,1,170,219,219,50,28,True,2,street,daytime,cloudy,4,"adult,senior",accelerating
video_0138,1,180,229,229,50,37,True,2,street,daytime,cloudy,4,"adult,senior",accelerating
video_0138,1,190,239,239,50,45,True,2,street,daytime,cloudy,4,"adult,senior",accelerating
video_0138,1,200,249,249,50,42,True,2,street,daytime,cloudy,4,"adult,senior",accelerating
video_0138,1,210,259,259,50,33,True,2,street,daytime,cloudy,4,"adult,senior",accelerating
video_0138,1,220,269,269,50,25,True,2,street,daytime,cloudy,4,"adult,senior",accelerating
video_0138,1,230,279,279,50,16,False,2,street,daytime,cloudy,4,"adult,senior",accelerating
video_0138,1,240,289,289,50,8,False,2,street,daytime,cloudy,4,"adult,senior",accelerating
video_0138,1,250,299,299,50,2,False,2,street,daytime,cloudy,4,"adult,senior",accelerating
video_0138,1,260,309,299,40,2,False,2,street,daytime,cloudy,4,"adult,senior",accelerating
video_0138,1,270,319,299,30,0,False,1,street,daytime,cloudy,4,"adult,senior",accelerating
video_0138,1,280,329,299,20,0,False,1,street,daytime,cloudy,4,"adult,senior",accelerating
video_0138,1,290,339,299,10,0,False,1,street,daytime,cloudy,4,"adult,senior",accelerating
video_0139,0,0,49,49,50,14,False,2,street,daytime,clear,2,adult,decelerating
video_0139,0,10,59,59,50,17,False,2,street,daytime,clear,2,adult,decelerating
video_0139,0,20,69,69,50,19,False,2,street,daytime,clear,2,adult,decelerating
video_0139,0,30,79,79,50,17,False,2,street,daytime,clear,2,adult,decelerating
video_0139,0,40,89,89,50,15,False,2,street,daytime,clear,2,adult,accelerating
video_0139,0,50,99,99,50,7,False,2,street,daytime,clear,2,adult,accelerating
video_0139,0,60,109,109,50,2,False,2,street,daytime,clear,2,adult,accelerating
video_0139,0,70,119,119,50,0,False,2,street,daytime,clear,2,adult,accelerating
video_0139,0,80,129,129,50,0,False,2,street,daytime,clear,2,adult,accelerating
video_0139,0,90,139,139,50,1,False,2,street,daytime,clear,2,adult,accelerating
video_0139,0,100,149,149,50,10,False,2,street,daytime,clear,2,adult,accelerating
video_0139,0,110,159,159,50,13,False,2,street,daytime,clear,2,adult,accelerating
video_0139,0,120,169,169,50,19,False,2,street,daytime,clear,2,adult,accelerating
video_0139,0,130,179,179,50,19,False,2,street,daytime,clear,2,adult,accelerating
video_0139,0,140,189,189,50,19,False,2,street,daytime,clear,2,adult,accelerating
video_0139,0,150,199,199,50,10,False,1,street,daytime,clear,2,adult,accelerating
video_0139,0,160,209,209,50,7,False,1,street,daytime,clear,2,adult,accelerating
video_0139,0,170,219,209,40,1,False,1,street,daytime,clear,2,adult,accelerating
video_0139,0,180,229,209,30,1,False,1,street,daytime,clear,2,adult,accelerating
video_0139,0,190,239,209,20,0,False,1,street,daytime,clear,2,adult,accelerating
video_0139,0,200,249,209,10,0,False,1,street,daytime,clear,2,adult,accelerating
video_0139,1,0,49,49,50,14,False,2,street,daytime,clear,2,adult,decelerating
video_0139,1,10,59,59,50,17,False,2,street,daytime,clear,2,adult,decelerating
video_0139,1,20,69,69,50,19,False,2,street,daytime,clear,2,adult,decelerating
video_0139,1,30,79,79,50,17,False,2,street,daytime,clear,2,adult,decelerating
video_0139,1,40,89,89,50,15,False,2,street,daytime,clear,2,adult,accelerating
video_0139,1,50,99,99,50,7,False,2,street,daytime,clear,2,adult,accelerating
video_0139,1,60,109,109,50,2,False,2,street,daytime,clear,2,adult,accelerating
video_0139,1,70,119,119,50,0,False,2,street,daytime,clear,2,adult,accelerating
video_0139,1,80,129,129,50,0,False,2,street,daytime,clear,2,adult,accelerating
video_0139,1,90,139,139,50,1,False,2,street,daytime,clear,2,adult,accelerating
video_0139,1,100,149,149,50,10,False,2,street,daytime,clear,2,adult,accelerating
video_0139,1,110,159,159,50,10,False,2,street,daytime,clear,2,adult,accelerating
video_0139,1,120,169,169,50,10,False,2,street,daytime,clear,2,adult,accelerating
video_0139,1,130,179,179,50,10,False,2,street,daytime,clear,2,adult,accelerating
video_0139,1,140,189,179,40,9,False,2,street,daytime,clear,2,adult,accelerating
video_0139,1,150,199,179,30,0,False,1,street,daytime,clear,2,adult,accelerating
video_0139,1,160,209,179,20,0,False,1,street,daytime,clear,2,adult,accelerating
video_0139,1,170,219,179,10,0,False,1,street,daytime,clear,2,adult,accelerating
video_0140,0,0,49,49,50,0,False,2,street,daytime,cloudy,4,adult,decelerating
video_0140,0,10,59,59,50,0,False,2,street,daytime,cloudy,4,adult,decelerating
video_0140,0,20,69,69,50,0,False,2,street,daytime,cloudy,4,adult,decelerating
video_0140,0,30,79,79,50,0,False,0,street,daytime,cloudy,4,adult,decelerating
video_0140,0,40,89,89,50,0,False,0,street,daytime,cloudy,4,adult,decelerating
video_0140,0,50,99,99,50,0,False,1,street,daytime,cloudy,4,adult,decelerating
video_0140,0,60,109,109,50,0,False,1,street,daytime,cloudy,4,adult,decelerating
video_0140,0,70,119,119,50,0,False,1,street,daytime,cloudy,4,adult,decelerating
video_0140,0,80,129,129,50,0,False,2,street,daytime,cloudy,4,adult,decelerating
video_0140,0,90,139,139,50,0,False,2,street,daytime,cloudy,4,adult,decelerating
video_0140,0,100,149,149,50,0,False,2,street,daytime,cloudy,4,adult,decelerating
video_0140,0,110,159,159,50,0,False,2,street,daytime,cloudy,4,adult,decelerating
video_0140,0,120,169,169,50,0,False,2,street,daytime,cloudy,4,adult,decelerating
video_0140,0,130,179,179,50,0,False,2,street,daytime,cloudy,4,adult,decelerating
video_0140,0,140,189,189,50,0,False,2,street,daytime,cloudy,4,adult,decelerating
video_0140,0,150,199,199,50,0,False,1,street,daytime,cloudy,4,adult,accelerating
video_0140,0,160,209,209,50,0,False,1,street,daytime,cloudy,4,adult,accelerating
video_0140,0,170,219,209,40,0,False,1,street,daytime,cloudy,4,adult,accelerating
video_0140,0,180,229,209,30,0,False,1,street,daytime,cloudy,4,adult,accelerating
video_0140,0,190,239,209,20,0,False,1,street,daytime,cloudy,4,adult,accelerating
video_0140,0,200,249,209,10,0,False,1,street,daytime,cloudy,4,adult,accelerating
video_0140,1,0,49,29,30,0,False,2,street,daytime,cloudy,4,adult,decelerating
video_0140,1,10,59,29,20,0,False,2,street,daytime,cloudy,4,adult,decelerating
video_0140,1,20,69,29,10,0,False,2,street,daytime,cloudy,4,adult,decelerating
video_0140,1,80,129,129,10,0,False,2,street,daytime,cloudy,4,adult,decelerating
video_0140,1,90,139,139,20,0,False,2,street,daytime,cloudy,4,adult,decelerating
video_0140,1,100,149,149,30,0,False,2,street,daytime,cloudy,4,adult,decelerating
video_0140,1,110,159,149,30,0,False,2,street,daytime,cloudy,4,adult,decelerating
video_0140,1,120,169,149,30,0,False,2,street,daytime,cloudy,4,adult,decelerating
video_0140,1,130,179,149,20,0,False,2,street,daytime,cloudy,4,adult,decelerating
video_0140,1,140,189,149,10,0,False,2,street,daytime,cloudy,4,adult,decelerating
video_0141,0,0,49,29,30,0,False,1,plaza,daytime,clear,1,adult,decelerating
video_0141,0,10,59,29,20,0,False,1,plaza,daytime,clear,1,adult,decelerating
video_0141,0,20,69,69,20,0,False,1,plaza,daytime,clear,1,adult,decelerating
video_0141,0,30,79,79,20,0,False,1,plaza,daytime,clear,1,adult,decelerating
video_0141,0,40,89,89,30,0,False,1,plaza,daytime,clear,1,adult,decelerating
video_0141,0,50,99,99,40,0,False,2,plaza,daytime,clear,1,adult,decelerating
video_0141,0,60,109,109,50,0,False,2,plaza,daytime,clear,1,adult,decelerating
video_0141,0,70,119,119,50,0,False,2,plaza,daytime,clear,1,adult,decelerating
video_0141,0,80,129,119,40,0,False,2,plaza,daytime,clear,1,adult,decelerating
video_0141,0,90,139,119,30,0,False,2,plaza,daytime,clear,1,adult,decelerating
video_0141,0,100,149,119,20,0,False,2,plaza,daytime,clear,1,adult,decelerating
video_0141,0,110,159,119,10,0,False,2,plaza,daytime,clear,1,adult,decelerating
video_0141,1,90,139,119,30,0,False,2,plaza,daytime,clear,1,adult,decelerating
video_0141,1,100,149,119,20,0,False,2,plaza,daytime,clear,1,adult,decelerating
video_0141,1,110,159,119,10,0,False,2,plaza,daytime,clear,1,adult,decelerating
video_0143,0,0,49,49,50,0,False,2,street,daytime,cloudy,3,adult,decelerating
video_0143,0,10,59,59,50,0,False,2,street,daytime,cloudy,3,adult,decelerating
video_0143,0,20,69,69,50,0,False,2,street,daytime,cloudy,3,adult,decelerating
video_0143,0,30,79,79,50,0,False,2,street,daytime,cloudy,3,adult,decelerating
video_0143,0,40,89,89,50,0,False,2,street,daytime,cloudy,3,adult,decelerating
video_0143,0,50,99,99,50,0,False,2,street,daytime,cloudy,3,adult,decelerating
video_0143,0,60,109,109,50,0,False,2,street,daytime,cloudy,3,adult,decelerating
video_0143,0,70,119,119,50,0,False,2,street,daytime,cloudy,3,adult,decelerating
video_0143,0,80,129,129,50,0,False,2,street,daytime,cloudy,3,adult,stopped
video_0143,0,90,139,139,50,0,False,2,street,daytime,cloudy,3,adult,stopped
video_0143,0,100,149,149,50,0,False,2,street,daytime,cloudy,3,adult,stopped
video_0143,0,110,159,159,50,0,False,2,street,daytime,cloudy,3,adult,stopped
video_0143,0,120,169,169,50,0,False,2,street,daytime,cloudy,3,adult,stopped
video_0143,0,130,179,179,50,0,False,2,street,daytime,cloudy,3,adult,stopped
video_0143,0,140,189,189,50,0,False,2,street,daytime,cloudy,3,adult,stopped
video_0143,0,150,199,199,50,0,False,2,street,daytime,cloudy,3,adult,stopped
video_0143,0,160,209,209,50,0,False,2,street,daytime,cloudy,3,adult,stopped
video_0143,0,170,219,219,50,0,False,2,street,daytime,cloudy,3,adult,stopped
video_0143,0,180,229,229,50,0,False,2,street,daytime,cloudy,3,adult,stopped
video_0143,0,190,239,239,50,0,False,2,street,daytime,cloudy,3,adult,stopped
video_0143,0,200,249,249,50,0,False,2,street,daytime,cloudy,3,adult,stopped
video_0143,0,210,259,259,50,0,False,2,street,daytime,cloudy,3,adult,stopped
video_0143,0,220,269,269,50,0,False,2,street,daytime,cloudy,3,adult,stopped
video_0143,0,230,279,279,50,0,False,2,street,daytime,cloudy,3,adult,stopped
video_0143,0,240,289,289,50,0,False,1,street,daytime,cloudy,3,adult,accelerating
video_0143,0,250,299,299,50,0,False,1,street,daytime,cloudy,3,adult,accelerating
video_0143,0,260,309,299,40,0,False,1,street,daytime,cloudy,3,adult,accelerating
video_0143,0,270,319,299,30,0,False,0,street,daytime,cloudy,3,adult,accelerating
video_0143,0,280,329,299,20,0,False,0,street,daytime,cloudy,3,adult,accelerating
video_0143,0,290,339,299,10,0,False,0,street,daytime,cloudy,3,adult,accelerating
video_0143,1,0,49,49,50,0,False,2,street,daytime,cloudy,3,adult,decelerating
video_0143,1,10,59,59,50,0,False,2,street,daytime,cloudy,3,adult,decelerating
video_0143,1,20,69,69,50,0,False,2,street,daytime,cloudy,3,adult,decelerating
video_0143,1,30,79,79,50,0,False,2,street,daytime,cloudy,3,adult,decelerating
video_0143,1,40,89,89,50,0,False,2,street,daytime,cloudy,3,adult,decelerating
video_0143,1,50,99,99,50,0,False,2,street,daytime,cloudy,3,adult,decelerating
video_0143,1,60,109,109,50,0,False,2,street,daytime,cloudy,3,adult,decelerating
video_0143,1,70,119,119,50,0,False,2,street,daytime,cloudy,3,adult,decelerating
video_0143,1,80,129,129,50,0,False,2,street,daytime,cloudy,3,adult,stopped
video_0143,1,90,139,139,50,0,False,2,street,daytime,cloudy,3,adult,stopped
video_0143,1,100,149,149,50,0,False,2,street,daytime,cloudy,3,adult,stopped
video_0143,1,110,159,159,50,0,False,2,street,daytime,cloudy,3,adult,stopped
video_0143,1,120,169,169,50,0,False,2,street,daytime,cloudy,3,adult,stopped
video_0143,1,130,179,179,50,0,False,2,street,daytime,cloudy,3,adult,stopped
video_0143,1,140,189,189,50,0,False,2,street,daytime,cloudy,3,adult,stopped
video_0143,1,150,199,199,50,0,False,2,street,daytime,cloudy,3,adult,stopped
video_0143,1,160,209,209,50,0,False,2,street,daytime,cloudy,3,adult,stopped
video_0143,1,170,219,219,50,0,False,2,street,daytime,cloudy,3,adult,stopped
video_0143,1,180,229,229,50,0,False,2,street,daytime,cloudy,3,adult,stopped
video_0143,1,190,239,239,50,0,False,2,street,daytime,cloudy,3,adult,stopped
video_0143,1,200,249,239,40,0,False,2,street,daytime,cloudy,3,adult,stopped
video_0143,1,210,259,239,30,0,False,2,street,daytime,cloudy,3,adult,stopped
video_0143,1,220,269,239,20,0,False,2,street,daytime,cloudy,3,adult,stopped
video_0143,1,230,279,239,10,0,False,2,street,daytime,cloudy,3,adult,stopped
video_0144,0,30,79,79,50,25,True,2,street,daytime,cloudy,3,adult,decelerating
video_0144,0,40,89,89,50,16,False,2,street,daytime,cloudy,3,adult,decelerating
video_0144,0,50,99,99,50,6,False,2,street,daytime,cloudy,3,adult,decelerating
video_0144,0,60,109,109,50,1,False,2,street,daytime,cloudy,3,adult,decelerating
video_0144,0,70,119,119,50,0,False,2,street,daytime,cloudy,3,adult,accelerating
video_0144,0,80,129,129,50,0,False,2,street,daytime,cloudy,3,adult,decelerating
video_0144,0,90,139,139,50,0,False,2,street,daytime,cloudy,3,adult,decelerating
video_0144,0,100,149,149,50,0,False,2,street,daytime,cloudy,3,adult,decelerating
video_0144,0,110,159,159,50,0,False,2,street,daytime,cloudy,3,adult,decelerating
video_0144,0,120,169,169,50,0,False,2,street,daytime,cloudy,3,adult,decelerating
video_0144,0,130,179,179,50,0,False,2,street,daytime,cloudy,3,adult,decelerating
video_0144,0,140,189,189,50,0,False,2,street,daytime,cloudy,3,adult,decelerating
video_0144,0,150,199,199,50,0,False,2,street,daytime,cloudy,3,adult,accelerating
video_0144,0,160,209,209,50,0,False,2,street,daytime,cloudy,3,adult,accelerating
video_0144,0,170,219,209,40,0,False,2,street,daytime,cloudy,3,adult,accelerating
video_0144,0,180,229,209,30,0,False,2,street,daytime,cloudy,3,adult,accelerating
video_0144,0,190,239,209,20,0,False,2,street,daytime,cloudy,3,adult,accelerating
video_0144,0,200,249,249,20,0,False,2,street,daytime,cloudy,3,adult,accelerating
video_0144,0,210,259,259,20,0,False,1,street,daytime,cloudy,3,adult,accelerating
video_0144,0,220,269,269,30,0,False,1,street,daytime,cloudy,3,adult,accelerating
video_0144,0,230,279,269,30,0,False,1,street,daytime,cloudy,3,adult,accelerating
video_0144,0,240,289,269,30,0,False,1,street,daytime,cloudy,3,adult,accelerating
video_0144,0,250,299,269,20,0,False,1,street,daytime,cloudy,3,adult,accelerating
video_0144,0,260,309,269,10,0,False,1,street,daytime,cloudy,3,adult,accelerating
video_0144,1,30,79,79,50,25,True,2,street,daytime,cloudy,3,adult,decelerating
video_0144,1,40,89,89,50,16,False,2,street,daytime,cloudy,3,adult,decelerating
video_0144,1,50,99,99,50,6,False,2,street,daytime,cloudy,3,adult,decelerating
video_0144,1,60,109,109,50,1,False,2,street,daytime,cloudy,3,adult,decelerating
video_0144,1,70,119,119,50,0,False,2,street,daytime,cloudy,3,adult,accelerating
video_0144,1,80,129,129,50,0,False,2,street,daytime,cloudy,3,adult,decelerating
video_0144,1,90,139,139,50,0,False,2,street,daytime,cloudy,3,adult,decelerating
video_0144,1,100,149,149,50,0,False,2,street,daytime,cloudy,3,adult,decelerating
video_0144,1,110,159,159,50,0,False,2,street,daytime,cloudy,3,adult,decelerating
video_0144,1,120,169,169,50,0,False,2,street,daytime,cloudy,3,adult,decelerating
video_0144,1,130,179,179,50,0,False,2,street,daytime,cloudy,3,adult,decelerating
video_0144,1,140,189,189,50,0,False,2,street,daytime,cloudy,3,adult,decelerating
video_0144,1,150,199,199,50,0,False,2,street,daytime,cloudy,3,adult,accelerating
video_0144,1,160,209,209,50,0,False,2,street,daytime,cloudy,3,adult,accelerating
video_0144,1,170,219,209,40,0,False,2,street,daytime,cloudy,3,adult,accelerating
video_0144,1,180,229,209,30,0,False,2,street,daytime,cloudy,3,adult,accelerating
video_0144,1,190,239,209,20,0,False,2,street,daytime,cloudy,3,adult,accelerating
video_0144,1,200,249,209,10,0,False,2,street,daytime,cloudy,3,adult,accelerating
video_0145,0,60,109,109,50,0,False,2,street,daytime,clear,2,"adult,senior",decelerating
video_0145,0,70,119,119,50,0,False,2,street,daytime,clear,2,"adult,senior",decelerating
video_0145,0,80,129,129,50,0,False,2,street,daytime,clear,2,"adult,senior",decelerating
video_0145,0,90,139,139,50,0,False,2,street,daytime,clear,2,"adult,senior",decelerating
video_0145,0,100,149,149,50,0,False,2,street,daytime,clear,2,"adult,senior",decelerating
video_0145,0,110,159,159,50,0,False,2,street,daytime,clear,2,"adult,senior",decelerating
video_0145,0,120,169,169,50,0,False,2,street,daytime,clear,2,"adult,senior",decelerating
video_0145,0,130,179,179,50,0,False,2,street,daytime,clear,2,"adult,senior",decelerating
video_0145,0,140,189,189,50,0,False,2,street,daytime,clear,2,"adult,senior",decelerating
video_0145,0,150,199,199,50,0,False,2,street,daytime,clear,2,"adult,senior",accelerating
video_0145,0,160,209,209,50,0,False,2,street,daytime,clear,2,"adult,senior",accelerating
video_0145,0,170,219,219,50,0,False,2,street,daytime,clear,2,"adult,senior",accelerating
video_0145,0,180,229,229,50,0,False,2,street,daytime,clear,2,"adult,senior",accelerating
video_0145,0,190,239,239,50,0,False,2,street,daytime,clear,2,"adult,senior",accelerating
video_0145,0,200,249,249,50,0,False,2,street,daytime,clear,2,"adult,senior",accelerating
video_0145,0,210,259,259,50,0,False,2,street,daytime,clear,2,"adult,senior",accelerating
video_0145,0,220,269,269,50,0,False,2,street,daytime,clear,2,"adult,senior",accelerating
video_0145,0,230,279,279,50,0,False,2,street,daytime,clear,2,"adult,senior",accelerating
video_0145,0,240,289,289,50,0,False,2,street,daytime,clear,2,"adult,senior",accelerating
video_0145,0,250,299,299,50,0,False,2,street,daytime,clear,2,"adult,senior",accelerating
video_0145,0,260,309,299,40,0,False,2,street,daytime,clear,2,"adult,senior",accelerating
video_0145,0,270,319,299,30,0,False,1,street,daytime,clear,2,"adult,senior",accelerating
video_0145,0,280,329,299,20,0,False,1,street,daytime,clear,2,"adult,senior",accelerating
video_0145,0,290,339,299,10,0,False,1,street,daytime,clear,2,"adult,senior",accelerating
video_0145,1,60,109,109,50,0,False,2,street,daytime,clear,2,"adult,senior",decelerating
video_0145,1,70,119,119,50,0,False,2,street,daytime,clear,2,"adult,senior",decelerating
video_0145,1,80,129,129,50,0,False,2,street,daytime,clear,2,"adult,senior",decelerating
video_0145,1,90,139,139,50,0,False,2,street,daytime,clear,2,"adult,senior",decelerating
video_0145,1,100,149,149,50,0,False,2,street,daytime,clear,2,"adult,senior",decelerating
video_0145,1,110,159,159,50,0,False,2,street,daytime,clear,2,"adult,senior",decelerating
video_0145,1,120,169,169,50,0,False,2,street,daytime,clear,2,"adult,senior",decelerating
video_0145,1,130,179,179,50,0,False,2,street,daytime,clear,2,"adult,senior",decelerating
video_0145,1,140,189,189,50,0,False,2,street,daytime,clear,2,"adult,senior",decelerating
video_0145,1,150,199,199,50,0,False,2,street,daytime,clear,2,"adult,senior",accelerating
video_0145,1,160,209,209,50,0,False,2,street,daytime,clear,2,"adult,senior",accelerating
video_0145,1,170,219,219,50,0,False,2,street,daytime,clear,2,"adult,senior",accelerating
video_0145,1,180,229,229,50,0,False,2,street,daytime,clear,2,"adult,senior",accelerating
video_0145,1,190,239,239,50,0,False,2,street,daytime,clear,2,"adult,senior",accelerating
video_0145,1,200,249,249,50,0,False,2,street,daytime,clear,2,"adult,senior",accelerating
video_0145,1,210,259,259,50,0,False,2,street,daytime,clear,2,"adult,senior",accelerating
video_0145,1,220,269,269,50,0,False,2,street,daytime,clear,2,"adult,senior",accelerating
video_0145,1,230,279,279,50,0,False,2,street,daytime,clear,2,"adult,senior",accelerating
video_0145,1,240,289,289,50,0,False,2,street,daytime,clear,2,"adult,senior",accelerating
video_0145,1,250,299,299,50,0,False,2,street,daytime,clear,2,"adult,senior",accelerating
video_0145,1,260,309,299,40,0,False,2,street,daytime,clear,2,"adult,senior",accelerating
video_0145,1,270,319,299,30,0,False,1,street,daytime,clear,2,"adult,senior",accelerating
video_0145,1,280,329,299,20,0,False,1,street,daytime,clear,2,"adult,senior",accelerating
video_0145,1,290,339,299,10,0,False,1,street,daytime,clear,2,"adult,senior",accelerating
video_0146,0,0,49,49,50,4,False,2,street,daytime,clear,6,"adult,senior",decelerating
video_0146,0,10,59,59,50,2,False,2,street,daytime,clear,6,"adult,senior",decelerating
video_0146,0,20,69,69,50,0,False,2,street,daytime,clear,6,"adult,senior",decelerating
video_0146,0,30,79,79,50,0,False,2,street,daytime,clear,6,"adult,senior",decelerating
video_0146,0,40,89,89,50,0,False,2,street,daytime,clear,6,"adult,senior",decelerating
video_0146,0,50,99,99,50,0,False,2,street,daytime,clear,6,"adult,senior",decelerating
video_0146,0,60,109,109,50,0,False,1,street,daytime,clear,6,"adult,senior",decelerating
video_0146,0,70,119,119,50,0,False,1,street,daytime,clear,6,"adult,senior",accelerating
video_0146,0,80,129,119,40,0,False,1,street,daytime,clear,6,"adult,senior",accelerating
video_0146,0,90,139,119,30,0,False,0,street,daytime,clear,6,"adult,senior",accelerating
video_0146,0,100,149,119,20,0,False,0,street,daytime,clear,6,"adult,senior",accelerating
video_0146,0,110,159,119,10,0,False,0,street,daytime,clear,6,"adult,senior",accelerating
video_0146,1,30,79,79,50,0,False,2,street,daytime,clear,6,"adult,senior",decelerating
video_0146,1,40,89,89,50,0,False,2,street,daytime,clear,6,"adult,senior",decelerating
video_0146,1,50,99,89,40,0,False,2,street,daytime,clear,6,"adult,senior",decelerating
video_0146,1,60,109,89,30,0,False,1,street,daytime,clear,6,"adult,senior",decelerating
video_0146,1,70,119,89,20,0,False,1,street,daytime,clear,6,"adult,senior",decelerating
video_0146,1,80,129,89,10,0,False,1,street,daytime,clear,6,"adult,senior",decelerating
video_0147,0,0,49,49,50,0,False,1,plaza,daytime,cloudy,1,adult,decelerating
video_0147,0,10,59,59,50,0,False,1,plaza,daytime,cloudy,1,adult,decelerating
video_0147,0,20,69,69,50,0,False,2,plaza,daytime,cloudy,1,adult,decelerating
video_0147,0,30,79,79,50,0,False,2,plaza,daytime,cloudy,1,adult,decelerating
video_0147,0,40,89,89,50,0,False,2,plaza,daytime,cloudy,1,adult,decelerating
video_0147,0,50,99,99,50,0,False,2,plaza,daytime,cloudy,1,adult,decelerating
video_0147,0,60,109,109,50,0,False,2,plaza,daytime,cloudy,1,adult,decelerating
video_0147,0,70,119,119,50,0,False,2,plaza,daytime,cloudy,1,adult,decelerating
video_0147,0,80,129,129,50,0,False,2,plaza,daytime,cloudy,1,adult,decelerating
video_0147,0,90,139,139,50,0,False,2,plaza,daytime,cloudy,1,adult,decelerating
video_0147,0,100,149,149,50,0,False,2,plaza,daytime,cloudy,1,adult,decelerating
video_0147,0,110,159,159,50,0,False,2,plaza,daytime,cloudy,1,adult,decelerating
video_0147,0,120,169,169,50,0,False,2,plaza,daytime,cloudy,1,adult,decelerating
video_0147,0,130,179,179,50,0,False,2,plaza,daytime,cloudy,1,adult,decelerating
video_0147,0,140,189,189,50,0,False,2,plaza,daytime,cloudy,1,adult,decelerating
video_0147,0,150,199,199,50,0,False,2,plaza,daytime,cloudy,1,adult,decelerating
video_0147,0,160,209,209,50,0,False,2,plaza,daytime,cloudy,1,adult,decelerating
video_0147,0,170,219,219,50,0,False,2,plaza,daytime,cloudy,1,adult,accelerating
video_0147,0,180,229,229,50,0,False,2,plaza,daytime,cloudy,1,adult,accelerating
video_0147,0,190,239,239,50,0,False,2,plaza,daytime,cloudy,1,adult,accelerating
video_0147,0,200,249,249,50,0,False,2,plaza,daytime,cloudy,1,adult,accelerating
video_0147,0,210,259,259,50,0,False,1,plaza,daytime,cloudy,1,adult,decelerating
video_0147,0,220,269,269,50,0,False,1,plaza,daytime,cloudy,1,adult,decelerating
video_0147,0,230,279,279,50,0,False,1,plaza,daytime,cloudy,1,adult,decelerating
video_0147,0,240,289,289,50,0,False,1,plaza,daytime,cloudy,1,adult,decelerating
video_0147,0,250,299,299,50,0,False,1,plaza,daytime,cloudy,1,adult,decelerating
video_0147,0,260,309,309,50,0,False,1,plaza,daytime,cloudy,1,adult,decelerating
video_0147,0,270,319,319,50,0,False,1,plaza,daytime,cloudy,1,adult,decelerating
video_0147,0,280,329,329,50,0,False,1,plaza,daytime,cloudy,1,adult,decelerating
video_0147,0,290,339,339,50,0,False,1,plaza,daytime,cloudy,1,adult,decelerating
video_0147,0,300,349,349,50,0,False,0,plaza,daytime,cloudy,1,adult,decelerating
video_0147,0,310,359,359,50,0,False,0,plaza,daytime,cloudy,1,adult,decelerating
video_0147,0,320,369,359,40,0,False,0,plaza,daytime,cloudy,1,adult,decelerating
video_0147,0,330,379,359,30,0,False,0,plaza,daytime,cloudy,1,adult,decelerating
video_0147,0,340,389,359,20,0,False,0,plaza,daytime,cloudy,1,adult,decelerating
video_0147,0,350,399,359,10,0,False,0,plaza,daytime,cloudy,1,adult,decelerating
video_0147,1,30,79,79,50,0,False,2,plaza,daytime,cloudy,1,adult,decelerating
video_0147,1,40,89,89,50,0,False,2,plaza,daytime,cloudy,1,adult,decelerating
video_0147,1,50,99,99,50,0,False,2,plaza,daytime,cloudy,1,adult,decelerating
video_0147,1,60,109,109,50,0,False,2,plaza,daytime,cloudy,1,adult,decelerating
video_0147,1,70,119,119,50,0,False,2,plaza,daytime,cloudy,1,adult,decelerating
video_0147,1,80,129,129,50,0,False,2,plaza,daytime,cloudy,1,adult,decelerating
video_0147,1,90,139,139,50,0,False,2,plaza,daytime,cloudy,1,adult,decelerating
video_0147,1,100,149,149,50,0,False,2,plaza,daytime,cloudy,1,adult,decelerating
video_0147,1,110,159,159,50,0,False,2,plaza,daytime,cloudy,1,adult,decelerating
video_0147,1,120,169,169,50,0,False,2,plaza,daytime,cloudy,1,adult,decelerating
video_0147,1,130,179,179,50,0,False,2,plaza,daytime,cloudy,1,adult,decelerating
video_0147,1,140,189,189,50,0,False,2,plaza,daytime,cloudy,1,adult,decelerating
video_0147,1,150,199,199,50,0,False,2,plaza,daytime,cloudy,1,adult,decelerating
video_0147,1,160,209,209,50,0,False,2,plaza,daytime,cloudy,1,adult,decelerating
video_0147,1,170,219,219,50,0,False,2,plaza,daytime,cloudy,1,adult,accelerating
video_0147,1,180,229,229,50,0,False,2,plaza,daytime,cloudy,1,adult,accelerating
video_0147,1,190,239,239,50,0,False,2,plaza,daytime,cloudy,1,adult,accelerating
video_0147,1,200,249,249,50,0,False,2,plaza,daytime,cloudy,1,adult,accelerating
video_0147,1,210,259,259,50,0,False,1,plaza,daytime,cloudy,1,adult,decelerating
video_0147,1,220,269,269,50,0,False,1,plaza,daytime,cloudy,1,adult,decelerating
video_0147,1,230,279,279,50,0,False,1,plaza,daytime,cloudy,1,adult,decelerating
video_0147,1,240,289,289,50,0,False,1,plaza,daytime,cloudy,1,adult,decelerating
video_0147,1,250,299,299,50,0,False,1,plaza,daytime,cloudy,1,adult,decelerating
video_0147,1,260,309,309,50,0,False,1,plaza,daytime,cloudy,1,adult,decelerating
video_0147,1,270,319,319,50,0,False,1,plaza,daytime,cloudy,1,adult,decelerating
video_0147,1,280,329,329,50,0,False,1,plaza,daytime,cloudy,1,adult,decelerating
video_0147,1,290,339,329,40,0,False,1,plaza,daytime,cloudy,1,adult,decelerating
video_0147,1,300,349,329,30,0,False,0,plaza,daytime,cloudy,1,adult,decelerating
video_0147,1,310,359,329,20,0,False,0,plaza,daytime,cloudy,1,adult,decelerating
video_0147,1,320,369,329,10,0,False,0,plaza,daytime,cloudy,1,adult,decelerating
video_0148,0,0,49,49,50,0,False,1,street,daytime,clear,2,adult,accelerating
video_0148,0,10,59,59,50,0,False,1,street,daytime,clear,2,adult,accelerating
video_0148,0,20,69,59,40,0,False,1,street,daytime,clear,2,adult,accelerating
video_0148,0,30,79,59,30,0,False,1,street,daytime,clear,2,adult,accelerating
video_0148,0,40,89,59,20,0,False,1,street,daytime,clear,2,adult,accelerating
video_0148,0,50,99,59,10,0,False,1,street,daytime,clear,2,adult,accelerating
video_0148,1,0,49,49,50,49,True,1,street,daytime,clear,2,adult,accelerating
video_0148,1,10,59,59,50,49,True,1,street,daytime,clear,2,adult,accelerating
video_0148,1,20,69,59,40,40,True,1,street,daytime,clear,2,adult,accelerating
video_0148,1,30,79,59,30,30,True,1,street,daytime,clear,2,adult,accelerating
video_0148,1,40,89,59,20,20,False,1,street,daytime,clear,2,adult,accelerating
video_0148,1,50,99,59,10,10,False,1,street,daytime,clear,2,adult,accelerating
video_0149,0,0,49,49,50,0,False,2,street,daytime,clear,2,"adult,senior",decelerating
video_0149,0,10,59,59,50,0,False,2,street,daytime,clear,2,"adult,senior",decelerating
video_0149,0,20,69,69,50,0,False,2,street,daytime,clear,2,"adult,senior",decelerating
video_0149,0,30,79,79,50,0,False,2,street,daytime,clear,2,"adult,senior",decelerating
video_0149,0,40,89,89,50,2,False,2,street,daytime,clear,2,"adult,senior",decelerating
video_0149,0,50,99,99,50,2,False,2,street,daytime,clear,2,"adult,senior",decelerating
video_0149,0,60,109,109,50,3,False,2,street,daytime,clear,2,"adult,senior",decelerating
video_0149,0,70,119,119,50,3,False,2,street,daytime,clear,2,"adult,senior",stopped
video_0149,0,80,129,129,50,3,False,2,street,daytime,clear,2,"adult,senior",stopped
video_0149,0,90,139,139,50,1,False,1,street,daytime,clear,2,"adult,senior",stopped
video_0149,0,100,149,149,50,1,False,1,street,daytime,clear,2,"adult,senior",stopped
video_0149,0,110,159,159,50,0,False,2,street,daytime,clear,2,"adult,senior",stopped
video_0149,0,120,169,169,50,0,False,2,street,daytime,clear,2,"adult,senior",stopped
video_0149,0,130,179,179,50,0,False,2,street,daytime,clear,2,"adult,senior",stopped
video_0149,0,140,189,189,50,0,False,2,street,daytime,clear,2,"adult,senior",stopped
video_0149,0,150,199,199,50,5,False,2,street,daytime,clear,2,"adult,senior",stopped
video_0149,0,160,209,209,50,5,False,2,street,daytime,clear,2,"adult,senior",stopped
video_0149,0,170,219,219,50,5,False,2,street,daytime,clear,2,"adult,senior",stopped
video_0149,0,180,229,229,50,5,False,2,street,daytime,clear,2,"adult,senior",stopped
video_0149,0,190,239,239,50,5,False,2,street,daytime,clear,2,"adult,senior",stopped
video_0149,0,200,249,249,50,0,False,2,street,daytime,clear,2,"adult,senior",stopped
video_0149,0,210,259,259,50,0,False,2,street,daytime,clear,2,"adult,senior",stopped
video_0149,0,220,269,269,50,0,False,2,street,daytime,clear,2,"adult,senior",stopped
video_0149,0,230,279,279,50,0,False,2,street,daytime,clear,2,"adult,senior",stopped
video_0149,0,240,289,289,50,0,False,2,street,daytime,clear,2,"adult,senior",stopped
video_0149,0,250,299,299,50,0,False,2,street,daytime,clear,2,"adult,senior",stopped
video_0149,0,260,309,299,40,0,False,2,street,daytime,clear,2,"adult,senior",stopped
video_0149,0,270,319,299,30,0,False,2,street,daytime,clear,2,"adult,senior",stopped
video_0149,0,280,329,299,20,0,False,2,street,daytime,clear,2,"adult,senior",stopped
video_0149,0,290,339,299,10,0,False,2,street,daytime,clear,2,"adult,senior",stopped
video_0149,1,30,79,79,50,0,False,2,street,daytime,clear,2,"adult,senior",decelerating
video_0149,1,40,89,89,50,2,False,2,street,daytime,clear,2,"adult,senior",decelerating
video_0149,1,50,99,99,50,2,False,2,street,daytime,clear,2,"adult,senior",decelerating
video_0149,1,60,109,109,50,2,False,2,street,daytime,clear,2,"adult,senior",decelerating
video_0149,1,70,119,119,50,2,False,2,street,daytime,clear,2,"adult,senior",stopped
video_0149,1,80,129,129,50,2,False,2,street,daytime,clear,2,"adult,senior",stopped
video_0149,1,90,139,139,50,0,False,1,street,daytime,clear,2,"adult,senior",stopped
video_0149,1,100,149,149,50,0,False,1,street,daytime,clear,2,"adult,senior",stopped
video_0149,1,110,159,159,50,0,False,2,street,daytime,clear,2,"adult,senior",stopped
video_0149,1,120,169,169,50,0,False,2,street,daytime,clear,2,"adult,senior",stopped
video_0149,1,130,179,179,50,0,False,2,street,daytime,clear,2,"adult,senior",stopped
video_0149,1,140,189,189,50,0,False,2,street,daytime,clear,2,"adult,senior",stopped
video_0149,1,150,199,199,50,5,False,2,street,daytime,clear,2,"adult,senior",stopped
video_0149,1,160,209,209,50,5,False,2,street,daytime,clear,2,"adult,senior",stopped
video_0149,1,170,219,219,50,5,False,2,street,daytime,clear,2,"adult,senior",stopped
video_0149,1,180,229,229,50,5,False,2,street,daytime,clear,2,"adult,senior",stopped
video_0149,1,190,239,239,50,5,False,2,street,daytime,clear,2,"adult,senior",stopped
video_0149,1,200,249,249,50,0,False,2,street,daytime,clear,2,"adult,senior",stopped
video_0149,1,210,259,259,50,0,False,2,street,daytime,clear,2,"adult,senior",stopped
video_0149,1,220,269,269,50,0,False,2,street,daytime,clear,2,"adult,senior",stopped
video_0149,1,230,279,279,50,0,False,2,street,daytime,clear,2,"adult,senior",stopped
video_0149,1,240,289,289,50,0,False,2,street,daytime,clear,2,"adult,senior",stopped
video_0149,1,250,299,299,50,0,False,2,street,daytime,clear,2,"adult,senior",stopped
video_0149,1,260,309,299,40,0,False,2,street,daytime,clear,2,"adult,senior",stopped
video_0149,1,270,319,299,30,0,False,2,street,daytime,clear,2,"adult,senior",stopped
video_0149,1,280,329,299,20,0,False,2,street,daytime,clear,2,"adult,senior",stopped
video_0149,1,290,339,299,10,0,False,2,street,daytime,clear,2,"adult,senior",stopped
video_0150,0,0,49,49,50,0,False,2,street,daytime,cloudy,4,adult,accelerating
video_0150,0,10,59,59,50,0,False,2,street,daytime,cloudy,4,adult,accelerating
video_0150,0,20,69,69,50,0,False,2,street,daytime,cloudy,4,adult,accelerating
video_0150,0,30,79,79,50,0,False,2,street,daytime,cloudy,4,adult,accelerating
video_0150,0,40,89,89,50,0,False,2,street,daytime,cloudy,4,adult,decelerating
video_0150,0,50,99,99,50,0,False,2,street,daytime,cloudy,4,adult,decelerating
video_0150,0,60,109,109,50,0,False,2,street,daytime,cloudy,4,adult,decelerating
video_0150,0,70,119,119,50,0,False,2,street,daytime,cloudy,4,adult,decelerating
video_0150,0,80,129,129,50,0,False,2,street,daytime,cloudy,4,adult,decelerating
video_0150,0,90,139,139,50,0,False,2,street,daytime,cloudy,4,adult,decelerating
video_0150,0,100,149,149,50,0,False,2,street,daytime,cloudy,4,adult,decelerating
video_0150,0,110,159,159,50,0,False,2,street,daytime,cloudy,4,adult,decelerating
video_0150,0,120,169,169,50,0,False,2,street,daytime,cloudy,4,adult,decelerating
video_0150,0,130,179,179,50,0,False,2,street,daytime,cloudy,4,adult,stopped
video_0150,0,140,189,189,50,0,False,2,street,daytime,cloudy,4,adult,stopped
video_0150,0,150,199,199,50,0,False,2,street,daytime,cloudy,4,adult,stopped
video_0150,0,160,209,209,50,0,False,2,street,daytime,cloudy,4,adult,stopped
video_0150,0,170,219,219,50,0,False,2,street,daytime,cloudy,4,adult,stopped
video_0150,0,180,229,229,50,0,False,1,street,daytime,cloudy,4,adult,stopped
video_0150,0,190,239,239,50,0,False,1,street,daytime,cloudy,4,adult,stopped
video_0150,0,200,249,249,50,0,False,1,street,daytime,cloudy,4,adult,stopped
video_0150,0,210,259,259,50,0,False,1,street,daytime,cloudy,4,adult,stopped
video_0150,0,220,269,269,50,0,False,1,street,daytime,cloudy,4,adult,accelerating
video_0150,0,230,279,279,50,0,False,1,street,daytime,cloudy,4,adult,accelerating
video_0150,0,240,289,289,50,0,False,1,street,daytime,cloudy,4,adult,decelerating
video_0150,0,250,299,299,50,0,False,1,street,daytime,cloudy,4,adult,decelerating
video_0150,0,260,309,309,50,0,False,1,street,daytime,cloudy,4,adult,decelerating
video_0150,0,270,319,319,50,0,False,1,street,daytime,cloudy,4,adult,decelerating
video_0150,0,280,329,329,50,0,False,1,street,daytime,cloudy,4,adult,decelerating
video_0150,0,290,339,329,40,0,False,1,street,daytime,cloudy,4,adult,decelerating
video_0150,0,300,349,329,30,0,False,1,street,daytime,cloudy,4,adult,decelerating
video_0150,0,310,359,329,20,0,False,1,street,daytime,cloudy,4,adult,decelerating
video_0150,0,320,369,329,10,0,False,1,street,daytime,cloudy,4,adult,decelerating
video_0150,1,0,49,49,50,0,False,2,street,daytime,cloudy,4,adult,accelerating
video_0150,1,10,59,59,50,0,False,2,street,daytime,cloudy,4,adult,accelerating
video_0150,1,20,69,69,50,0,False,2,street,daytime,cloudy,4,adult,accelerating
video_0150,1,30,79,79,50,0,False,2,street,daytime,cloudy,4,adult,accelerating
video_0150,1,40,89,89,50,0,False,2,street,daytime,cloudy,4,adult,decelerating
video_0150,1,50,99,99,50,0,False,2,street,daytime,cloudy,4,adult,decelerating
video_0150,1,60,109,109,50,0,False,2,street,daytime,cloudy,4,adult,decelerating
video_0150,1,70,119,119,50,0,False,2,street,daytime,cloudy,4,adult,decelerating
video_0150,1,80,129,129,50,0,False,2,street,daytime,cloudy,4,adult,decelerating
video_0150,1,90,139,139,50,0,False,2,street,daytime,cloudy,4,adult,decelerating
video_0150,1,100,149,149,50,0,False,2,street,daytime,cloudy,4,adult,decelerating
video_0150,1,110,159,159,50,0,False,2,street,daytime,cloudy,4,adult,decelerating
video_0150,1,120,169,169,50,0,False,2,street,daytime,cloudy,4,adult,decelerating
video_0150,1,130,179,179,50,0,False,2,street,daytime,cloudy,4,adult,stopped
video_0150,1,140,189,189,50,0,False,2,street,daytime,cloudy,4,adult,stopped
video_0150,1,150,199,199,50,0,False,2,street,daytime,cloudy,4,adult,stopped
video_0150,1,160,209,209,50,0,False,2,street,daytime,cloudy,4,adult,stopped
video_0150,1,170,219,219,50,0,False,2,street,daytime,cloudy,4,adult,stopped
video_0150,1,180,229,229,50,0,False,1,street,daytime,cloudy,4,adult,stopped
video_0150,1,190,239,239,50,0,False,1,street,daytime,cloudy,4,adult,stopped
video_0150,1,200,249,249,50,0,False,1,street,daytime,cloudy,4,adult,stopped
video_0150,1,210,259,259,50,0,False,1,street,daytime,cloudy,4,adult,stopped
video_0150,1,220,269,269,50,0,False,1,street,daytime,cloudy,4,adult,accelerating
video_0150,1,230,279,279,50,0,False,1,street,daytime,cloudy,4,adult,accelerating
video_0150,1,240,289,289,50,0,False,1,street,daytime,cloudy,4,adult,decelerating
video_0150,1,250,299,299,50,0,False,1,street,daytime,cloudy,4,adult,decelerating
video_0150,1,260,309,309,50,0,False,1,street,daytime,cloudy,4,adult,decelerating
video_0150,1,270,319,319,50,0,False,1,street,daytime,cloudy,4,adult,decelerating
video_0150,1,280,329,329,50,0,False,1,street,daytime,cloudy,4,adult,decelerating
video_0150,1,290,339,329,40,0,False,1,street,daytime,cloudy,4,adult,decelerating
video_0150,1,300,349,329,30,0,False,1,street,daytime,cloudy,4,adult,decelerating
video_0150,1,310,359,329,20,0,False,1,street,daytime,cloudy,4,adult,decelerating
video_0150,1,320,369,329,10,0,False,1,street,daytime,cloudy,4,adult,decelerating
video_0151,0,0,49,49,50,0,False,2,street,daytime,cloudy,3,"adult,senior",decelerating
video_0151,0,10,59,59,50,0,False,2,street,daytime,cloudy,3,"adult,senior",accelerating
video_0151,0,20,69,69,50,0,False,2,street,daytime,cloudy,3,"adult,senior",accelerating
video_0151,0,30,79,79,50,0,False,2,street,daytime,cloudy,3,"adult,senior",decelerating
video_0151,0,40,89,89,50,0,False,2,street,daytime,cloudy,3,"adult,senior",decelerating
video_0151,0,50,99,99,50,0,False,2,street,daytime,cloudy,3,"adult,senior",decelerating
video_0151,0,60,109,109,50,0,False,2,street,daytime,cloudy,3,"adult,senior",decelerating
video_0151,0,70,119,119,50,0,False,2,street,daytime,cloudy,3,"adult,senior",decelerating
video_0151,0,80,129,129,50,0,False,2,street,daytime,cloudy,3,"adult,senior",decelerating
video_0151,0,90,139,139,50,0,False,1,street,daytime,cloudy,3,"adult,senior",decelerating
video_0151,0,100,149,149,50,0,False,1,street,daytime,cloudy,3,"adult,senior",decelerating
video_0151,0,110,159,159,50,0,False,2,street,daytime,cloudy,3,"adult,senior",decelerating
video_0151,0,120,169,169,50,0,False,2,street,daytime,cloudy,3,"adult,senior",decelerating
video_0151,0,130,179,179,50,0,False,2,street,daytime,cloudy,3,"adult,senior",decelerating
video_0151,0,140,189,189,50,0,False,2,street,daytime,cloudy,3,"adult,senior",decelerating
video_0151,0,150,199,199,50,0,False,2,street,daytime,cloudy,3,"adult,senior",decelerating
video_0151,0,160,209,209,50,0,False,2,street,daytime,cloudy,3,"adult,senior",decelerating
video_0151,0,170,219,219,50,0,False,2,street,daytime,cloudy,3,"adult,senior",stopped
video_0151,0,180,229,229,50,0,False,2,street,daytime,cloudy,3,"adult,senior",accelerating
video_0151,0,190,239,239,50,0,False,2,street,daytime,cloudy,3,"adult,senior",accelerating
video_0151,0,200,249,249,50,0,False,2,street,daytime,cloudy,3,"adult,senior",accelerating
video_0151,0,210,259,259,50,0,False,2,street,daytime,cloudy,3,"adult,senior",accelerating
video_0151,0,220,269,269,50,0,False,2,street,daytime,cloudy,3,"adult,senior",accelerating
video_0151,0,230,279,269,40,0,False,2,street,daytime,cloudy,3,"adult,senior",accelerating
video_0151,0,240,289,269,30,0,False,1,street,daytime,cloudy,3,"adult,senior",accelerating
video_0151,0,250,299,269,20,0,False,1,street,daytime,cloudy,3,"adult,senior",accelerating
video_0151,0,260,309,269,10,0,False,1,street,daytime,cloudy,3,"adult,senior",accelerating
video_0151,1,0,49,49,50,0,False,2,street,daytime,cloudy,3,"adult,senior",decelerating
video_0151,1,10,59,59,50,0,False,2,street,daytime,cloudy,3,"adult,senior",accelerating
video_0151,1,20,69,69,50,0,False,2,street,daytime,cloudy,3,"adult,senior",accelerating
video_0151,1,30,79,79,50,0,False,2,street,daytime,cloudy,3,"adult,senior",decelerating
video_0151,1,40,89,89,50,0,False,2,street,daytime,cloudy,3,"adult,senior",decelerating
video_0151,1,50,99,99,50,0,False,2,street,daytime,cloudy,3,"adult,senior",decelerating
video_0151,1,60,109,109,50,0,False,2,street,daytime,cloudy,3,"adult,senior",decelerating
video_0151,1,70,119,119,50,0,False,2,street,daytime,cloudy,3,"adult,senior",decelerating
video_0151,1,80,129,129,50,0,False,2,street,daytime,cloudy,3,"adult,senior",decelerating
video_0151,1,90,139,139,50,0,False,1,street,daytime,cloudy,3,"adult,senior",decelerating
video_0151,1,100,149,149,50,0,False,1,street,daytime,cloudy,3,"adult,senior",decelerating
video_0151,1,110,159,159,50,0,False,2,street,daytime,cloudy,3,"adult,senior",decelerating
video_0151,1,120,169,169,50,0,False,2,street,daytime,cloudy,3,"adult,senior",decelerating
video_0151,1,130,179,179,50,0,False,2,street,daytime,cloudy,3,"adult,senior",decelerating
video_0151,1,140,189,189,50,0,False,2,street,daytime,cloudy,3,"adult,senior",decelerating
video_0151,1,150,199,199,50,0,False,2,street,daytime,cloudy,3,"adult,senior",decelerating
video_0151,1,160,209,209,50,0,False,2,street,daytime,cloudy,3,"adult,senior",decelerating
video_0151,1,170,219,219,50,0,False,2,street,daytime,cloudy,3,"adult,senior",stopped
video_0151,1,180,229,229,50,0,False,2,street,daytime,cloudy,3,"adult,senior",accelerating
video_0151,1,190,239,239,50,0,False,2,street,daytime,cloudy,3,"adult,senior",accelerating
video_0151,1,200,249,249,50,0,False,2,street,daytime,cloudy,3,"adult,senior",accelerating
video_0151,1,210,259,259,50,0,False,2,street,daytime,cloudy,3,"adult,senior",accelerating
video_0151,1,220,269,269,50,0,False,2,street,daytime,cloudy,3,"adult,senior",accelerating
video_0151,1,230,279,269,40,0,False,2,street,daytime,cloudy,3,"adult,senior",accelerating
video_0151,1,240,289,269,30,0,False,1,street,daytime,cloudy,3,"adult,senior",accelerating
video_0151,1,250,299,269,20,0,False,1,street,daytime,cloudy,3,"adult,senior",accelerating
video_0151,1,260,309,269,10,0,False,1,street,daytime,cloudy,3,"adult,senior",accelerating
video_0152,0,0,49,49,50,0,False,1,street,daytime,cloudy,3,"adult,child,senior",decelerating
video_0152,0,10,59,59,50,0,False,1,street,daytime,cloudy,3,"adult,child,senior",decelerating
video_0152,0,20,69,69,50,0,False,1,street,daytime,cloudy,3,"adult,child,senior",decelerating
video_0152,0,30,79,79,50,0,False,1,street,daytime,cloudy,3,"adult,child,senior",decelerating
video_0152,0,40,89,89,50,0,False,1,street,daytime,cloudy,3,"adult,child,senior",decelerating
video_0152,0,50,99,99,50,0,False,1,street,daytime,cloudy,3,"adult,child,senior",decelerating
video_0152,0,60,109,109,50,0,False,1,street,daytime,cloudy,3,"adult,child,senior",decelerating
video_0152,0,70,119,119,50,0,False,1,street,daytime,cloudy,3,"adult,child,senior",decelerating
video_0152,0,80,129,129,50,0,False,1,street,daytime,cloudy,3,"adult,child,senior",decelerating
video_0152,0,90,139,139,50,0,False,1,street,daytime,cloudy,3,"adult,child,senior",decelerating
video_0152,0,100,149,149,50,0,False,1,street,daytime,cloudy,3,"adult,child,senior",decelerating
video_0152,0,110,159,159,50,1,False,2,street,daytime,cloudy,3,"adult,child,senior",decelerating
video_0152,0,120,169,169,50,1,False,2,street,daytime,cloudy,3,"adult,child,senior",decelerating
video_0152,0,130,179,179,50,1,False,2,street,daytime,cloudy,3,"adult,child,senior",accelerating
video_0152,0,140,189,189,50,1,False,2,street,daytime,cloudy,3,"adult,child,senior",accelerating
video_0152,0,150,199,199,50,3,False,2,street,daytime,cloudy,3,"adult,child,senior",accelerating
video_0152,0,160,209,209,50,10,False,2,street,daytime,cloudy,3,"adult,child,senior",accelerating
video_0152,0,170,219,219,50,20,False,2,street,daytime,cloudy,3,"adult,child,senior",accelerating
video_0152,0,180,229,229,50,29,True,2,street,daytime,cloudy,3,"adult,child,senior",accelerating
video_0152,0,190,239,239,50,33,True,2,street,daytime,cloudy,3,"adult,child,senior",accelerating
video_0152,0,200,249,249,50,36,True,2,street,daytime,cloudy,3,"adult,child,senior",accelerating
video_0152,0,210,259,259,50,34,True,1,street,daytime,cloudy,3,"adult,child,senior",accelerating
video_0152,0,220,269,269,50,33,True,1,street,daytime,cloudy,3,"adult,child,senior",accelerating
video_0152,0,230,279,279,50,33,True,2,street,daytime,cloudy,3,"adult,child,senior",accelerating
video_0152,0,240,289,289,50,34,True,2,street,daytime,cloudy,3,"adult,child,senior",accelerating
video_0152,0,250,299,299,50,37,True,2,street,daytime,cloudy,3,"adult,child,senior",accelerating
video_0152,0,260,309,309,50,35,True,2,street,daytime,cloudy,3,"adult,child,senior",accelerating
video_0152,0,270,319,319,50,33,True,2,street,daytime,cloudy,3,"adult,child,senior",accelerating
video_0152,0,280,329,329,50,29,True,2,street,daytime,cloudy,3,"adult,child,senior",accelerating
video_0152,0,290,339,329,40,24,False,2,street,daytime,cloudy,3,"adult,child,senior",accelerating
video_0152,0,300,349,329,30,16,False,2,street,daytime,cloudy,3,"adult,child,senior",accelerating
video_0152,0,310,359,329,20,12,False,2,street,daytime,cloudy,3,"adult,child,senior",accelerating
video_0152,0,320,369,329,10,5,False,2,street,daytime,cloudy,3,"adult,child,senior",accelerating
video_0152,1,0,49,49,50,0,False,1,street,daytime,cloudy,3,"adult,child,senior",decelerating
video_0152,1,10,59,59,50,0,False,1,street,daytime,cloudy,3,"adult,child,senior",decelerating
video_0152,1,20,69,69,50,0,False,1,street,daytime,cloudy,3,"adult,child,senior",decelerating
video_0152,1,30,79,79,50,0,False,1,street,daytime,cloudy,3,"adult,child,senior",decelerating
video_0152,1,40,89,89,50,0,False,1,street,daytime,cloudy,3,"adult,child,senior",decelerating
video_0152,1,50,99,99,50,0,False,1,street,daytime,cloudy,3,"adult,child,senior",decelerating
video_0152,1,60,109,109,50,0,False,1,street,daytime,cloudy,3,"adult,child,senior",decelerating
video_0152,1,70,119,119,50,0,False,1,street,daytime,cloudy,3,"adult,child,senior",decelerating
video_0152,1,80,129,129,50,6,False,1,street,daytime,cloudy,3,"adult,child,senior",decelerating
video_0152,1,90,139,139,50,6,False,1,street,daytime,cloudy,3,"adult,child,senior",decelerating
video_0152,1,100,149,149,50,14,False,1,street,daytime,cloudy,3,"adult,child,senior",decelerating
video_0152,1,110,159,159,50,15,False,2,street,daytime,cloudy,3,"adult,child,senior",decelerating
video_0152,1,120,169,169,50,15,False,2,street,daytime,cloudy,3,"adult,child,senior",decelerating
video_0152,1,130,179,179,50,9,False,2,street,daytime,cloudy,3,"adult,child,senior",accelerating
video_0152,1,140,189,189,50,9,False,2,street,daytime,cloudy,3,"adult,child,senior",accelerating
video_0152,1,150,199,199,50,3,False,2,street,daytime,cloudy,3,"adult,child,senior",accelerating
video_0152,1,160,209,209,50,10,False,2,street,daytime,cloudy,3,"adult,child,senior",accelerating
video_0152,1,170,219,209,40,10,False,2,street,daytime,cloudy,3,"adult,child,senior",accelerating
video_0152,1,180,229,209,30,10,False,2,street,daytime,cloudy,3,"adult,child,senior",accelerating
video_0152,1,190,239,209,20,10,False,2,street,daytime,cloudy,3,"adult,child,senior",accelerating
video_0152,1,200,249,209,10,8,False,2,street,daytime,cloudy,3,"adult,child,senior",accelerating
video_0152,1,230,279,279,10,9,False,2,street,daytime,cloudy,3,"adult,child,senior",accelerating
video_0152,1,240,289,289,20,14,False,2,street,daytime,cloudy,3,"adult,child,senior",accelerating
video_0152,1,250,299,299,30,22,False,2,street,daytime,cloudy,3,"adult,child,senior",accelerating
video_0152,1,260,309,309,40,26,True,2,street,daytime,cloudy,3,"adult,child,senior",accelerating
video_0152,1,270,319,319,50,33,True,2,street,daytime,cloudy,3,"adult,child,senior",accelerating
video_0152,1,280,329,329,50,29,True,2,street,daytime,cloudy,3,"adult,child,senior",accelerating
video_0152,1,290,339,329,40,24,False,2,street,daytime,cloudy,3,"adult,child,senior",accelerating
video_0152,1,300,349,329,30,16,False,2,street,daytime,cloudy,3,"adult,child,senior",accelerating
video_0152,1,310,359,329,20,12,False,2,street,daytime,cloudy,3,"adult,child,senior",accelerating
video_0152,1,320,369,329,10,5,False,2,street,daytime,cloudy,3,"adult,child,senior",accelerating
video_0153,0,0,49,49,50,16,False,2,street,daytime,cloudy,,,decelerating
video_0153,0,10,59,59,50,6,False,2,street,daytime,cloudy,,,decelerating
video_0153,0,20,69,69,50,4,False,2,street,daytime,cloudy,,,decelerating
video_0153,0,30,79,79,50,0,False,0,street,daytime,cloudy,,,decelerating
video_0153,0,40,89,89,50,0,False,0,street,daytime,cloudy,,,accelerating
video_0153,0,50,99,99,50,0,False,0,street,daytime,cloudy,,,accelerating
video_0153,0,60,109,109,50,0,False,0,street,daytime,cloudy,,,decelerating
video_0153,0,70,119,119,50,0,False,0,street,daytime,cloudy,,,decelerating
video_0153,0,80,129,129,50,0,False,0,street,daytime,cloudy,,,decelerating
video_0153,0,90,139,139,50,0,False,0,street,daytime,cloudy,,,accelerating
video_0153,0,100,149,149,50,0,False,0,street,daytime,cloudy,,,accelerating
video_0153,0,110,159,159,50,6,False,2,street,daytime,cloudy,,,accelerating
video_0153,0,120,169,169,50,16,False,2,street,daytime,cloudy,,,decelerating
video_0153,0,130,179,179,50,26,True,2,street,daytime,cloudy,,,decelerating
video_0153,0,140,189,189,50,36,True,2,street,daytime,cloudy,,,decelerating
video_0153,0,150,199,199,50,41,True,2,street,daytime,cloudy,,,decelerating
video_0153,0,160,209,209,50,45,True,2,street,daytime,cloudy,,,accelerating
video_0153,0,170,219,219,50,35,True,2,street,daytime,cloudy,,,accelerating
video_0153,0,180,229,229,50,25,True,1,street,daytime,cloudy,,,accelerating
video_0153,0,190,239,239,50,15,False,1,street,daytime,cloudy,,,accelerating
video_0153,0,200,249,239,40,10,False,1,street,daytime,cloudy,,,accelerating
video_0153,0,210,259,239,30,0,False,0,street,daytime,cloudy,,,accelerating
video_0153,0,220,269,239,20,0,False,0,street,daytime,cloudy,,,accelerating
video_0153,0,230,279,279,20,0,False,1,street,daytime,cloudy,,,decelerating
video_0153,0,240,289,289,20,0,False,1,street,daytime,cloudy,,,decelerating
video_0153,0,250,299,299,30,0,False,1,street,daytime,cloudy,,,accelerating
video_0153,0,260,309,299,30,0,False,1,street,daytime,cloudy,,,accelerating
video_0153,0,270,319,299,30,0,False,1,street,daytime,cloudy,,,accelerating
video_0153,0,280,329,299,20,0,False,1,street,daytime,cloudy,,,accelerating
video_0153,0,290,339,299,10,0,False,1,street,daytime,cloudy,,,accelerating
video_0153,1,0,49,29,30,16,False,2,street,daytime,cloudy,,,decelerating
video_0153,1,10,59,29,20,6,False,2,street,daytime,cloudy,,,decelerating
video_0153,1,20,69,29,10,4,False,2,street,daytime,cloudy,,,decelerating
video_0153,1,110,159,159,10,6,False,2,street,daytime,cloudy,,,accelerating
video_0153,1,120,169,169,20,16,False,2,street,daytime,cloudy,,,decelerating
video_0153,1,130,179,179,30,26,True,2,street,daytime,cloudy,,,decelerating
video_0153,1,140,189,189,40,26,True,2,street,daytime,cloudy,,,decelerating
video_0153,1,150,199,199,50,26,True,2,street,daytime,cloudy,,,decelerating
video_0153,1,160,209,209,50,20,False,2,street,daytime,cloudy,,,accelerating
video_0153,1,170,219,209,40,10,False,2,street,daytime,cloudy,,,accelerating
video_0153,1,180,229,209,30,0,False,1,street,daytime,cloudy,,,accelerating
video_0153,1,190,239,209,20,0,False,1,street,daytime,cloudy,,,accelerating
video_0153,1,200,249,209,10,0,False,1,street,daytime,cloudy,,,accelerating
video_0153,1,230,279,279,10,0,False,1,street,daytime,cloudy,,,decelerating
video_0153,1,240,289,289,20,0,False,1,street,daytime,cloudy,,,decelerating
video_0153,1,250,299,299,30,0,False,1,street,daytime,cloudy,,,accelerating
video_0153,1,260,309,299,30,0,False,1,street,daytime,cloudy,,,accelerating
video_0153,1,270,319,299,30,0,False,1,street,daytime,cloudy,,,accelerating
video_0153,1,280,329,299,20,0,False,1,street,daytime,cloudy,,,accelerating
video_0153,1,290,339,299,10,0,False,1,street,daytime,cloudy,,,accelerating
video_0154,0,0,49,49,50,30,True,2,street,daytime,cloudy,2,adult,decelerating
video_0154,0,10,59,59,50,20,False,2,street,daytime,cloudy,2,adult,decelerating
video_0154,0,20,69,69,50,10,False,2,street,daytime,cloudy,2,adult,decelerating
video_0154,0,30,79,79,50,0,False,1,street,daytime,cloudy,2,adult,decelerating
video_0154,0,40,89,89,50,0,False,1,street,daytime,cloudy,2,adult,accelerating
video_0154,0,50,99,99,50,0,False,1,street,daytime,cloudy,2,adult,accelerating
video_0154,0,60,109,109,50,0,False,1,street,daytime,cloudy,2,adult,accelerating
video_0154,0,70,119,119,50,0,False,1,street,daytime,cloudy,2,adult,accelerating
video_0154,0,80,129,129,50,0,False,1,street,daytime,cloudy,2,adult,accelerating
video_0154,0,90,139,139,50,0,False,1,street,daytime,cloudy,2,adult,accelerating
video_0154,0,100,149,149,50,0,False,1,street,daytime,cloudy,2,adult,accelerating
video_0154,0,110,159,159,50,0,False,2,street,daytime,cloudy,2,adult,accelerating
video_0154,0,120,169,169,50,3,False,2,street,daytime,cloudy,2,adult,accelerating
video_0154,0,130,179,179,50,7,False,2,street,daytime,cloudy,2,adult,accelerating
video_0154,0,140,189,189,50,16,False,2,street,daytime,cloudy,2,adult,accelerating
video_0154,0,150,199,199,50,23,False,2,street,daytime,cloudy,2,adult,accelerating
video_0154,0,160,209,209,50,23,False,2,street,daytime,cloudy,2,adult,accelerating
video_0154,0,170,219,219,50,21,False,2,street,daytime,cloudy,2,adult,accelerating
video_0154,0,180,229,229,50,23,False,2,street,daytime,cloudy,2,adult,decelerating
video_0154,0,190,239,239,50,24,False,2,street,daytime,cloudy,2,adult,decelerating
video_0154,0,200,249,249,50,27,True,2,street,daytime,cloudy,2,adult,decelerating
video_0154,0,210,259,259,50,37,True,2,street,daytime,cloudy,2,adult,accelerating
video_0154,0,220,269,269,50,44,True,2,street,daytime,cloudy,2,adult,accelerating
video_0154,0,230,279,279,50,38,True,2,street,daytime,cloudy,2,adult,accelerating
video_0154,0,240,289,289,50,28,True,2,street,daytime,cloudy,2,adult,accelerating
video_0154,0,250,299,299,50,18,False,2,street,daytime,cloudy,2,adult,decelerating
video_0154,0,260,309,309,50,8,False,2,street,daytime,cloudy,2,adult,decelerating
video_0154,0,270,319,319,50,0,False,1,street,daytime,cloudy,2,adult,decelerating
video_0154,0,280,329,329,50,0,False,1,street,daytime,cloudy,2,adult,decelerating
video_0154,0,290,339,329,40,0,False,1,street,daytime,cloudy,2,adult,decelerating
video_0154,0,300,349,329,30,0,False,0,street,daytime,cloudy,2,adult,decelerating
video_0154,0,310,359,329,20,0,False,0,street,daytime,cloudy,2,adult,decelerating
video_0154,0,320,369,329,10,0,False,0,street,daytime,cloudy,2,adult,decelerating
video_0154,1,0,49,49,50,50,True,2,street,daytime,cloudy,2,adult,decelerating
video_0154,1,10,59,59,50,50,True,2,street,daytime,cloudy,2,adult,decelerating
video_0154,1,20,69,69,50,50,True,2,street,daytime,cloudy,2,adult,decelerating
video_0154,1,30,79,79,50,48,True,1,street,daytime,cloudy,2,adult,decelerating
video_0154,1,40,89,89,50,46,True,1,street,daytime,cloudy,2,adult,accelerating
video_0154,1,50,99,99,50,42,True,1,street,daytime,cloudy,2,adult,accelerating
video_0154,1,60,109,109,50,37,True,1,street,daytime,cloudy,2,adult,accelerating
video_0154,1,70,119,119,50,31,True,1,street,daytime,cloudy,2,adult,accelerating
video_0154,1,80,129,119,40,23,False,1,street,daytime,cloudy,2,adult,accelerating
video_0154,1,90,139,119,30,15,False,1,street,daytime,cloudy,2,adult,accelerating
video_0154,1,100,149,119,20,9,False,1,street,daytime,cloudy,2,adult,accelerating
video_0154,1,110,159,159,20,4,False,2,street,daytime,cloudy,2,adult,accelerating
video_0154,1,120,169,169,20,3,False,2,street,daytime,cloudy,2,adult,accelerating
video_0154,1,130,179,179,30,7,False,2,street,daytime,cloudy,2,adult,accelerating
video_0154,1,140,189,189,40,16,False,2,street,daytime,cloudy,2,adult,accelerating
video_0154,1,150,199,199,50,23,False,2,street,daytime,cloudy,2,adult,accelerating
video_0154,1,160,209,209,50,23,False,2,street,daytime,cloudy,2,adult,accelerating
video_0154,1,170,219,219,50,21,False,2,street,daytime,cloudy,2,adult,accelerating
video_0154,1,180,229,229,50,23,False,2,street,daytime,cloudy,2,adult,decelerating
video_0154,1,190,239,239,50,24,False,2,street,daytime,cloudy,2,adult,decelerating
video_0154,1,200,249,249,50,27,True,2,street,daytime,cloudy,2,adult,decelerating
video_0154,1,210,259,259,50,37,True,2,street,daytime,cloudy,2,adult,accelerating
video_0154,1,220,269,269,50,44,True,2,street,daytime,cloudy,2,adult,accelerating
video_0154,1,230,279,279,50,48,True,2,street,daytime,cloudy,2,adult,accelerating
video_0154,1,240,289,289,50,48,True,2,street,daytime,cloudy,2,adult,accelerating
video_0154,1,250,299,299,50,48,True,2,street,daytime,cloudy,2,adult,decelerating
video_0154,1,260,309,309,50,38,True,2,street,daytime,cloudy,2,adult,decelerating
video_0154,1,270,319,319,50,30,True,1,street,daytime,cloudy,2,adult,decelerating
video_0154,1,280,329,329,50,20,False,1,street,daytime,cloudy,2,adult,decelerating
video_0154,1,290,339,329,40,10,False,1,street,daytime,cloudy,2,adult,decelerating
video_0154,1,300,349,329,30,0,False,0,street,daytime,cloudy,2,adult,decelerating
video_0154,1,310,359,329,20,0,False,0,street,daytime,cloudy,2,adult,decelerating
video_0154,1,320,369,329,10,0,False,0,street,daytime,cloudy,2,adult,decelerating
video_0155,0,90,139,119,30,30,True,1,street,daytime,clear,2,adult,accelerating
video_0155,0,100,149,119,20,20,False,1,street,daytime,clear,2,adult,accelerating
video_0155,0,110,159,119,10,10,False,1,street,daytime,clear,2,adult,accelerating
video_0156,0,0,49,49,50,14,False,2,street,daytime,clear,3,adult,decelerating
video_0156,0,10,59,59,50,17,False,2,street,daytime,clear,3,adult,decelerating
video_0156,0,20,69,69,50,20,False,2,street,daytime,clear,3,adult,decelerating
video_0156,0,30,79,79,50,19,False,2,street,daytime,clear,3,adult,decelerating
video_0156,0,40,89,89,50,21,False,2,street,daytime,clear,3,adult,decelerating
video_0156,0,50,99,99,50,20,False,2,street,daytime,clear,3,adult,decelerating
video_0156,0,60,109,109,50,23,False,2,street,daytime,clear,3,adult,decelerating
video_0156,0,70,119,119,50,23,False,2,street,daytime,clear,3,adult,decelerating
video_0156,0,80,129,129,50,25,True,2,street,daytime,clear,3,adult,decelerating
video_0156,0,90,139,139,50,32,True,2,street,daytime,clear,3,adult,decelerating
video_0156,0,100,149,149,50,35,True,2,street,daytime,clear,3,adult,decelerating
video_0156,0,110,159,149,40,29,True,2,street,daytime,clear,3,adult,decelerating
video_0156,0,120,169,149,30,24,False,1,street,daytime,clear,3,adult,decelerating
video_0156,0,130,179,149,20,20,False,1,street,daytime,clear,3,adult,decelerating
video_0156,0,140,189,149,10,10,False,1,street,daytime,clear,3,adult,decelerating
video_0156,1,30,79,79,50,19,False,2,street,daytime,clear,3,adult,decelerating
video_0156,1,40,89,89,50,21,False,2,street,daytime,clear,3,adult,decelerating
video_0156,1,50,99,99,50,20,False,2,street,daytime,clear,3,adult,decelerating
video_0156,1,60,109,109,50,23,False,2,street,daytime,clear,3,adult,decelerating
video_0156,1,70,119,119,50,23,False,2,street,daytime,clear,3,adult,decelerating
video_0156,1,80,129,119,40,21,False,2,street,daytime,clear,3,adult,decelerating
video_0156,1,90,139,119,30,18,False,2,street,daytime,clear,3,adult,decelerating
video_0156,1,100,149,119,20,11,False,2,street,daytime,clear,3,adult,decelerating
video_0156,1,110,159,119,10,5,False,2,street,daytime,clear,3,adult,decelerating
video_0157,0,60,109,89,30,1,False,1,street,daytime,clear,2,"adult,senior",accelerating
video_0157,0,70,119,89,20,0,False,1,street,daytime,clear,2,"adult,senior",accelerating
video_0157,0,80,129,89,10,0,False,1,street,daytime,clear,2,"adult,senior",accelerating
video_0158,0,0,49,49,50,0,False,1,street,daytime,clear,2,adult,decelerating
video_0158,0,10,59,59,50,0,False,1,street,daytime,clear,2,adult,decelerating
video_0158,0,20,69,69,50,0,False,2,street,daytime,clear,2,adult,decelerating
video_0158,0,30,79,79,50,0,False,2,street,daytime,clear,2,adult,decelerating
video_0158,0,40,89,89,50,0,False,2,street,daytime,clear,2,adult,decelerating
video_0158,0,50,99,99,50,0,False,2,street,daytime,clear,2,adult,accelerating
video_0158,0,60,109,109,50,0,False,2,street,daytime,clear,2,adult,accelerating
video_0158,0,70,119,119,50,0,False,2,street,daytime,clear,2,adult,accelerating
video_0158,0,80,129,129,50,0,False,2,street,daytime,clear,2,adult,accelerating
video_0158,0,90,139,139,50,0,False,2,street,daytime,clear,2,adult,accelerating
video_0158,0,100,149,149,50,0,False,2,street,daytime,clear,2,adult,accelerating
video_0158,0,110,159,159,50,0,False,2,street,daytime,clear,2,adult,accelerating
video_0158,0,120,169,169,50,0,False,2,street,daytime,clear,2,adult,accelerating
video_0158,0,130,179,179,50,3,False,2,street,daytime,clear,2,adult,accelerating
video_0158,0,140,189,179,40,3,False,2,street,daytime,clear,2,adult,accelerating
video_0158,0,150,199,179,30,3,False,1,street,daytime,clear,2,adult,accelerating
video_0158,0,160,209,179,20,3,False,1,street,daytime,clear,2,adult,accelerating
video_0158,0,170,219,179,10,3,False,1,street,daytime,clear,2,adult,accelerating
video_0158,1,60,109,109,50,0,False,2,street,daytime,clear,2,adult,accelerating
video_0158,1,70,119,119,50,0,False,2,street,daytime,clear,2,adult,accelerating
video_0158,1,80,129,129,50,0,False,2,street,daytime,clear,2,adult,accelerating
video_0158,1,90,139,139,50,0,False,2,street,daytime,clear,2,adult,accelerating
video_0158,1,100,149,149,50,0,False,2,street,daytime,clear,2,adult,accelerating
video_0158,1,110,159,149,40,0,False,2,street,daytime,clear,2,adult,accelerating
video_0158,1,120,169,149,30,0,False,2,street,daytime,clear,2,adult,accelerating
video_0158,1,130,179,149,20,0,False,2,street,daytime,clear,2,adult,accelerating
video_0158,1,140,189,149,10,0,False,2,street,daytime,clear,2,adult,accelerating
video_0159,0,0,49,49,50,18,False,2,street,daytime,clear,4,"adult,senior",accelerating
video_0159,0,10,59,59,50,8,False,2,street,daytime,clear,4,"adult,senior",accelerating
video_0159,0,20,69,69,50,0,False,2,street,daytime,clear,4,"adult,senior",accelerating
video_0159,0,30,79,79,50,10,False,2,street,daytime,clear,4,"adult,senior",decelerating
video_0159,0,40,89,89,50,16,False,2,street,daytime,clear,4,"adult,senior",decelerating
video_0159,0,50,99,99,50,26,True,2,street,daytime,clear,4,"adult,senior",decelerating
video_0159,0,60,109,109,50,36,True,2,street,daytime,clear,4,"adult,senior",decelerating
video_0159,0,70,119,119,50,46,True,2,street,daytime,clear,4,"adult,senior",decelerating
video_0159,0,80,129,129,50,46,True,2,street,daytime,clear,4,"adult,senior",decelerating
video_0159,0,90,139,139,50,50,True,2,street,daytime,clear,4,"adult,senior",decelerating
video_0159,0,100,149,149,50,50,True,2,street,daytime,clear,4,"adult,senior",decelerating
video_0159,0,110,159,159,50,50,True,2,street,daytime,clear,4,"adult,senior",decelerating
video_0159,0,120,169,169,50,50,True,2,street,daytime,clear,4,"adult,senior",accelerating
video_0159,0,130,179,179,50,50,True,2,street,daytime,clear,4,"adult,senior",accelerating
video_0159,0,140,189,189,50,50,True,2,street,daytime,clear,4,"adult,senior",accelerating
video_0159,0,150,199,199,50,50,True,2,street,daytime,clear,4,"adult,senior",accelerating
video_0159,0,160,209,209,50,50,True,2,street,daytime,clear,4,"adult,senior",accelerating
video_0159,0,170,219,219,50,50,True,2,street,daytime,clear,4,"adult,senior",accelerating
video_0159,0,180,229,229,50,50,True,2,street,daytime,clear,4,"adult,senior",accelerating
video_0159,0,190,239,239,50,44,True,2,street,daytime,clear,4,"adult,senior",accelerating
video_0159,0,200,249,239,40,34,True,2,street,daytime,clear,4,"adult,senior",accelerating
video_0159,0,210,259,239,30,24,False,2,street,daytime,clear,4,"adult,senior",accelerating
video_0159,0,220,269,239,20,14,False,2,street,daytime,clear,4,"adult,senior",accelerating
video_0159,0,230,279,239,10,4,False,2,street,daytime,clear,4,"adult,senior",accelerating
video_0159,1,0,49,49,50,18,False,2,street,daytime,clear,4,"adult,senior",accelerating
video_0159,1,10,59,59,50,8,False,2,street,daytime,clear,4,"adult,senior",accelerating
video_0159,1,20,69,59,40,0,False,2,street,daytime,clear,4,"adult,senior",accelerating
video_0159,1,30,79,59,30,0,False,2,street,daytime,clear,4,"adult,senior",accelerating
video_0159,1,40,89,59,20,0,False,2,street,daytime,clear,4,"adult,senior",accelerating
video_0159,1,50,99,99,20,10,False,2,street,daytime,clear,4,"adult,senior",decelerating
video_0159,1,60,109,109,20,20,False,2,street,daytime,clear,4,"adult,senior",decelerating
video_0159,1,70,119,119,30,30,True,2,street,daytime,clear,4,"adult,senior",decelerating
video_0159,1,80,129,129,40,40,True,2,street,daytime,clear,4,"adult,senior",decelerating
video_0159,1,90,139,139,50,50,True,2,street,daytime,clear,4,"adult,senior",decelerating
video_0159,1,100,149,149,50,50,True,2,street,daytime,clear,4,"adult,senior",decelerating
video_0159,1,110,159,159,50,50,True,2,street,daytime,clear,4,"adult,senior",decelerating
video_0159,1,120,169,169,50,50,True,2,street,daytime,clear,4,"adult,senior",accelerating
video_0159,1,130,179,179,50,50,True,2,street,daytime,clear,4,"adult,senior",accelerating
video_0159,1,140,189,189,50,50,True,2,street,daytime,clear,4,"adult,senior",accelerating
video_0159,1,150,199,199,50,50,True,2,street,daytime,clear,4,"adult,senior",accelerating
video_0159,1,160,209,209,50,50,True,2,street,daytime,clear,4,"adult,senior",accelerating
video_0159,1,170,219,219,50,50,True,2,street,daytime,clear,4,"adult,senior",accelerating
video_0159,1,180,229,229,50,50,True,2,street,daytime,clear,4,"adult,senior",accelerating
video_0159,1,190,239,239,50,44,True,2,street,daytime,clear,4,"adult,senior",accelerating
video_0159,1,200,249,239,40,34,True,2,street,daytime,clear,4,"adult,senior",accelerating
video_0159,1,210,259,239,30,24,False,2,street,daytime,clear,4,"adult,senior",accelerating
video_0159,1,220,269,239,20,14,False,2,street,daytime,clear,4,"adult,senior",accelerating
video_0159,1,230,279,239,10,4,False,2,street,daytime,clear,4,"adult,senior",accelerating
video_0160,0,0,49,29,30,0,False,0,street,daytime,cloudy,2,adult,decelerating
video_0160,0,10,59,29,20,0,False,0,street,daytime,cloudy,2,adult,decelerating
video_0160,0,20,69,69,20,0,False,1,street,daytime,cloudy,2,adult,decelerating
video_0160,0,30,79,79,20,0,False,1,street,daytime,cloudy,2,adult,decelerating
video_0160,0,40,89,89,30,0,False,1,street,daytime,cloudy,2,adult,decelerating
video_0160,0,50,99,99,40,0,False,2,street,daytime,cloudy,2,adult,decelerating
video_0160,0,60,109,109,50,0,False,2,street,daytime,cloudy,2,adult,decelerating
video_0160,0,70,119,119,50,0,False,2,street,daytime,cloudy,2,adult,decelerating
video_0160,0,80,129,129,50,0,False,2,street,daytime,cloudy,2,adult,decelerating
video_0160,0,90,139,139,50,0,False,2,street,daytime,cloudy,2,adult,decelerating
video_0160,0,100,149,149,50,0,False,2,street,daytime,cloudy,2,adult,decelerating
video_0160,0,110,159,159,50,0,False,2,street,daytime,cloudy,2,adult,decelerating
video_0160,0,120,169,169,50,0,False,1,street,daytime,cloudy,2,adult,decelerating
video_0160,0,130,179,179,50,0,False,1,street,daytime,cloudy,2,adult,decelerating
video_0160,0,140,189,189,50,0,False,1,street,daytime,cloudy,2,adult,decelerating
video_0160,0,150,199,199,50,0,False,1,street,daytime,cloudy,2,adult,decelerating
video_0160,0,160,209,209,50,0,False,1,street,daytime,cloudy,2,adult,decelerating
video_0160,0,170,219,209,40,0,False,1,street,daytime,cloudy,2,adult,decelerating
video_0160,0,180,229,209,30,0,False,1,street,daytime,cloudy,2,adult,decelerating
video_0160,0,190,239,209,20,0,False,1,street,daytime,cloudy,2,adult,decelerating
video_0160,0,200,249,209,10,0,False,1,street,daytime,cloudy,2,adult,decelerating
video_0160,1,90,139,139,50,0,False,2,street,daytime,cloudy,2,adult,decelerating
video_0160,1,100,149,149,50,0,False,2,street,daytime,cloudy,2,adult,decelerating
video_0160,1,110,159,159,50,0,False,2,street,daytime,cloudy,2,adult,decelerating
video_0160,1,120,169,169,50,0,False,1,street,daytime,cloudy,2,adult,decelerating
video_0160,1,130,179,179,50,0,False,1,street,daytime,cloudy,2,adult,decelerating
video_0160,1,140,189,189,50,0,False,1,street,daytime,cloudy,2,adult,decelerating
video_0160,1,150,199,199,50,0,False,1,street,daytime,cloudy,2,adult,decelerating
video_0160,1,160,209,209,50,0,False,1,street,daytime,cloudy,2,adult,decelerating
video_0160,1,170,219,209,40,0,False,1,street,daytime,cloudy,2,adult,decelerating
video_0160,1,180,229,209,30,0,False,1,street,daytime,cloudy,2,adult,decelerating
video_0160,1,190,239,209,20,0,False,1,street,daytime,cloudy,2,adult,decelerating
video_0160,1,200,249,209,10,0,False,1,street,daytime,cloudy,2,adult,decelerating
video_0161,0,0,49,49,50,0,False,0,street,daytime,cloudy,2,adult,decelerating
video_0161,0,10,59,59,50,0,False,0,street,daytime,cloudy,2,adult,decelerating
video_0161,0,20,69,69,50,0,False,1,street,daytime,cloudy,2,adult,decelerating
video_0161,0,30,79,79,50,0,False,1,street,daytime,cloudy,2,adult,accelerating
video_0161,0,40,89,89,50,0,False,1,street,daytime,cloudy,2,adult,accelerating
video_0161,0,50,99,99,50,0,False,1,street,daytime,cloudy,2,adult,accelerating
video_0161,0,60,109,109,50,0,False,1,street,daytime,cloudy,2,adult,accelerating
video_0161,0,70,119,119,50,0,False,1,street,daytime,cloudy,2,adult,accelerating
video_0161,0,80,129,129,50,0,False,2,street,daytime,cloudy,2,adult,accelerating
video_0161,0,90,139,139,50,0,False,2,street,daytime,cloudy,2,adult,accelerating
video_0161,0,100,149,149,50,0,False,2,street,daytime,cloudy,2,adult,accelerating
video_0161,0,110,159,149,40,0,False,2,street,daytime,cloudy,2,adult,accelerating
video_0161,0,120,169,149,30,0,False,2,street,daytime,cloudy,2,adult,accelerating
video_0161,0,130,179,149,20,0,False,2,street,daytime,cloudy,2,adult,accelerating
video_0161,0,140,189,149,10,0,False,2,street,daytime,cloudy,2,adult,accelerating
video_0161,1,120,169,149,30,0,False,2,street,daytime,cloudy,2,adult,accelerating
video_0161,1,130,179,149,20,0,False,2,street,daytime,cloudy,2,adult,accelerating
video_0161,1,140,189,149,10,0,False,2,street,daytime,cloudy,2,adult,accelerating
video_0162,0,0,49,49,50,17,False,1,street,daytime,rain,6,adult,accelerating
video_0162,0,10,59,59,50,27,True,1,street,daytime,rain,6,adult,decelerating
video_0162,0,20,69,59,40,24,False,1,street,daytime,rain,6,adult,decelerating
video_0162,0,30,79,59,30,15,False,1,street,daytime,rain,6,adult,decelerating
video_0162,0,40,89,59,20,15,False,1,street,daytime,rain,6,adult,decelerating
video_0162,0,50,99,59,10,10,False,1,street,daytime,rain,6,adult,decelerating
video_0163,0,0,49,49,50,0,False,2,street,daytime,cloudy,2,adult,decelerating
video_0163,0,10,59,59,50,0,False,2,street,daytime,cloudy,2,adult,decelerating
video_0163,0,20,69,69,50,0,False,2,street,daytime,cloudy,2,adult,decelerating
video_0163,0,30,79,79,50,0,False,2,street,daytime,cloudy,2,adult,decelerating
video_0163,0,40,89,89,50,0,False,2,street,daytime,cloudy,2,adult,stopped
video_0163,0,50,99,99,50,0,False,2,street,daytime,cloudy,2,adult,stopped
video_0163,0,60,109,109,50,0,False,2,street,daytime,cloudy,2,adult,stopped
video_0163,0,70,119,119,50,0,False,2,street,daytime,cloudy,2,adult,stopped
video_0163,0,80,129,129,50,0,False,2,street,daytime,cloudy,2,adult,stopped
video_0163,0,90,139,139,50,0,False,2,street,daytime,cloudy,2,adult,stopped
video_0163,0,100,149,149,50,0,False,2,street,daytime,cloudy,2,adult,stopped
video_0163,0,110,159,159,50,0,False,2,street,daytime,cloudy,2,adult,stopped
video_0163,0,120,169,169,50,0,False,2,street,daytime,cloudy,2,adult,stopped
video_0163,0,130,179,179,50,0,False,2,street,daytime,cloudy,2,adult,stopped
video_0163,0,140,189,189,50,0,False,2,street,daytime,cloudy,2,adult,stopped
video_0163,0,150,199,199,50,0,False,2,street,daytime,cloudy,2,adult,stopped
video_0163,0,160,209,209,50,0,False,2,street,daytime,cloudy,2,adult,stopped
video_0163,0,170,219,209,40,0,False,2,street,daytime,cloudy,2,adult,stopped
video_0163,0,180,229,209,30,0,False,2,street,daytime,cloudy,2,adult,stopped
video_0163,0,190,239,209,20,0,False,2,street,daytime,cloudy,2,adult,stopped
video_0163,0,200,249,209,10,0,False,2,street,daytime,cloudy,2,adult,stopped
video_0163,1,30,79,79,50,0,False,2,street,daytime,cloudy,2,adult,decelerating
video_0163,1,40,89,89,50,0,False,2,street,daytime,cloudy,2,adult,stopped
video_0163,1,50,99,99,50,0,False,2,street,daytime,cloudy,2,adult,stopped
video_0163,1,60,109,109,50,0,False,2,street,daytime,cloudy,2,adult,stopped
video_0163,1,70,119,119,50,0,False,2,street,daytime,cloudy,2,adult,stopped
video_0163,1,80,129,129,50,0,False,2,street,daytime,cloudy,2,adult,stopped
video_0163,1,90,139,139,50,0,False,2,street,daytime,cloudy,2,adult,stopped
video_0163,1,100,149,149,50,0,False,2,street,daytime,cloudy,2,adult,stopped
video_0163,1,110,159,159,50,0,False,2,street,daytime,cloudy,2,adult,stopped
video_0163,1,120,169,169,50,0,False,2,street,daytime,cloudy,2,adult,stopped
video_0163,1,130,179,179,50,0,False,2,street,daytime,cloudy,2,adult,stopped
video_0163,1,140,189,189,50,0,False,2,street,daytime,cloudy,2,adult,stopped
video_0163,1,150,199,199,50,0,False,2,street,daytime,cloudy,2,adult,stopped
video_0163,1,160,209,209,50,0,False,2,street,daytime,cloudy,2,adult,stopped
video_0163,1,170,219,209,40,0,False,2,street,daytime,cloudy,2,adult,stopped
video_0163,1,180,229,209,30,0,False,2,street,daytime,cloudy,2,adult,stopped
video_0163,1,190,239,209,20,0,False,2,street,daytime,cloudy,2,adult,stopped
video_0163,1,200,249,209,10,0,False,2,street,daytime,cloudy,2,adult,stopped
video_0164,0,0,49,49,50,0,False,2,street,daytime,cloudy,4,"adult,young",accelerating
video_0164,0,10,59,59,50,0,False,2,street,daytime,cloudy,4,"adult,young",accelerating
video_0164,0,20,69,69,50,0,False,2,street,daytime,cloudy,4,"adult,young",accelerating
video_0164,0,30,79,79,50,0,False,2,street,daytime,cloudy,4,"adult,young",decelerating
video_0164,0,40,89,89,50,0,False,2,street,daytime,cloudy,4,"adult,young",decelerating
video_0164,0,50,99,99,50,0,False,2,street,daytime,cloudy,4,"adult,young",decelerating
video_0164,0,60,109,109,50,0,False,2,street,daytime,cloudy,4,"adult,young",decelerating
video_0164,0,70,119,119,50,0,False,2,street,daytime,cloudy,4,"adult,young",decelerating
video_0164,0,80,129,129,50,0,False,2,street,daytime,cloudy,4,"adult,young",decelerating
video_0164,0,90,139,139,50,0,False,1,street,daytime,cloudy,4,"adult,young",decelerating
video_0164,0,100,149,149,50,0,False,1,street,daytime,cloudy,4,"adult,young",decelerating
video_0164,0,110,159,149,40,0,False,1,street,daytime,cloudy,4,"adult,young",decelerating
video_0164,0,120,169,149,30,0,False,0,street,daytime,cloudy,4,"adult,young",decelerating
video_0164,0,130,179,149,20,0,False,0,street,daytime,cloudy,4,"adult,young",decelerating
video_0164,0,140,189,149,10,0,False,0,street,daytime,cloudy,4,"adult,young",decelerating
video_0164,1,0,49,49,50,0,False,2,street,daytime,cloudy,4,"adult,young",accelerating
video_0164,1,10,59,59,50,0,False,2,street,daytime,cloudy,4,"adult,young",accelerating
video_0164,1,20,69,69,50,0,False,2,street,daytime,cloudy,4,"adult,young",accelerating
video_0164,1,30,79,79,50,0,False,2,street,daytime,cloudy,4,"adult,young",decelerating
video_0164,1,40,89,89,50,0,False,2,street,daytime,cloudy,4,"adult,young",decelerating
video_0164,1,50,99,99,50,0,False,2,street,daytime,cloudy,4,"adult,young",decelerating
video_0164,1,60,109,109,50,0,False,2,street,daytime,cloudy,4,"adult,young",decelerating
video_0164,1,70,119,119,50,0,False,2,street,daytime,cloudy,4,"adult,young",decelerating
video_0164,1,80,129,129,50,0,False,2,street,daytime,cloudy,4,"adult,young",decelerating
video_0164,1,90,139,139,50,0,False,1,street,daytime,cloudy,4,"adult,young",decelerating
video_0164,1,100,149,149,50,0,False,1,street,daytime,cloudy,4,"adult,young",decelerating
video_0164,1,110,159,149,40,0,False,1,street,daytime,cloudy,4,"adult,young",decelerating
video_0164,1,120,169,149,30,0,False,0,street,daytime,cloudy,4,"adult,young",decelerating
video_0164,1,130,179,149,20,0,False,0,street,daytime,cloudy,4,"adult,young",decelerating
video_0164,1,140,189,149,10,0,False,0,street,daytime,cloudy,4,"adult,young",decelerating
video_0165,0,0,49,49,50,0,False,1,street,daytime,cloudy,4,"adult,senior",accelerating
video_0165,0,10,59,59,50,0,False,1,street,daytime,cloudy,4,"adult,senior",accelerating
video_0165,0,20,69,69,50,0,False,2,street,daytime,cloudy,4,"adult,senior",accelerating
video_0165,0,30,79,79,50,0,False,2,street,daytime,cloudy,4,"adult,senior",decelerating
video_0165,0,40,89,89,50,0,False,2,street,daytime,cloudy,4,"adult,senior",decelerating
video_0165,0,50,99,99,50,0,False,2,street,daytime,cloudy,4,"adult,senior",decelerating
video_0165,0,60,109,109,50,0,False,2,street,daytime,cloudy,4,"adult,senior",decelerating
video_0165,0,70,119,119,50,0,False,2,street,daytime,cloudy,4,"adult,senior",decelerating
video_0165,0,80,129,129,50,0,False,2,street,daytime,cloudy,4,"adult,senior",decelerating
video_0165,0,90,139,139,50,0,False,2,street,daytime,cloudy,4,"adult,senior",decelerating
video_0165,0,100,149,149,50,0,False,2,street,daytime,cloudy,4,"adult,senior",stopped
video_0165,0,110,159,159,50,0,False,2,street,daytime,cloudy,4,"adult,senior",stopped
video_0165,0,120,169,169,50,0,False,2,street,daytime,cloudy,4,"adult,senior",stopped
video_0165,0,130,179,179,50,0,False,2,street,daytime,cloudy,4,"adult,senior",stopped
video_0165,0,140,189,189,50,0,False,2,street,daytime,cloudy,4,"adult,senior",stopped
video_0165,0,150,199,199,50,0,False,2,street,daytime,cloudy,4,"adult,senior",stopped
video_0165,0,160,209,209,50,0,False,2,street,daytime,cloudy,4,"adult,senior",stopped
video_0165,0,170,219,219,50,0,False,2,street,daytime,cloudy,4,"adult,senior",stopped
video_0165,0,180,229,229,50,0,False,1,street,daytime,cloudy,4,"adult,senior",stopped
video_0165,0,190,239,239,50,0,False,1,street,daytime,cloudy,4,"adult,senior",stopped
video_0165,0,200,249,249,50,0,False,2,street,daytime,cloudy,4,"adult,senior",stopped
video_0165,0,210,259,259,50,0,False,2,street,daytime,cloudy,4,"adult,senior",stopped
video_0165,0,220,269,269,50,0,False,2,street,daytime,cloudy,4,"adult,senior",stopped
video_0165,0,230,279,269,40,0,False,2,street,daytime,cloudy,4,"adult,senior",stopped
video_0165,0,240,289,269,30,0,False,2,street,daytime,cloudy,4,"adult,senior",stopped
video_0165,0,250,299,269,20,0,False,2,street,daytime,cloudy,4,"adult,senior",stopped
video_0165,0,260,309,269,10,0,False,2,street,daytime,cloudy,4,"adult,senior",stopped
video_0165,1,0,49,49,50,0,False,1,street,daytime,cloudy,4,"adult,senior",accelerating
video_0165,1,10,59,59,50,0,False,1,street,daytime,cloudy,4,"adult,senior",accelerating
video_0165,1,20,69,69,50,0,False,2,street,daytime,cloudy,4,"adult,senior",accelerating
video_0165,1,30,79,79,50,0,False,2,street,daytime,cloudy,4,"adult,senior",decelerating
video_0165,1,40,89,89,50,0,False,2,street,daytime,cloudy,4,"adult,senior",decelerating
video_0165,1,50,99,99,50,0,False,2,street,daytime,cloudy,4,"adult,senior",decelerating
video_0165,1,60,109,109,50,0,False,2,street,daytime,cloudy,4,"adult,senior",decelerating
video_0165,1,70,119,119,50,0,False,2,street,daytime,cloudy,4,"adult,senior",decelerating
video_0165,1,80,129,129,50,0,False,2,street,daytime,cloudy,4,"adult,senior",decelerating
video_0165,1,90,139,139,50,0,False,2,street,daytime,cloudy,4,"adult,senior",decelerating
video_0165,1,100,149,149,50,0,False,2,street,daytime,cloudy,4,"adult,senior",stopped
video_0165,1,110,159,159,50,0,False,2,street,daytime,cloudy,4,"adult,senior",stopped
video_0165,1,120,169,169,50,0,False,2,street,daytime,cloudy,4,"adult,senior",stopped
video_0165,1,130,179,179,50,0,False,2,street,daytime,cloudy,4,"adult,senior",stopped
video_0165,1,140,189,189,50,0,False,2,street,daytime,cloudy,4,"adult,senior",stopped
video_0165,1,150,199,199,50,0,False,2,street,daytime,cloudy,4,"adult,senior",stopped
video_0165,1,160,209,209,50,0,False,2,street,daytime,cloudy,4,"adult,senior",stopped
video_0165,1,170,219,219,50,0,False,2,street,daytime,cloudy,4,"adult,senior",stopped
video_0165,1,180,229,229,50,0,False,1,street,daytime,cloudy,4,"adult,senior",stopped
video_0165,1,190,239,239,50,0,False,1,street,daytime,cloudy,4,"adult,senior",stopped
video_0165,1,200,249,249,50,0,False,2,street,daytime,cloudy,4,"adult,senior",stopped
video_0165,1,210,259,259,50,0,False,2,street,daytime,cloudy,4,"adult,senior",stopped
video_0165,1,220,269,269,50,0,False,2,street,daytime,cloudy,4,"adult,senior",stopped
video_0165,1,230,279,269,40,0,False,2,street,daytime,cloudy,4,"adult,senior",stopped
video_0165,1,240,289,269,30,0,False,2,street,daytime,cloudy,4,"adult,senior",stopped
video_0165,1,250,299,269,20,0,False,2,street,daytime,cloudy,4,"adult,senior",stopped
video_0165,1,260,309,269,10,0,False,2,street,daytime,cloudy,4,"adult,senior",stopped
video_0166,0,0,49,49,50,49,True,2,street,daytime,clear,2,adult,accelerating
video_0166,0,10,59,59,50,50,True,2,street,daytime,clear,2,adult,accelerating
video_0166,0,20,69,69,50,50,True,2,street,daytime,clear,2,adult,accelerating
video_0166,0,30,79,79,50,50,True,2,street,daytime,clear,2,adult,accelerating
video_0166,0,40,89,89,50,50,True,2,street,daytime,clear,2,adult,accelerating
video_0166,0,50,99,99,50,50,True,2,street,daytime,clear,2,adult,accelerating
video_0166,0,60,109,109,50,50,True,1,street,daytime,clear,2,adult,accelerating
video_0166,0,70,119,119,50,50,True,1,street,daytime,clear,2,adult,accelerating
video_0166,0,80,129,129,50,50,True,1,street,daytime,clear,2,adult,accelerating
video_0166,0,90,139,139,50,50,True,1,street,daytime,clear,2,adult,accelerating
video_0166,0,100,149,149,50,50,True,1,street,daytime,clear,2,adult,accelerating
video_0166,0,110,159,159,50,50,True,1,street,daytime,clear,2,adult,accelerating
video_0166,0,120,169,169,50,50,True,1,street,daytime,clear,2,adult,accelerating
video_0166,0,130,179,179,50,50,True,1,street,daytime,clear,2,adult,accelerating
video_0166,0,140,189,189,50,49,True,1,street,daytime,clear,2,adult,accelerating
video_0166,0,150,199,199,50,48,True,1,street,daytime,clear,2,adult,accelerating
video_0166,0,160,209,209,50,48,True,1,street,daytime,clear,2,adult,accelerating
video_0166,0,170,219,209,40,38,True,1,street,daytime,clear,2,adult,accelerating
video_0166,0,180,229,209,30,28,True,1,street,daytime,clear,2,adult,accelerating
video_0166,0,190,239,209,20,19,False,1,street,daytime,clear,2,adult,accelerating
video_0166,0,200,249,209,10,10,False,1,street,daytime,clear,2,adult,accelerating
video_0166,1,30,79,59,30,30,True,2,street,daytime,clear,2,adult,accelerating
video_0166,1,40,89,59,20,20,False,2,street,daytime,clear,2,adult,accelerating
video_0166,1,50,99,59,10,10,False,2,street,daytime,clear,2,adult,accelerating
video_0167,0,0,49,49,50,9,False,1,street,daytime,rain,2,adult,decelerating
video_0167,0,10,59,59,50,0,False,1,street,daytime,rain,2,adult,decelerating
video_0167,0,20,69,69,50,0,False,1,street,daytime,rain,2,adult,decelerating
video_0167,0,30,79,79,50,0,False,1,street,daytime,rain,2,adult,decelerating
video_0167,0,40,89,89,50,0,False,1,street,daytime,rain,2,adult,decelerating
video_0167,0,50,99,99,50,0,False,2,street,daytime,rain,2,adult,decelerating
video_0167,0,60,109,109,50,0,False,2,street,daytime,rain,2,adult,decelerating
video_0167,0,70,119,119,50,0,False,2,street,daytime,rain,2,adult,decelerating
video_0167,0,80,129,129,50,0,False,2,street,daytime,rain,2,adult,decelerating
video_0167,0,90,139,139,50,0,False,2,street,daytime,rain,2,adult,decelerating
video_0167,0,100,149,149,50,0,False,2,street,daytime,rain,2,adult,decelerating
video_0167,0,110,159,149,40,0,False,2,street,daytime,rain,2,adult,decelerating
video_0167,0,120,169,149,30,0,False,2,street,daytime,rain,2,adult,decelerating
video_0167,0,130,179,149,20,0,False,2,street,daytime,rain,2,adult,decelerating
video_0167,0,140,189,149,10,0,False,2,street,daytime,rain,2,adult,decelerating
video_0167,1,60,109,109,50,0,False,2,street,daytime,rain,2,adult,decelerating
video_0167,1,70,119,119,50,0,False,2,street,daytime,rain,2,adult,decelerating
video_0167,1,80,129,129,50,0,False,2,street,daytime,rain,2,adult,decelerating
video_0167,1,90,139,139,50,0,False,2,street,daytime,rain,2,adult,decelerating
video_0167,1,100,149,149,50,0,False,2,street,daytime,rain,2,adult,decelerating
video_0167,1,110,159,149,40,0,False,2,street,daytime,rain,2,adult,decelerating
video_0167,1,120,169,149,30,0,False,2,street,daytime,rain,2,adult,decelerating
video_0167,1,130,179,149,20,0,False,2,street,daytime,rain,2,adult,decelerating
video_0167,1,140,189,149,10,0,False,2,street,daytime,rain,2,adult,decelerating
video_0168,0,0,49,49,50,29,True,1,street,daytime,rain,4,adult,accelerating
video_0168,0,10,59,59,50,19,False,1,street,daytime,rain,4,adult,decelerating
video_0168,0,20,69,69,50,10,False,1,street,daytime,rain,4,adult,decelerating
video_0168,0,30,79,79,50,0,False,1,street,daytime,rain,4,adult,decelerating
video_0168,0,40,89,89,50,0,False,1,street,daytime,rain,4,adult,decelerating
video_0168,0,50,99,99,50,0,False,2,street,daytime,rain,4,adult,accelerating
video_0168,0,60,109,109,50,0,False,2,street,daytime,rain,4,adult,accelerating
video_0168,0,70,119,119,50,0,False,2,street,daytime,rain,4,adult,accelerating
video_0168,0,80,129,119,40,0,False,2,street,daytime,rain,4,adult,accelerating
video_0168,0,90,139,119,30,0,False,2,street,daytime,rain,4,adult,accelerating
video_0168,0,100,149,119,20,0,False,2,street,daytime,rain,4,adult,accelerating
video_0168,0,110,159,119,10,0,False,2,street,daytime,rain,4,adult,accelerating
video_0168,1,90,139,119,30,0,False,2,street,daytime,rain,4,adult,accelerating
video_0168,1,100,149,119,20,0,False,2,street,daytime,rain,4,adult,accelerating
video_0168,1,110,159,119,10,0,False,2,street,daytime,rain,4,adult,accelerating
video_0169,0,30,79,59,30,30,True,1,street,daytime,rain,4,adult,decelerating
video_0169,0,40,89,59,20,20,False,1,street,daytime,rain,4,adult,decelerating
video_0169,0,50,99,99,20,14,False,2,street,daytime,rain,4,adult,accelerating
video_0169,0,60,109,109,20,8,False,2,street,daytime,rain,4,adult,accelerating
video_0169,0,70,119,119,30,8,False,2,street,daytime,rain,4,adult,decelerating
video_0169,0,80,129,129,40,8,False,2,street,daytime,rain,4,adult,decelerating
video_0169,0,90,139,139,50,8,False,2,street,daytime,rain,4,adult,accelerating
video_0169,0,100,149,149,50,4,False,2,street,daytime,rain,4,adult,accelerating
video_0169,0,110,159,159,50,0,False,2,street,daytime,rain,4,adult,accelerating
video_0169,0,120,169,169,50,0,False,2,street,daytime,rain,4,adult,accelerating
video_0169,0,130,179,179,50,0,False,2,street,daytime,rain,4,adult,accelerating
video_0169,0,140,189,179,40,0,False,2,street,daytime,rain,4,adult,accelerating
video_0169,0,150,199,179,30,0,False,2,street,daytime,rain,4,adult,accelerating
video_0169,0,160,209,179,20,0,False,2,street,daytime,rain,4,adult,accelerating
video_0169,0,170,219,179,10,0,False,2,street,daytime,rain,4,adult,accelerating
video_0169,1,90,139,139,50,8,False,2,street,daytime,rain,4,adult,accelerating
video_0169,1,100,149,149,50,4,False,2,street,daytime,rain,4,adult,accelerating
video_0169,1,110,159,159,50,0,False,2,street,daytime,rain,4,adult,accelerating
video_0169,1,120,169,169,50,0,False,2,street,daytime,rain,4,adult,accelerating
video_0169,1,130,179,179,50,0,False,2,street,daytime,rain,4,adult,accelerating
video_0169,1,140,189,179,40,0,False,2,street,daytime,rain,4,adult,accelerating
video_0169,1,150,199,179,30,0,False,2,street,daytime,rain,4,adult,accelerating
video_0169,1,160,209,179,20,0,False,2,street,daytime,rain,4,adult,accelerating
video_0169,1,170,219,179,10,0,False,2,street,daytime,rain,4,adult,accelerating
video_0170,0,30,79,79,50,0,False,2,street,daytime,rain,4,adult,accelerating
video_0170,0,40,89,89,50,0,False,2,street,daytime,rain,4,adult,decelerating
video_0170,0,50,99,99,50,0,False,2,street,daytime,rain,4,adult,decelerating
video_0170,0,60,109,109,50,0,False,2,street,daytime,rain,4,adult,decelerating
video_0170,0,70,119,119,50,0,False,2,street,daytime,rain,4,adult,decelerating
video_0170,0,80,129,119,40,0,False,2,street,daytime,rain,4,adult,decelerating
video_0170,0,90,139,119,30,0,False,2,street,daytime,rain,4,adult,decelerating
video_0170,0,100,149,119,20,0,False,2,street,daytime,rain,4,adult,decelerating
video_0170,0,110,159,119,10,0,False,2,street,daytime,rain,4,adult,decelerating
video_0170,1,30,79,79,50,0,False,2,street,daytime,rain,4,adult,accelerating
video_0170,1,40,89,89,50,0,False,2,street,daytime,rain,4,adult,decelerating
video_0170,1,50,99,99,50,0,False,2,street,daytime,rain,4,adult,decelerating
video_0170,1,60,109,109,50,0,False,2,street,daytime,rain,4,adult,decelerating
video_0170,1,70,119,119,50,0,False,2,street,daytime,rain,4,adult,decelerating
video_0170,1,80,129,119,40,0,False,2,street,daytime,rain,4,adult,decelerating
video_0170,1,90,139,119,30,0,False,2,street,daytime,rain,4,adult,decelerating
video_0170,1,100,149,119,20,0,False,2,street,daytime,rain,4,adult,decelerating
video_0170,1,110,159,119,10,0,False,2,street,daytime,rain,4,adult,decelerating
video_0171,0,0,49,49,50,0,False,1,street,daytime,cloudy,2,"adult,senior",decelerating
video_0171,0,10,59,59,50,0,False,1,street,daytime,cloudy,2,"adult,senior",decelerating
video_0171,0,20,69,69,50,0,False,2,street,daytime,cloudy,2,"adult,senior",decelerating
video_0171,0,30,79,79,50,0,False,2,street,daytime,cloudy,2,"adult,senior",decelerating
video_0171,0,40,89,89,50,0,False,2,street,daytime,cloudy,2,"adult,senior",accelerating
video_0171,0,50,99,99,50,0,False,2,street,daytime,cloudy,2,"adult,senior",accelerating
video_0171,0,60,109,109,50,0,False,2,street,daytime,cloudy,2,"adult,senior",accelerating
video_0171,0,70,119,119,50,0,False,2,street,daytime,cloudy,2,"adult,senior",accelerating
video_0171,0,80,129,129,50,0,False,2,street,daytime,cloudy,2,"adult,senior",accelerating
video_0171,0,90,139,139,50,0,False,1,street,daytime,cloudy,2,"adult,senior",accelerating
video_0171,0,100,149,149,50,0,False,1,street,daytime,cloudy,2,"adult,senior",accelerating
video_0171,0,110,159,149,40,0,False,1,street,daytime,cloudy,2,"adult,senior",accelerating
video_0171,0,120,169,149,30,0,False,1,street,daytime,cloudy,2,"adult,senior",accelerating
video_0171,0,130,179,149,20,0,False,1,street,daytime,cloudy,2,"adult,senior",accelerating
video_0171,0,140,189,149,10,0,False,1,street,daytime,cloudy,2,"adult,senior",accelerating
video_0171,1,0,49,29,30,0,False,1,street,daytime,cloudy,2,"adult,senior",decelerating
video_0171,1,10,59,29,20,0,False,1,street,daytime,cloudy,2,"adult,senior",decelerating
video_0171,1,20,69,69,20,0,False,2,street,daytime,cloudy,2,"adult,senior",decelerating
video_0171,1,30,79,79,20,0,False,2,street,daytime,cloudy,2,"adult,senior",decelerating
video_0171,1,40,89,89,30,0,False,2,street,daytime,cloudy,2,"adult,senior",accelerating
video_0171,1,50,99,89,30,0,False,2,street,daytime,cloudy,2,"adult,senior",accelerating
video_0171,1,60,109,89,30,0,False,2,street,daytime,cloudy,2,"adult,senior",accelerating
video_0171,1,70,119,89,20,0,False,2,street,daytime,cloudy,2,"adult,senior",accelerating
video_0171,1,80,129,89,10,0,False,2,street,daytime,cloudy,2,"adult,senior",accelerating
video_0172,0,30,79,79,50,0,False,2,plaza,daytime,cloudy,1,adult,decelerating
video_0172,0,40,89,89,50,0,False,2,plaza,daytime,cloudy,1,adult,decelerating
video_0172,0,50,99,99,50,0,False,2,plaza,daytime,cloudy,1,adult,decelerating
video_0172,0,60,109,109,50,0,False,2,plaza,daytime,cloudy,1,adult,decelerating
video_0172,0,70,119,119,50,0,False,2,plaza,daytime,cloudy,1,adult,decelerating
video_0172,0,80,129,129,50,0,False,2,plaza,daytime,cloudy,1,adult,stopped
video_0172,0,90,139,139,50,0,False,2,plaza,daytime,cloudy,1,adult,stopped
video_0172,0,100,149,149,50,0,False,2,plaza,daytime,cloudy,1,adult,stopped
video_0172,0,110,159,159,50,0,False,2,plaza,daytime,cloudy,1,adult,stopped
video_0172,0,120,169,169,50,0,False,2,plaza,daytime,cloudy,1,adult,stopped
video_0172,0,130,179,179,50,0,False,2,plaza,daytime,cloudy,1,adult,stopped
video_0172,0,140,189,179,40,0,False,2,plaza,daytime,cloudy,1,adult,stopped
video_0172,0,150,199,179,30,0,False,2,plaza,daytime,cloudy,1,adult,stopped
video_0172,0,160,209,179,20,0,False,2,plaza,daytime,cloudy,1,adult,stopped
video_0172,0,170,219,179,10,0,False,2,plaza,daytime,cloudy,1,adult,stopped
video_0172,1,60,109,109,50,0,False,2,plaza,daytime,cloudy,1,adult,decelerating
video_0172,1,70,119,119,50,0,False,2,plaza,daytime,cloudy,1,adult,decelerating
video_0172,1,80,129,129,50,0,False,2,plaza,daytime,cloudy,1,adult,stopped
video_0172,1,90,139,139,50,0,False,2,plaza,daytime,cloudy,1,adult,stopped
video_0172,1,100,149,149,50,0,False,2,plaza,daytime,cloudy,1,adult,stopped
video_0172,1,110,159,159,50,0,False,2,plaza,daytime,cloudy,1,adult,stopped
video_0172,1,120,169,169,50,0,False,2,plaza,daytime,cloudy,1,adult,stopped
video_0172,1,130,179,179,50,0,False,2,plaza,daytime,cloudy,1,adult,stopped
video_0172,1,140,189,179,40,0,False,2,plaza,daytime,cloudy,1,adult,stopped
video_0172,1,150,199,179,30,0,False,2,plaza,daytime,cloudy,1,adult,stopped
video_0172,1,160,209,179,20,0,False,2,plaza,daytime,cloudy,1,adult,stopped
video_0172,1,170,219,179,10,0,False,2,plaza,daytime,cloudy,1,adult,stopped
video_0173,0,0,49,49,50,0,False,1,street,daytime,clear,2,adult,decelerating
video_0173,0,10,59,59,50,0,False,1,street,daytime,clear,2,adult,decelerating
video_0173,0,20,69,69,50,0,False,2,street,daytime,clear,2,adult,decelerating
video_0173,0,30,79,79,50,0,False,2,street,daytime,clear,2,adult,decelerating
video_0173,0,40,89,89,50,0,False,2,street,daytime,clear,2,adult,decelerating
video_0173,0,50,99,99,50,0,False,2,street,daytime,clear,2,adult,decelerating
video_0173,0,60,109,109,50,0,False,2,street,daytime,clear,2,adult,decelerating
video_0173,0,70,119,119,50,0,False,2,street,daytime,clear,2,adult,decelerating
video_0173,0,80,129,129,50,0,False,2,street,daytime,clear,2,adult,decelerating
video_0173,0,90,139,139,50,0,False,2,street,daytime,clear,2,adult,decelerating
video_0173,0,100,149,149,50,0,False,2,street,daytime,clear,2,adult,decelerating
video_0173,0,110,159,149,40,0,False,2,street,daytime,clear,2,adult,decelerating
video_0173,0,120,169,149,30,0,False,1,street,daytime,clear,2,adult,decelerating
video_0173,0,130,179,149,20,0,False,1,street,daytime,clear,2,adult,decelerating
video_0173,0,140,189,149,10,0,False,1,street,daytime,clear,2,adult,decelerating
video_0173,1,60,109,109,50,0,False,2,street,daytime,clear,2,adult,decelerating
video_0173,1,70,119,119,50,0,False,2,street,daytime,clear,2,adult,decelerating
video_0173,1,80,129,119,40,0,False,2,street,daytime,clear,2,adult,decelerating
video_0173,1,90,139,119,30,0,False,2,street,daytime,clear,2,adult,decelerating
video_0173,1,100,149,119,20,0,False,2,street,daytime,clear,2,adult,decelerating
video_0173,1,110,159,119,10,0,False,2,street,daytime,clear,2,adult,decelerating
video_0174,0,0,49,49,50,0,False,2,street,daytime,clear,3,adult,decelerating
video_0174,0,10,59,59,50,0,False,2,street,daytime,clear,3,adult,decelerating
video_0174,0,20,69,69,50,0,False,2,street,daytime,clear,3,adult,accelerating
video_0174,0,30,79,79,50,0,False,2,street,daytime,clear,3,adult,accelerating
video_0174,0,40,89,89,50,0,False,2,street,daytime,clear,3,adult,accelerating
video_0174,0,50,99,99,50,0,False,2,street,daytime,clear,3,adult,accelerating
video_0174,0,60,109,109,50,0,False,2,street,daytime,clear,3,adult,accelerating
video_0174,0,70,119,119,50,0,False,2,street,daytime,clear,3,adult,accelerating
video_0174,0,80,129,119,40,0,False,2,street,daytime,clear,3,adult,accelerating
video_0174,0,90,139,119,30,0,False,2,street,daytime,clear,3,adult,accelerating
video_0174,0,100,149,119,20,0,False,2,street,daytime,clear,3,adult,accelerating
video_0174,0,110,159,119,10,0,False,2,street,daytime,clear,3,adult,accelerating
video_0174,1,0,49,49,50,0,False,2,street,daytime,clear,3,adult,decelerating
video_0174,1,10,59,59,50,0,False,2,street,daytime,clear,3,adult,decelerating
video_0174,1,20,69,69,50,0,False,2,street,daytime,clear,3,adult,accelerating
video_0174,1,30,79,79,50,0,False,2,street,daytime,clear,3,adult,accelerating
video_0174,1,40,89,89,50,0,False,2,street,daytime,clear,3,adult,accelerating
video_0174,1,50,99,99,50,0,False,2,street,daytime,clear,3,adult,accelerating
video_0174,1,60,109,109,50,0,False,2,street,daytime,clear,3,adult,accelerating
video_0174,1,70,119,119,50,0,False,2,street,daytime,clear,3,adult,accelerating
video_0174,1,80,129,119,40,0,False,2,street,daytime,clear,3,adult,accelerating
video_0174,1,90,139,119,30,0,False,2,street,daytime,clear,3,adult,accelerating
video_0174,1,100,149,119,20,0,False,2,street,daytime,clear,3,adult,accelerating
video_0174,1,110,159,119,10,0,False,2,street,daytime,clear,3,adult,accelerating
video_0175,0,0,49,49,50,4,False,2,street,daytime,cloudy,2,"adult,child,senior",decelerating
video_0175,0,10,59,59,50,0,False,2,street,daytime,cloudy,2,"adult,child,senior",decelerating
video_0175,0,20,69,69,50,0,False,2,street,daytime,cloudy,2,"adult,child,senior",decelerating
video_0175,0,30,79,79,50,0,False,2,street,daytime,cloudy,2,"adult,child,senior",decelerating
video_0175,0,40,89,89,50,0,False,2,street,daytime,cloudy,2,"adult,child,senior",decelerating
video_0175,0,50,99,99,50,0,False,2,street,daytime,cloudy,2,"adult,child,senior",decelerating
video_0175,0,60,109,109,50,0,False,2,street,daytime,cloudy,2,"adult,child,senior",decelerating
video_0175,0,70,119,119,50,0,False,2,street,daytime,cloudy,2,"adult,child,senior",decelerating
video_0175,0,80,129,129,50,0,False,2,street,daytime,cloudy,2,"adult,child,senior",decelerating
video_0175,0,90,139,139,50,0,False,2,street,daytime,cloudy,2,"adult,child,senior",decelerating
video_0175,0,100,149,149,50,0,False,2,street,daytime,cloudy,2,"adult,child,senior",decelerating
video_0175,0,110,159,149,40,0,False,2,street,daytime,cloudy,2,"adult,child,senior",decelerating
video_0175,0,120,169,149,30,0,False,2,street,daytime,cloudy,2,"adult,child,senior",decelerating
video_0175,0,130,179,149,20,0,False,2,street,daytime,cloudy,2,"adult,child,senior",decelerating
video_0175,0,140,189,149,10,0,False,2,street,daytime,cloudy,2,"adult,child,senior",decelerating
video_0175,1,30,79,79,50,0,False,2,street,daytime,cloudy,2,"adult,child,senior",decelerating
video_0175,1,40,89,89,50,0,False,2,street,daytime,cloudy,2,"adult,child,senior",decelerating
video_0175,1,50,99,99,50,0,False,2,street,daytime,cloudy,2,"adult,child,senior",decelerating
video_0175,1,60,109,109,50,0,False,2,street,daytime,cloudy,2,"adult,child,senior",decelerating
video_0175,1,70,119,119,50,0,False,2,street,daytime,cloudy,2,"adult,child,senior",decelerating
video_0175,1,80,129,129,50,0,False,2,street,daytime,cloudy,2,"adult,child,senior",decelerating
video_0175,1,90,139,139,50,0,False,2,street,daytime,cloudy,2,"adult,child,senior",decelerating
video_0175,1,100,149,149,50,0,False,2,street,daytime,cloudy,2,"adult,child,senior",decelerating
video_0175,1,110,159,149,40,0,False,2,street,daytime,cloudy,2,"adult,child,senior",decelerating
video_0175,1,120,169,149,30,0,False,2,street,daytime,cloudy,2,"adult,child,senior",decelerating
video_0175,1,130,179,149,20,0,False,2,street,daytime,cloudy,2,"adult,child,senior",decelerating
video_0175,1,140,189,149,10,0,False,2,street,daytime,cloudy,2,"adult,child,senior",decelerating
video_0176,0,0,49,49,50,0,False,1,street,daytime,cloudy,2,adult,decelerating
video_0176,0,10,59,59,50,0,False,1,street,daytime,cloudy,2,adult,decelerating
video_0176,0,20,69,69,50,0,False,2,street,daytime,cloudy,2,adult,decelerating
video_0176,0,30,79,79,50,0,False,2,street,daytime,cloudy,2,adult,decelerating
video_0176,0,40,89,89,50,0,False,2,street,daytime,cloudy,2,adult,decelerating
video_0176,0,50,99,99,50,0,False,2,street,daytime,cloudy,2,adult,decelerating
video_0176,0,60,109,109,50,0,False,2,street,daytime,cloudy,2,adult,decelerating
video_0176,0,70,119,119,50,0,False,2,street,daytime,cloudy,2,adult,decelerating
video_0176,0,80,129,129,50,0,False,2,street,daytime,cloudy,2,adult,decelerating
video_0176,0,90,139,139,50,0,False,1,street,daytime,cloudy,2,adult,decelerating
video_0176,0,100,149,149,50,0,False,1,street,daytime,cloudy,2,adult,decelerating
video_0176,0,110,159,159,50,0,False,2,street,daytime,cloudy,2,adult,decelerating
video_0176,0,120,169,169,50,0,False,2,street,daytime,cloudy,2,adult,stopped
video_0176,0,130,179,179,50,0,False,2,street,daytime,cloudy,2,adult,stopped
video_0176,0,140,189,189,50,0,False,2,street,daytime,cloudy,2,adult,stopped
video_0176,0,150,199,199,50,0,False,2,street,daytime,cloudy,2,adult,stopped
video_0176,0,160,209,209,50,0,False,2,street,daytime,cloudy,2,adult,stopped
video_0176,0,170,219,219,50,0,False,2,street,daytime,cloudy,2,adult,stopped
video_0176,0,180,229,229,50,0,False,2,street,daytime,cloudy,2,adult,stopped
video_0176,0,190,239,239,50,0,False,2,street,daytime,cloudy,2,adult,stopped
video_0176,0,200,249,249,50,0,False,2,street,daytime,cloudy,2,adult,stopped
video_0176,0,210,259,259,50,0,False,1,street,daytime,cloudy,2,adult,stopped
video_0176,0,220,269,269,50,0,False,1,street,daytime,cloudy,2,adult,stopped
video_0176,0,230,279,279,50,0,False,1,street,daytime,cloudy,2,adult,stopped
video_0176,0,240,289,289,50,0,False,1,street,daytime,cloudy,2,adult,stopped
video_0176,0,250,299,299,50,0,False,1,street,daytime,cloudy,2,adult,stopped
video_0176,0,260,309,299,40,0,False,1,street,daytime,cloudy,2,adult,stopped
video_0176,0,270,319,299,30,0,False,1,street,daytime,cloudy,2,adult,stopped
video_0176,0,280,329,299,20,0,False,1,street,daytime,cloudy,2,adult,stopped
video_0176,0,290,339,299,10,0,False,1,street,daytime,cloudy,2,adult,stopped
video_0176,1,0,49,49,50,0,False,1,street,daytime,cloudy,2,adult,decelerating
video_0176,1,10,59,59,50,0,False,1,street,daytime,cloudy,2,adult,decelerating
video_0176,1,20,69,69,50,0,False,2,street,daytime,cloudy,2,adult,decelerating
video_0176,1,30,79,79,50,0,False,2,street,daytime,cloudy,2,adult,decelerating
video_0176,1,40,89,89,50,0,False,2,street,daytime,cloudy,2,adult,decelerating
video_0176,1,50,99,99,50,0,False,2,street,daytime,cloudy,2,adult,decelerating
video_0176,1,60,109,109,50,0,False,2,street,daytime,cloudy,2,adult,decelerating
video_0176,1,70,119,119,50,0,False,2,street,daytime,cloudy,2,adult,decelerating
video_0176,1,80,129,129,50,0,False,2,street,daytime,cloudy,2,adult,decelerating
video_0176,1,90,139,139,50,0,False,1,street,daytime,cloudy,2,adult,decelerating
video_0176,1,100,149,149,50,0,False,1,street,daytime,cloudy,2,adult,decelerating
video_0176,1,110,159,159,50,0,False,2,street,daytime,cloudy,2,adult,decelerating
video_0176,1,120,169,169,50,0,False,2,street,daytime,cloudy,2,adult,stopped
video_0176,1,130,179,179,50,0,False,2,street,daytime,cloudy,2,adult,stopped
video_0176,1,140,189,189,50,0,False,2,street,daytime,cloudy,2,adult,stopped
video_0176,1,150,199,199,50,0,False,2,street,daytime,cloudy,2,adult,stopped
video_0176,1,160,209,209,50,0,False,2,street,daytime,cloudy,2,adult,stopped
video_0176,1,170,219,219,50,0,False,2,street,daytime,cloudy,2,adult,stopped
video_0176,1,180,229,229,50,0,False,2,street,daytime,cloudy,2,adult,stopped
video_0176,1,190,239,239,50,0,False,2,street,daytime,cloudy,2,adult,stopped
video_0176,1,200,249,249,50,0,False,2,street,daytime,cloudy,2,adult,stopped
video_0176,1,210,259,259,50,0,False,1,street,daytime,cloudy,2,adult,stopped
video_0176,1,220,269,269,50,0,False,1,street,daytime,cloudy,2,adult,stopped
video_0176,1,230,279,279,50,0,False,1,street,daytime,cloudy,2,adult,stopped
video_0176,1,240,289,289,50,0,False,1,street,daytime,cloudy,2,adult,stopped
video_0176,1,250,299,299,50,0,False,1,street,daytime,cloudy,2,adult,stopped
video_0176,1,260,309,299,40,0,False,1,street,daytime,cloudy,2,adult,stopped
video_0176,1,270,319,299,30,0,False,1,street,daytime,cloudy,2,adult,stopped
video_0176,1,280,329,299,20,0,False,1,street,daytime,cloudy,2,adult,stopped
video_0176,1,290,339,299,10,0,False,1,street,daytime,cloudy,2,adult,stopped
video_0177,0,0,49,49,50,0,False,2,street,daytime,cloudy,3,"adult,senior",decelerating
video_0177,0,10,59,59,50,0,False,2,street,daytime,cloudy,3,"adult,senior",decelerating
video_0177,0,20,69,69,50,0,False,2,street,daytime,cloudy,3,"adult,senior",decelerating
video_0177,0,30,79,79,50,0,False,1,street,daytime,cloudy,3,"adult,senior",decelerating
video_0177,0,40,89,89,50,0,False,1,street,daytime,cloudy,3,"adult,senior",decelerating
video_0177,0,50,99,99,50,0,False,2,street,daytime,cloudy,3,"adult,senior",decelerating
video_0177,0,60,109,109,50,0,False,2,street,daytime,cloudy,3,"adult,senior",accelerating
video_0177,0,70,119,119,50,0,False,2,street,daytime,cloudy,3,"adult,senior",accelerating
video_0177,0,80,129,129,50,0,False,2,street,daytime,cloudy,3,"adult,senior",decelerating
video_0177,0,90,139,139,50,0,False,2,street,daytime,cloudy,3,"adult,senior",decelerating
video_0177,0,100,149,149,50,0,False,2,street,daytime,cloudy,3,"adult,senior",decelerating
video_0177,0,110,159,159,50,0,False,2,street,daytime,cloudy,3,"adult,senior",decelerating
video_0177,0,120,169,169,50,0,False,2,street,daytime,cloudy,3,"adult,senior",stopped
video_0177,0,130,179,179,50,0,False,2,street,daytime,cloudy,3,"adult,senior",stopped
video_0177,0,140,189,189,50,0,False,2,street,daytime,cloudy,3,"adult,senior",stopped
video_0177,0,150,199,199,50,0,False,2,street,daytime,cloudy,3,"adult,senior",accelerating
video_0177,0,160,209,209,50,0,False,2,street,daytime,cloudy,3,"adult,senior",accelerating
video_0177,0,170,219,219,50,0,False,2,street,daytime,cloudy,3,"adult,senior",accelerating
video_0177,0,180,229,229,50,0,False,2,street,daytime,cloudy,3,"adult,senior",accelerating
video_0177,0,190,239,239,50,0,False,2,street,daytime,cloudy,3,"adult,senior",accelerating
video_0177,0,200,249,249,50,0,False,2,street,daytime,cloudy,3,"adult,senior",accelerating
video_0177,0,210,259,259,50,0,False,2,street,daytime,cloudy,3,"adult,senior",accelerating
video_0177,0,220,269,269,50,0,False,2,street,daytime,cloudy,3,"adult,senior",accelerating
video_0177,0,230,279,279,50,0,False,2,street,daytime,cloudy,3,"adult,senior",accelerating
video_0177,0,240,289,289,50,0,False,2,street,daytime,cloudy,3,"adult,senior",accelerating
video_0177,0,250,299,299,50,0,False,2,street,daytime,cloudy,3,"adult,senior",accelerating
video_0177,0,260,309,299,40,0,False,2,street,daytime,cloudy,3,"adult,senior",accelerating
video_0177,0,270,319,299,30,0,False,2,street,daytime,cloudy,3,"adult,senior",accelerating
video_0177,0,280,329,299,20,0,False,2,street,daytime,cloudy,3,"adult,senior",accelerating
video_0177,0,290,339,299,10,0,False,2,street,daytime,cloudy,3,"adult,senior",accelerating
video_0177,1,0,49,49,50,0,False,2,street,daytime,cloudy,3,"adult,senior",decelerating
video_0177,1,10,59,59,50,0,False,2,street,daytime,cloudy,3,"adult,senior",decelerating
video_0177,1,20,69,69,50,0,False,2,street,daytime,cloudy,3,"adult,senior",decelerating
video_0177,1,30,79,79,50,0,False,1,street,daytime,cloudy,3,"adult,senior",decelerating
video_0177,1,40,89,89,50,0,False,1,street,daytime,cloudy,3,"adult,senior",decelerating
video_0177,1,50,99,99,50,0,False,2,street,daytime,cloudy,3,"adult,senior",decelerating
video_0177,1,60,109,109,50,0,False,2,street,daytime,cloudy,3,"adult,senior",accelerating
video_0177,1,70,119,119,50,0,False,2,street,daytime,cloudy,3,"adult,senior",accelerating
video_0177,1,80,129,129,50,0,False,2,street,daytime,cloudy,3,"adult,senior",decelerating
video_0177,1,90,139,139,50,0,False,2,street,daytime,cloudy,3,"adult,senior",decelerating
video_0177,1,100,149,149,50,0,False,2,street,daytime,cloudy,3,"adult,senior",decelerating
video_0177,1,110,159,159,50,0,False,2,street,daytime,cloudy,3,"adult,senior",decelerating
video_0177,1,120,169,169,50,0,False,2,street,daytime,cloudy,3,"adult,senior",stopped
video_0177,1,130,179,179,50,0,False,2,street,daytime,cloudy,3,"adult,senior",stopped
video_0177,1,140,189,189,50,0,False,2,street,daytime,cloudy,3,"adult,senior",stopped
video_0177,1,150,199,199,50,0,False,2,street,daytime,cloudy,3,"adult,senior",accelerating
video_0177,1,160,209,209,50,0,False,2,street,daytime,cloudy,3,"adult,senior",accelerating
video_0177,1,170,219,219,50,0,False,2,street,daytime,cloudy,3,"adult,senior",accelerating
video_0177,1,180,229,229,50,0,False,2,street,daytime,cloudy,3,"adult,senior",accelerating
video_0177,1,190,239,239,50,0,False,2,street,daytime,cloudy,3,"adult,senior",accelerating
video_0177,1,200,249,249,50,0,False,2,street,daytime,cloudy,3,"adult,senior",accelerating
video_0177,1,210,259,259,50,0,False,2,street,daytime,cloudy,3,"adult,senior",accelerating
video_0177,1,220,269,269,50,0,False,2,street,daytime,cloudy,3,"adult,senior",accelerating
video_0177,1,230,279,279,50,0,False,2,street,daytime,cloudy,3,"adult,senior",accelerating
video_0177,1,240,289,289,50,0,False,2,street,daytime,cloudy,3,"adult,senior",accelerating
video_0177,1,250,299,299,50,0,False,2,street,daytime,cloudy,3,"adult,senior",accelerating
video_0177,1,260,309,299,40,0,False,2,street,daytime,cloudy,3,"adult,senior",accelerating
video_0177,1,270,319,299,30,0,False,2,street,daytime,cloudy,3,"adult,senior",accelerating
video_0177,1,280,329,299,20,0,False,2,street,daytime,cloudy,3,"adult,senior",accelerating
video_0177,1,290,339,299,10,0,False,2,street,daytime,cloudy,3,"adult,senior",accelerating
video_0178,0,0,49,49,50,0,False,2,street,daytime,rain,4,"adult,young",accelerating
video_0178,0,10,59,59,50,0,False,2,street,daytime,rain,4,"adult,young",decelerating
video_0178,0,20,69,69,50,0,False,2,street,daytime,rain,4,"adult,young",decelerating
video_0178,0,30,79,79,50,0,False,2,street,daytime,rain,4,"adult,young",accelerating
video_0178,0,40,89,89,50,0,False,2,street,daytime,rain,4,"adult,young",accelerating
video_0178,0,50,99,99,50,0,False,2,street,daytime,rain,4,"adult,young",accelerating
video_0178,0,60,109,109,50,0,False,2,street,daytime,rain,4,"adult,young",decelerating
video_0178,0,70,119,119,50,0,False,2,street,daytime,rain,4,"adult,young",decelerating
video_0178,0,80,129,129,50,0,False,2,street,daytime,rain,4,"adult,young",decelerating
video_0178,0,90,139,139,50,0,False,2,street,daytime,rain,4,"adult,young",accelerating
video_0178,0,100,149,149,50,0,False,2,street,daytime,rain,4,"adult,young",accelerating
video_0178,0,110,159,159,50,0,False,2,street,daytime,rain,4,"adult,young",accelerating
video_0178,0,120,169,169,50,0,False,2,street,daytime,rain,4,"adult,young",decelerating
video_0178,0,130,179,179,50,0,False,2,street,daytime,rain,4,"adult,young",stopped
video_0178,0,140,189,189,50,0,False,2,street,daytime,rain,4,"adult,young",stopped
video_0178,0,150,199,199,50,0,False,2,street,daytime,rain,4,"adult,young",stopped
video_0178,0,160,209,209,50,0,False,2,street,daytime,rain,4,"adult,young",stopped
video_0178,0,170,219,219,50,0,False,2,street,daytime,rain,4,"adult,young",stopped
video_0178,0,180,229,229,50,0,False,1,street,daytime,rain,4,"adult,young",accelerating
video_0178,0,190,239,239,50,0,False,1,street,daytime,rain,4,"adult,young",accelerating
video_0178,0,200,249,239,40,0,False,1,street,daytime,rain,4,"adult,young",accelerating
video_0178,0,210,259,239,30,0,False,1,street,daytime,rain,4,"adult,young",accelerating
video_0178,0,220,269,239,20,0,False,1,street,daytime,rain,4,"adult,young",accelerating
video_0178,0,230,279,239,10,0,False,1,street,daytime,rain,4,"adult,young",accelerating
video_0178,1,0,49,49,50,0,False,2,street,daytime,rain,4,"adult,young",accelerating
video_0178,1,10,59,59,50,0,False,2,street,daytime,rain,4,"adult,young",decelerating
video_0178,1,20,69,69,50,0,False,2,street,daytime,rain,4,"adult,young",decelerating
video_0178,1,30,79,79,50,0,False,2,street,daytime,rain,4,"adult,young",accelerating
video_0178,1,40,89,89,50,0,False,2,street,daytime,rain,4,"adult,young",accelerating
video_0178,1,50,99,99,50,0,False,2,street,daytime,rain,4,"adult,young",accelerating
video_0178,1,60,109,109,50,0,False,2,street,daytime,rain,4,"adult,young",decelerating
video_0178,1,70,119,119,50,0,False,2,street,daytime,rain,4,"adult,young",decelerating
video_0178,1,80,129,129,50,0,False,2,street,daytime,rain,4,"adult,young",decelerating
video_0178,1,90,139,139,50,0,False,2,street,daytime,rain,4,"adult,young",accelerating
video_0178,1,100,149,149,50,0,False,2,street,daytime,rain,4,"adult,young",accelerating
video_0178,1,110,159,159,50,0,False,2,street,daytime,rain,4,"adult,young",accelerating
video_0178,1,120,169,169,50,0,False,2,street,daytime,rain,4,"adult,young",decelerating
video_0178,1,130,179,179,50,0,False,2,street,daytime,rain,4,"adult,young",stopped
video_0178,1,140,189,179,40,0,False,2,street,daytime,rain,4,"adult,young",stopped
video_0178,1,150,199,179,30,0,False,2,street,daytime,rain,4,"adult,young",stopped
video_0178,1,160,209,179,20,0,False,2,street,daytime,rain,4,"adult,young",stopped
video_0178,1,170,219,219,20,0,False,2,street,daytime,rain,4,"adult,young",stopped
video_0178,1,180,229,229,20,0,False,1,street,daytime,rain,4,"adult,young",accelerating
video_0178,1,190,239,239,30,0,False,1,street,daytime,rain,4,"adult,young",accelerating
video_0178,1,200,249,239,30,0,False,1,street,daytime,rain,4,"adult,young",accelerating
video_0178,1,210,259,239,30,0,False,1,street,daytime,rain,4,"adult,young",accelerating
video_0178,1,220,269,239,20,0,False,1,street,daytime,rain,4,"adult,young",accelerating
video_0178,1,230,279,239,10,0,False,1,street,daytime,rain,4,"adult,young",accelerating
video_0179,0,0,49,49,50,0,False,1,street,daytime,rain,3,"adult,senior",decelerating
video_0179,0,10,59,59,50,0,False,1,street,daytime,rain,3,"adult,senior",decelerating
video_0179,0,20,69,69,50,0,False,2,street,daytime,rain,3,"adult,senior",decelerating
video_0179,0,30,79,79,50,0,False,2,street,daytime,rain,3,"adult,senior",decelerating
video_0179,0,40,89,89,50,0,False,2,street,daytime,rain,3,"adult,senior",decelerating
video_0179,0,50,99,99,50,0,False,2,street,daytime,rain,3,"adult,senior",decelerating
video_0179,0,60,109,109,50,0,False,2,street,daytime,rain,3,"adult,senior",decelerating
video_0179,0,70,119,119,50,0,False,2,street,daytime,rain,3,"adult,senior",decelerating
video_0179,0,80,129,129,50,0,False,2,street,daytime,rain,3,"adult,senior",decelerating
video_0179,0,90,139,139,50,0,False,2,street,daytime,rain,3,"adult,senior",decelerating
video_0179,0,100,149,149,50,0,False,2,street,daytime,rain,3,"adult,senior",accelerating
video_0179,0,110,159,159,50,0,False,2,street,daytime,rain,3,"adult,senior",accelerating
video_0179,0,120,169,169,50,0,False,2,street,daytime,rain,3,"adult,senior",accelerating
video_0179,0,130,179,179,50,0,False,2,street,daytime,rain,3,"adult,senior",accelerating
video_0179,0,140,189,189,50,0,False,2,street,daytime,rain,3,"adult,senior",accelerating
video_0179,0,150,199,199,50,0,False,2,street,daytime,rain,3,"adult,senior",accelerating
video_0179,0,160,209,209,50,0,False,2,street,daytime,rain,3,"adult,senior",decelerating
video_0179,0,170,219,219,50,0,False,2,street,daytime,rain,3,"adult,senior",decelerating
video_0179,0,180,229,229,50,0,False,2,street,daytime,rain,3,"adult,senior",accelerating
video_0179,0,190,239,239,50,0,False,2,street,daytime,rain,3,"adult,senior",accelerating
video_0179,0,200,249,249,50,0,False,2,street,daytime,rain,3,"adult,senior",decelerating
video_0179,0,210,259,259,50,0,False,2,street,daytime,rain,3,"adult,senior",decelerating
video_0179,0,220,269,269,50,0,False,2,street,daytime,rain,3,"adult,senior",decelerating
video_0179,0,230,279,279,50,0,False,2,street,daytime,rain,3,"adult,senior",decelerating
video_0179,0,240,289,289,50,0,False,2,street,daytime,rain,3,"adult,senior",decelerating
video_0179,0,250,299,299,50,0,False,2,street,daytime,rain,3,"adult,senior",accelerating
video_0179,0,260,309,309,50,0,False,2,street,daytime,rain,3,"adult,senior",accelerating
video_0179,0,270,319,319,50,0,False,1,street,daytime,rain,3,"adult,senior",accelerating
video_0179,0,280,329,329,50,0,False,1,street,daytime,rain,3,"adult,senior",accelerating
video_0179,0,290,339,329,40,0,False,1,street,daytime,rain,3,"adult,senior",accelerating
video_0179,0,300,349,329,30,0,False,1,street,daytime,rain,3,"adult,senior",accelerating
video_0179,0,310,359,329,20,0,False,1,street,daytime,rain,3,"adult,senior",accelerating
video_0179,0,320,369,329,10,0,False,1,street,daytime,rain,3,"adult,senior",accelerating
video_0179,1,30,79,79,50,0,False,2,street,daytime,rain,3,"adult,senior",decelerating
video_0179,1,40,89,89,50,0,False,2,street,daytime,rain,3,"adult,senior",decelerating
video_0179,1,50,99,99,50,0,False,2,street,daytime,rain,3,"adult,senior",decelerating
video_0179,1,60,109,109,50,0,False,2,street,daytime,rain,3,"adult,senior",decelerating
video_0179,1,70,119,119,50,0,False,2,street,daytime,rain,3,"adult,senior",decelerating
video_0179,1,80,129,129,50,0,False,2,street,daytime,rain,3,"adult,senior",decelerating
video_0179,1,90,139,139,50,0,False,2,street,daytime,rain,3,"adult,senior",decelerating
video_0179,1,100,149,149,50,0,False,2,street,daytime,rain,3,"adult,senior",accelerating
video_0179,1,110,159,149,40,0,False,2,street,daytime,rain,3,"adult,senior",accelerating
video_0179,1,120,169,149,30,0,False,2,street,daytime,rain,3,"adult,senior",accelerating
video_0179,1,130,179,149,20,0,False,2,street,daytime,rain,3,"adult,senior",accelerating
video_0179,1,140,189,189,20,0,False,2,street,daytime,rain,3,"adult,senior",accelerating
video_0179,1,150,199,199,20,0,False,2,street,daytime,rain,3,"adult,senior",accelerating
video_0179,1,160,209,209,30,0,False,2,street,daytime,rain,3,"adult,senior",decelerating
video_0179,1,170,219,209,30,0,False,2,street,daytime,rain,3,"adult,senior",decelerating
video_0179,1,180,229,209,30,0,False,2,street,daytime,rain,3,"adult,senior",decelerating
video_0179,1,190,239,209,20,0,False,2,street,daytime,rain,3,"adult,senior",decelerating
video_0179,1,200,249,249,20,0,False,2,street,daytime,rain,3,"adult,senior",decelerating
video_0179,1,210,259,259,20,0,False,2,street,daytime,rain,3,"adult,senior",decelerating
video_0179,1,220,269,269,30,0,False,2,street,daytime,rain,3,"adult,senior",decelerating
video_0179,1,230,279,269,30,0,False,2,street,daytime,rain,3,"adult,senior",decelerating
video_0179,1,240,289,269,30,0,False,2,street,daytime,rain,3,"adult,senior",decelerating
video_0179,1,250,299,269,20,0,False,2,street,daytime,rain,3,"adult,senior",decelerating
video_0179,1,260,309,269,10,0,False,2,street,daytime,rain,3,"adult,senior",decelerating
video_0180,0,30,79,79,50,50,True,1,street,daytime,clear,2,senior,decelerating
video_0180,0,40,89,89,50,50,True,1,street,daytime,clear,2,senior,decelerating
video_0180,0,50,99,99,50,50,True,2,street,daytime,clear,2,senior,decelerating
video_0180,0,60,109,109,50,50,True,2,street,daytime,clear,2,senior,decelerating
video_0180,0,70,119,119,50,50,True,2,street,daytime,clear,2,senior,decelerating
video_0180,0,80,129,129,50,40,True,2,street,daytime,clear,2,senior,decelerating
video_0180,0,90,139,139,50,30,True,2,street,daytime,clear,2,senior,decelerating
video_0180,0,100,149,149,50,20,False,2,street,daytime,clear,2,senior,decelerating
video_0180,0,110,159,149,40,10,False,2,street,daytime,clear,2,senior,decelerating
video_0180,0,120,169,149,30,0,False,1,street,daytime,clear,2,senior,decelerating
video_0180,0,130,179,149,20,0,False,1,street,daytime,clear,2,senior,decelerating
video_0180,0,140,189,149,10,0,False,1,street,daytime,clear,2,senior,decelerating
video_0180,1,90,139,139,50,50,True,2,street,daytime,clear,2,senior,decelerating
video_0180,1,100,149,149,50,50,True,2,street,daytime,clear,2,senior,decelerating
video_0180,1,110,159,149,40,40,True,2,street,daytime,clear,2,senior,decelerating
video_0180,1,120,169,149,30,30,True,1,street,daytime,clear,2,senior,decelerating
video_0180,1,130,179,149,20,20,False,1,street,daytime,clear,2,senior,decelerating
video_0180,1,140,189,149,10,10,False,1,street,daytime,clear,2,senior,decelerating
video_0181,0,0,49,49,50,12,False,2,street,daytime,cloudy,1,adult,accelerating
video_0181,0,10,59,59,50,12,False,2,street,daytime,cloudy,1,adult,accelerating
video_0181,0,20,69,69,50,12,False,2,street,daytime,cloudy,1,adult,accelerating
video_0181,0,30,79,79,50,12,False,2,street,daytime,cloudy,1,adult,accelerating
video_0181,0,40,89,89,50,5,False,2,street,daytime,cloudy,1,adult,accelerating
video_0181,0,50,99,89,40,0,False,2,street,daytime,cloudy,1,adult,accelerating
video_0181,0,60,109,89,30,0,False,0,street,daytime,cloudy,1,adult,accelerating
video_0181,0,70,119,89,20,0,False,0,street,daytime,cloudy,1,adult,accelerating
video_0181,0,80,129,89,10,0,False,0,street,daytime,cloudy,1,adult,accelerating
video_0181,1,0,49,49,50,12,False,2,street,daytime,cloudy,1,adult,accelerating
video_0181,1,10,59,59,50,12,False,2,street,daytime,cloudy,1,adult,accelerating
video_0181,1,20,69,69,50,12,False,2,street,daytime,cloudy,1,adult,accelerating
video_0181,1,30,79,79,50,12,False,2,street,daytime,cloudy,1,adult,accelerating
video_0181,1,40,89,89,50,5,False,2,street,daytime,cloudy,1,adult,accelerating
video_0181,1,50,99,89,40,0,False,2,street,daytime,cloudy,1,adult,accelerating
video_0181,1,60,109,89,30,0,False,0,street,daytime,cloudy,1,adult,accelerating
video_0181,1,70,119,89,20,0,False,0,street,daytime,cloudy,1,adult,accelerating
video_0181,1,80,129,89,10,0,False,0,street,daytime,cloudy,1,adult,accelerating
video_0183,0,60,109,109,50,0,False,2,street,daytime,cloudy,2,"adult,senior",decelerating
video_0183,0,70,119,119,50,3,False,2,street,daytime,cloudy,2,"adult,senior",decelerating
video_0183,0,80,129,129,50,6,False,2,street,daytime,cloudy,2,"adult,senior",decelerating
video_0183,0,90,139,139,50,12,False,2,street,daytime,cloudy,2,"adult,senior",decelerating
video_0183,0,100,149,149,50,16,False,2,street,daytime,cloudy,2,"adult,senior",decelerating
video_0183,0,110,159,159,50,16,False,2,street,daytime,cloudy,2,"adult,senior",decelerating
video_0183,0,120,169,169,50,13,False,2,street,daytime,cloudy,2,"adult,senior",accelerating
video_0183,0,130,179,179,50,14,False,2,street,daytime,cloudy,2,"adult,senior",accelerating
video_0183,0,140,189,189,50,8,False,2,street,daytime,cloudy,2,"adult,senior",accelerating
video_0183,0,150,199,199,50,4,False,2,street,daytime,cloudy,2,"adult,senior",accelerating
video_0183,0,160,209,209,50,4,False,2,street,daytime,cloudy,2,"adult,senior",accelerating
video_0183,0,170,219,219,50,6,False,2,street,daytime,cloudy,2,"adult,senior",accelerating
video_0183,0,180,229,229,50,2,False,1,street,daytime,cloudy,2,"adult,senior",accelerating
video_0183,0,190,239,239,50,2,False,1,street,daytime,cloudy,2,"adult,senior",accelerating
video_0183,0,200,249,249,50,2,False,2,street,daytime,cloudy,2,"adult,senior",accelerating
video_0183,0,210,259,259,50,2,False,2,street,daytime,cloudy,2,"adult,senior",accelerating
video_0183,0,220,269,269,50,0,False,2,street,daytime,cloudy,2,"adult,senior",accelerating
video_0183,0,230,279,269,40,0,False,2,street,daytime,cloudy,2,"adult,senior",accelerating
video_0183,0,240,289,269,30,0,False,2,street,daytime,cloudy,2,"adult,senior",accelerating
video_0183,0,250,299,269,20,0,False,2,street,daytime,cloudy,2,"adult,senior",accelerating
video_0183,0,260,309,269,10,0,False,2,street,daytime,cloudy,2,"adult,senior",accelerating
video_0183,1,90,139,119,30,3,False,2,street,daytime,cloudy,2,"adult,senior",decelerating
video_0183,1,100,149,119,20,3,False,2,street,daytime,cloudy,2,"adult,senior",decelerating
video_0183,1,110,159,159,20,3,False,2,street,daytime,cloudy,2,"adult,senior",decelerating
video_0183,1,120,169,169,20,0,False,2,street,daytime,cloudy,2,"adult,senior",accelerating
video_0183,1,130,179,179,30,4,False,2,street,daytime,cloudy,2,"adult,senior",accelerating
video_0183,1,140,189,179,30,4,False,2,street,daytime,cloudy,2,"adult,senior",accelerating
video_0183,1,150,199,179,30,4,False,2,street,daytime,cloudy,2,"adult,senior",accelerating
video_0183,1,160,209,179,20,4,False,2,street,daytime,cloudy,2,"adult,senior",accelerating
video_0183,1,170,219,179,10,4,False,2,street,daytime,cloudy,2,"adult,senior",accelerating
video_0183,1,200,249,249,10,0,False,2,street,daytime,cloudy,2,"adult,senior",accelerating
video_0183,1,210,259,259,20,0,False,2,street,daytime,cloudy,2,"adult,senior",accelerating
video_0183,1,220,269,269,30,0,False,2,street,daytime,cloudy,2,"adult,senior",accelerating
video_0183,1,230,279,269,30,0,False,2,street,daytime,cloudy,2,"adult,senior",accelerating
video_0183,1,240,289,269,30,0,False,2,street,daytime,cloudy,2,"adult,senior",accelerating
video_0183,1,250,299,269,20,0,False,2,street,daytime,cloudy,2,"adult,senior",accelerating
video_0183,1,260,309,269,10,0,False,2,street,daytime,cloudy,2,"adult,senior",accelerating
video_0184,0,0,49,49,50,50,True,2,street,daytime,clear,2,adult,accelerating
video_0184,0,10,59,59,50,50,True,2,street,daytime,clear,2,adult,decelerating
video_0184,0,20,69,69,50,50,True,2,street,daytime,clear,2,adult,decelerating
video_0184,0,30,79,79,50,50,True,2,street,daytime,clear,2,adult,decelerating
video_0184,0,40,89,89,50,47,True,2,street,daytime,clear,2,adult,decelerating
video_0184,0,50,99,99,50,47,True,2,street,daytime,clear,2,adult,decelerating
video_0184,0,60,109,109,50,47,True,1,street,daytime,clear,2,adult,decelerating
video_0184,0,70,119,119,50,47,True,1,street,daytime,clear,2,adult,accelerating
video_0184,0,80,129,119,40,37,True,1,street,daytime,clear,2,adult,accelerating
video_0184,0,90,139,119,30,30,True,1,street,daytime,clear,2,adult,accelerating
video_0184,0,100,149,119,20,20,False,1,street,daytime,clear,2,adult,accelerating
video_0184,0,110,159,159,20,20,False,1,street,daytime,clear,2,adult,decelerating
video_0184,0,120,169,169,20,20,False,1,street,daytime,clear,2,adult,decelerating
video_0184,0,130,179,179,30,28,True,1,street,daytime,clear,2,adult,decelerating
video_0184,0,140,189,189,40,33,True,1,street,daytime,clear,2,adult,decelerating
video_0184,0,150,199,199,50,43,True,1,street,daytime,clear,2,adult,accelerating
video_0184,0,160,209,209,50,43,True,1,street,daytime,clear,2,adult,accelerating
video_0184,0,170,219,219,50,38,True,2,street,daytime,clear,2,adult,accelerating
video_0184,0,180,229,229,50,32,True,2,street,daytime,clear,2,adult,decelerating
video_0184,0,190,239,239,50,33,True,2,street,daytime,clear,2,adult,decelerating
video_0184,0,200,249,249,50,23,False,2,street,daytime,clear,2,adult,decelerating
video_0184,0,210,259,259,50,13,False,2,street,daytime,clear,2,adult,accelerating
video_0184,0,220,269,269,50,8,False,2,street,daytime,clear,2,adult,accelerating
video_0184,0,230,279,269,40,6,False,2,street,daytime,clear,2,adult,accelerating
video_0184,0,240,289,269,30,0,False,0,street,daytime,clear,2,adult,accelerating
video_0184,0,250,299,269,20,0,False,0,street,daytime,clear,2,adult,accelerating
video_0184,0,260,309,269,10,0,False,0,street,daytime,clear,2,adult,accelerating
video_0184,1,30,79,59,30,30,True,2,street,daytime,clear,2,adult,decelerating
video_0184,1,40,89,59,20,20,False,2,street,daytime,clear,2,adult,decelerating
video_0184,1,50,99,59,10,10,False,2,street,daytime,clear,2,adult,decelerating
video_0184,1,140,189,189,10,0,False,1,street,daytime,clear,2,adult,decelerating
video_0184,1,150,199,199,20,0,False,1,street,daytime,clear,2,adult,accelerating
video_0184,1,160,209,209,30,0,False,1,street,daytime,clear,2,adult,accelerating
video_0184,1,170,219,219,40,5,False,2,street,daytime,clear,2,adult,accelerating
video_0184,1,180,229,229,50,7,False,2,street,daytime,clear,2,adult,decelerating
video_0184,1,190,239,239,50,13,False,2,street,daytime,clear,2,adult,decelerating
video_0184,1,200,249,239,40,13,False,2,street,daytime,clear,2,adult,decelerating
video_0184,1,210,259,239,30,13,False,2,street,daytime,clear,2,adult,decelerating
video_0184,1,220,269,239,20,8,False,2,street,daytime,clear,2,adult,decelerating
video_0184,1,230,279,239,10,6,False,2,street,daytime,clear,2,adult,decelerating
video_0185,0,0,49,49,50,6,False,2,street,daytime,cloudy,2,adult,decelerating
video_0185,0,10,59,59,50,0,False,2,street,daytime,cloudy,2,adult,decelerating
video_0185,0,20,69,69,50,0,False,2,street,daytime,cloudy,2,adult,decelerating
video_0185,0,30,79,79,50,0,False,2,street,daytime,cloudy,2,adult,decelerating
video_0185,0,40,89,89,50,0,False,2,street,daytime,cloudy,2,adult,decelerating
video_0185,0,50,99,99,50,0,False,2,street,daytime,cloudy,2,adult,decelerating
video_0185,0,60,109,109,50,0,False,2,street,daytime,cloudy,2,adult,accelerating
video_0185,0,70,119,119,50,0,False,2,street,daytime,cloudy,2,adult,accelerating
video_0185,0,80,129,129,50,0,False,2,street,daytime,cloudy,2,adult,accelerating
video_0185,0,90,139,139,50,0,False,2,street,daytime,cloudy,2,adult,accelerating
video_0185,0,100,149,149,50,0,False,2,street,daytime,cloudy,2,adult,accelerating
video_0185,0,110,159,149,40,0,False,2,street,daytime,cloudy,2,adult,accelerating
video_0185,0,120,169,149,30,0,False,2,street,daytime,cloudy,2,adult,accelerating
video_0185,0,130,179,149,20,0,False,2,street,daytime,cloudy,2,adult,accelerating
video_0185,0,140,189,149,10,0,False,2,street,daytime,cloudy,2,adult,accelerating
video_0185,1,0,49,49,50,6,False,2,street,daytime,cloudy,2,adult,decelerating
video_0185,1,10,59,59,50,0,False,2,street,daytime,cloudy,2,adult,decelerating
video_0185,1,20,69,59,40,0,False,2,street,daytime,cloudy,2,adult,decelerating
video_0185,1,30,79,59,30,0,False,2,street,daytime,cloudy,2,adult,decelerating
video_0185,1,40,89,59,20,0,False,2,street,daytime,cloudy,2,adult,decelerating
video_0185,1,50,99,99,20,0,False,2,street,daytime,cloudy,2,adult,decelerating
video_0185,1,60,109,109,20,0,False,2,street,daytime,cloudy,2,adult,accelerating
video_0185,1,70,119,119,30,0,False,2,street,daytime,cloudy,2,adult,accelerating
video_0185,1,80,129,129,40,0,False,2,street,daytime,cloudy,2,adult,accelerating
video_0185,1,90,139,139,50,0,False,2,street,daytime,cloudy,2,adult,accelerating
video_0185,1,100,149,149,50,0,False,2,street,daytime,cloudy,2,adult,accelerating
video_0185,1,110,159,149,40,0,False,2,street,daytime,cloudy,2,adult,accelerating
video_0185,1,120,169,149,30,0,False,2,street,daytime,cloudy,2,adult,accelerating
video_0185,1,130,179,149,20,0,False,2,street,daytime,cloudy,2,adult,accelerating
video_0185,1,140,189,149,10,0,False,2,street,daytime,cloudy,2,adult,accelerating
video_0186,0,0,49,49,50,29,True,2,street,daytime,cloudy,3,adult,decelerating
video_0186,0,10,59,59,50,19,False,2,street,daytime,cloudy,3,adult,decelerating
video_0186,0,20,69,69,50,18,False,2,street,daytime,cloudy,3,adult,decelerating
video_0186,0,30,79,79,50,12,False,2,street,daytime,cloudy,3,adult,decelerating
video_0186,0,40,89,89,50,4,False,2,street,daytime,cloudy,3,adult,decelerating
video_0186,0,50,99,99,50,0,False,2,street,daytime,cloudy,3,adult,decelerating
video_0186,0,60,109,109,50,1,False,2,street,daytime,cloudy,3,adult,decelerating
video_0186,0,70,119,119,50,3,False,2,street,daytime,cloudy,3,adult,decelerating
video_0186,0,80,129,129,50,3,False,2,street,daytime,cloudy,3,adult,decelerating
video_0186,0,90,139,139,50,3,False,2,street,daytime,cloudy,3,adult,decelerating
video_0186,0,100,149,149,50,3,False,2,street,daytime,cloudy,3,adult,accelerating
video_0186,0,110,159,149,40,2,False,2,street,daytime,cloudy,3,adult,accelerating
video_0186,0,120,169,149,30,0,False,1,street,daytime,cloudy,3,adult,accelerating
video_0186,0,130,179,149,20,0,False,1,street,daytime,cloudy,3,adult,accelerating
video_0186,0,140,189,149,10,0,False,1,street,daytime,cloudy,3,adult,accelerating
video_0186,1,0,49,49,50,12,False,2,street,daytime,cloudy,3,adult,decelerating
video_0186,1,10,59,59,50,12,False,2,street,daytime,cloudy,3,adult,decelerating
video_0186,1,20,69,69,50,12,False,2,street,daytime,cloudy,3,adult,decelerating
video_0186,1,30,79,79,50,12,False,2,street,daytime,cloudy,3,adult,decelerating
video_0186,1,40,89,89,50,4,False,2,street,daytime,cloudy,3,adult,decelerating
video_0186,1,50,99,99,50,0,False,2,street,daytime,cloudy,3,adult,decelerating
video_0186,1,60,109,109,50,1,False,2,street,daytime,cloudy,3,adult,decelerating
video_0186,1,70,119,119,50,3,False,2,street,daytime,cloudy,3,adult,decelerating
video_0186,1,80,129,129,50,7,False,2,street,daytime,cloudy,3,adult,decelerating
video_0186,1,90,139,139,50,7,False,2,street,daytime,cloudy,3,adult,decelerating
video_0186,1,100,149,149,50,8,False,2,street,daytime,cloudy,3,adult,accelerating
video_0186,1,110,159,149,40,7,False,2,street,daytime,cloudy,3,adult,accelerating
video_0186,1,120,169,149,30,5,False,1,street,daytime,cloudy,3,adult,accelerating
video_0186,1,130,179,149,20,1,False,1,street,daytime,cloudy,3,adult,accelerating
video_0186,1,140,189,149,10,1,False,1,street,daytime,cloudy,3,adult,accelerating
video_0187,0,0,49,49,50,0,False,1,street,daytime,cloudy,3,adult,decelerating
video_0187,0,10,59,59,50,0,False,1,street,daytime,cloudy,3,adult,decelerating
video_0187,0,20,69,69,50,0,False,2,street,daytime,cloudy,3,adult,decelerating
video_0187,0,30,79,79,50,0,False,2,street,daytime,cloudy,3,adult,decelerating
video_0187,0,40,89,89,50,0,False,2,street,daytime,cloudy,3,adult,decelerating
video_0187,0,50,99,99,50,0,False,2,street,daytime,cloudy,3,adult,decelerating
video_0187,0,60,109,109,50,0,False,2,street,daytime,cloudy,3,adult,decelerating
video_0187,0,70,119,119,50,0,False,2,street,daytime,cloudy,3,adult,decelerating
video_0187,0,80,129,129,50,0,False,2,street,daytime,cloudy,3,adult,accelerating
video_0187,0,90,139,139,50,0,False,1,street,daytime,cloudy,3,adult,accelerating
video_0187,0,100,149,149,50,0,False,1,street,daytime,cloudy,3,adult,decelerating
video_0187,0,110,159,159,50,0,False,2,street,daytime,cloudy,3,adult,stopped
video_0187,0,120,169,169,50,0,False,2,street,daytime,cloudy,3,adult,stopped
video_0187,0,130,179,179,50,0,False,2,street,daytime,cloudy,3,adult,stopped
video_0187,0,140,189,189,50,0,False,2,street,daytime,cloudy,3,adult,stopped
video_0187,0,150,199,199,50,0,False,2,street,daytime,cloudy,3,adult,stopped
video_0187,0,160,209,209,50,0,False,2,street,daytime,cloudy,3,adult,stopped
video_0187,0,170,219,219,50,0,False,2,street,daytime,cloudy,3,adult,accelerating
video_0187,0,180,229,229,50,0,False,2,street,daytime,cloudy,3,adult,accelerating
video_0187,0,190,239,239,50,0,False,2,street,daytime,cloudy,3,adult,accelerating
video_0187,0,200,249,239,40,0,False,2,street,daytime,cloudy,3,adult,accelerating
video_0187,0,210,259,239,30,0,False,2,street,daytime,cloudy,3,adult,accelerating
video_0187,0,220,269,239,20,0,False,2,street,daytime,cloudy,3,adult,accelerating
video_0187,0,230,279,239,10,0,False,2,street,daytime,cloudy,3,adult,accelerating
video_0187,1,0,49,49,50,6,False,1,street,daytime,cloudy,3,adult,decelerating
video_0187,1,10,59,59,50,2,False,1,street,daytime,cloudy,3,adult,decelerating
video_0187,1,20,69,69,50,2,False,2,street,daytime,cloudy,3,adult,decelerating
video_0187,1,30,79,79,50,2,False,2,street,daytime,cloudy,3,adult,decelerating
video_0187,1,40,89,89,50,2,False,2,street,daytime,cloudy,3,adult,decelerating
video_0187,1,50,99,99,50,0,False,2,street,daytime,cloudy,3,adult,decelerating
video_0187,1,60,109,109,50,0,False,2,street,daytime,cloudy,3,adult,decelerating
video_0187,1,70,119,119,50,0,False,2,street,daytime,cloudy,3,adult,decelerating
video_0187,1,80,129,129,50,0,False,2,street,daytime,cloudy,3,adult,accelerating
video_0187,1,90,139,139,50,0,False,1,street,daytime,cloudy,3,adult,accelerating
video_0187,1,100,149,149,50,0,False,1,street,daytime,cloudy,3,adult,decelerating
video_0187,1,110,159,159,50,0,False,2,street,daytime,cloudy,3,adult,stopped
video_0187,1,120,169,169,50,0,False,2,street,daytime,cloudy,3,adult,stopped
video_0187,1,130,179,179,50,0,False,2,street,daytime,cloudy,3,adult,stopped
video_0187,1,140,189,189,50,0,False,2,street,daytime,cloudy,3,adult,stopped
video_0187,1,150,199,199,50,0,False,2,street,daytime,cloudy,3,adult,stopped
video_0187,1,160,209,209,50,0,False,2,street,daytime,cloudy,3,adult,stopped
video_0187,1,170,219,219,50,0,False,2,street,daytime,cloudy,3,adult,accelerating
video_0187,1,180,229,229,50,0,False,2,street,daytime,cloudy,3,adult,accelerating
video_0187,1,190,239,239,50,0,False,2,street,daytime,cloudy,3,adult,accelerating
video_0187,1,200,249,239,40,0,False,2,street,daytime,cloudy,3,adult,accelerating
video_0187,1,210,259,239,30,0,False,2,street,daytime,cloudy,3,adult,accelerating
video_0187,1,220,269,239,20,0,False,2,street,daytime,cloudy,3,adult,accelerating
video_0187,1,230,279,239,10,0,False,2,street,daytime,cloudy,3,adult,accelerating
video_0188,0,0,49,29,30,30,True,1,plaza,daytime,clear,1,"adult,senior",decelerating
video_0188,0,10,59,29,20,20,False,1,plaza,daytime,clear,1,"adult,senior",decelerating
video_0188,0,20,69,69,20,10,False,1,plaza,daytime,clear,1,"adult,senior",accelerating
video_0188,0,30,79,79,20,0,False,0,plaza,daytime,clear,1,"adult,senior",decelerating
video_0188,0,40,89,89,30,0,False,0,plaza,daytime,clear,1,"adult,senior",decelerating
video_0188,0,50,99,99,40,0,False,1,plaza,daytime,clear,1,"adult,senior",decelerating
video_0188,0,60,109,109,50,0,False,1,plaza,daytime,clear,1,"adult,senior",decelerating
video_0188,0,70,119,119,50,0,False,1,plaza,daytime,clear,1,"adult,senior",decelerating
video_0188,0,80,129,129,50,10,False,2,plaza,daytime,clear,1,"adult,senior",decelerating
video_0188,0,90,139,139,50,20,False,2,plaza,daytime,clear,1,"adult,senior",decelerating
video_0188,0,100,149,149,50,30,True,2,plaza,daytime,clear,1,"adult,senior",decelerating
video_0188,0,110,159,159,50,40,True,2,plaza,daytime,clear,1,"adult,senior",accelerating
video_0188,0,120,169,169,50,50,True,2,plaza,daytime,clear,1,"adult,senior",accelerating
video_0188,0,130,179,179,50,50,True,2,plaza,daytime,clear,1,"adult,senior",accelerating
video_0188,0,140,189,189,50,40,True,2,plaza,daytime,clear,1,"adult,senior",accelerating
video_0188,0,150,199,199,50,30,True,2,plaza,daytime,clear,1,"adult,senior",accelerating
video_0188,0,160,209,209,50,20,False,2,plaza,daytime,clear,1,"adult,senior",accelerating
video_0188,0,170,219,209,40,10,False,2,plaza,daytime,clear,1,"adult,senior",accelerating
video_0188,0,180,229,209,30,0,False,1,plaza,daytime,clear,1,"adult,senior",accelerating
video_0188,0,190,239,209,20,0,False,1,plaza,daytime,clear,1,"adult,senior",accelerating
video_0188,0,200,249,209,10,0,False,1,plaza,daytime,clear,1,"adult,senior",accelerating
video_0188,1,90,139,139,50,50,True,2,plaza,daytime,clear,1,"adult,senior",decelerating
video_0188,1,100,149,149,50,50,True,2,plaza,daytime,clear,1,"adult,senior",decelerating
video_0188,1,110,159,159,50,50,True,2,plaza,daytime,clear,1,"adult,senior",accelerating
video_0188,1,120,169,169,50,50,True,2,plaza,daytime,clear,1,"adult,senior",accelerating
video_0188,1,130,179,179,50,50,True,2,plaza,daytime,clear,1,"adult,senior",accelerating
video_0188,1,140,189,189,50,50,True,2,plaza,daytime,clear,1,"adult,senior",accelerating
video_0188,1,150,199,199,50,50,True,2,plaza,daytime,clear,1,"adult,senior",accelerating
video_0188,1,160,209,209,50,50,True,2,plaza,daytime,clear,1,"adult,senior",accelerating
video_0188,1,170,219,209,40,40,True,2,plaza,daytime,clear,1,"adult,senior",accelerating
video_0188,1,180,229,209,30,30,True,1,plaza,daytime,clear,1,"adult,senior",accelerating
video_0188,1,190,239,209,20,20,False,1,plaza,daytime,clear,1,"adult,senior",accelerating
video_0188,1,200,249,209,10,10,False,1,plaza,daytime,clear,1,"adult,senior",accelerating
video_0189,0,0,49,49,50,0,False,2,street,daytime,cloudy,3,adult,decelerating
video_0189,0,10,59,59,50,0,False,2,street,daytime,cloudy,3,adult,decelerating
video_0189,0,20,69,69,50,0,False,2,street,daytime,cloudy,3,adult,accelerating
video_0189,0,30,79,79,50,0,False,1,street,daytime,cloudy,3,adult,accelerating
video_0189,0,40,89,89,50,0,False,1,street,daytime,cloudy,3,adult,accelerating
video_0189,0,50,99,99,50,9,False,2,street,daytime,cloudy,3,adult,accelerating
video_0189,0,60,109,109,50,17,False,2,street,daytime,cloudy,3,adult,accelerating
video_0189,0,70,119,119,50,17,False,2,street,daytime,cloudy,3,adult,accelerating
video_0189,0,80,129,119,40,17,False,2,street,daytime,cloudy,3,adult,accelerating
video_0189,0,90,139,119,30,17,False,1,street,daytime,cloudy,3,adult,accelerating
video_0189,0,100,149,119,20,8,False,1,street,daytime,cloudy,3,adult,accelerating
video_0189,0,110,159,119,10,0,False,1,street,daytime,cloudy,3,adult,accelerating
video_0189,1,30,79,79,50,3,False,1,street,daytime,cloudy,3,adult,accelerating
video_0189,1,40,89,89,50,7,False,1,street,daytime,cloudy,3,adult,accelerating
video_0189,1,50,99,89,40,7,False,2,street,daytime,cloudy,3,adult,accelerating
video_0189,1,60,109,89,30,7,False,2,street,daytime,cloudy,3,adult,accelerating
video_0189,1,70,119,89,20,7,False,2,street,daytime,cloudy,3,adult,accelerating
video_0189,1,80,129,89,10,5,False,2,street,daytime,cloudy,3,adult,accelerating
video_0190,0,0,49,49,50,0,False,1,street,daytime,cloudy,2,"adult,senior",decelerating
video_0190,0,10,59,59,50,0,False,1,street,daytime,cloudy,2,"adult,senior",decelerating
video_0190,0,20,69,69,50,0,False,1,street,daytime,cloudy,2,"adult,senior",decelerating
video_0190,0,30,79,79,50,0,False,1,street,daytime,cloudy,2,"adult,senior",decelerating
video_0190,0,40,89,89,50,0,False,1,street,daytime,cloudy,2,"adult,senior",decelerating
video_0190,0,50,99,99,50,0,False,2,street,daytime,cloudy,2,"adult,senior",decelerating
video_0190,0,60,109,109,50,0,False,2,street,daytime,cloudy,2,"adult,senior",decelerating
video_0190,0,70,119,119,50,0,False,2,street,daytime,cloudy,2,"adult,senior",accelerating
video_0190,0,80,129,129,50,0,False,2,street,daytime,cloudy,2,"adult,senior",accelerating
video_0190,0,90,139,139,50,0,False,1,street,daytime,cloudy,2,"adult,senior",accelerating
video_0190,0,100,149,149,50,0,False,1,street,daytime,cloudy,2,"adult,senior",stopped
video_0190,0,110,159,159,50,0,False,2,street,daytime,cloudy,2,"adult,senior",stopped
video_0190,0,120,169,169,50,0,False,2,street,daytime,cloudy,2,"adult,senior",stopped
video_0190,0,130,179,179,50,0,False,2,street,daytime,cloudy,2,"adult,senior",stopped
video_0190,0,140,189,189,50,0,False,2,street,daytime,cloudy,2,"adult,senior",accelerating
video_0190,0,150,199,199,50,0,False,2,street,daytime,cloudy,2,"adult,senior",accelerating
video_0190,0,160,209,209,50,0,False,2,street,daytime,cloudy,2,"adult,senior",decelerating
video_0190,0,170,219,219,50,0,False,2,street,daytime,cloudy,2,"adult,senior",decelerating
video_0190,0,180,229,229,50,0,False,2,street,daytime,cloudy,2,"adult,senior",decelerating
video_0190,0,190,239,239,50,0,False,2,street,daytime,cloudy,2,"adult,senior",decelerating
video_0190,0,200,249,249,50,0,False,2,street,daytime,cloudy,2,"adult,senior",decelerating
video_0190,0,210,259,259,50,0,False,2,street,daytime,cloudy,2,"adult,senior",decelerating
video_0190,0,220,269,269,50,0,False,2,street,daytime,cloudy,2,"adult,senior",decelerating
video_0190,0,230,279,279,50,0,False,2,street,daytime,cloudy,2,"adult,senior",decelerating
video_0190,0,240,289,289,50,0,False,2,street,daytime,cloudy,2,"adult,senior",stopped
video_0190,0,250,299,299,50,0,False,2,street,daytime,cloudy,2,"adult,senior",stopped
video_0190,0,260,309,309,50,0,False,2,street,daytime,cloudy,2,"adult,senior",stopped
video_0190,0,270,319,319,50,0,False,2,street,daytime,cloudy,2,"adult,senior",stopped
video_0190,0,280,329,329,50,0,False,2,street,daytime,cloudy,2,"adult,senior",stopped
video_0190,0,290,339,339,50,0,False,2,street,daytime,cloudy,2,"adult,senior",stopped
video_0190,0,300,349,349,50,0,False,2,street,daytime,cloudy,2,"adult,senior",stopped
video_0190,0,310,359,359,50,0,False,2,street,daytime,cloudy,2,"adult,senior",stopped
video_0190,0,320,369,359,40,0,False,2,street,daytime,cloudy,2,"adult,senior",stopped
video_0190,0,330,379,359,30,0,False,2,street,daytime,cloudy,2,"adult,senior",stopped
video_0190,0,340,389,359,20,0,False,2,street,daytime,cloudy,2,"adult,senior",stopped
video_0190,0,350,399,359,10,0,False,2,street,daytime,cloudy,2,"adult,senior",stopped
video_0190,1,30,79,79,50,0,False,1,street,daytime,cloudy,2,"adult,senior",decelerating
video_0190,1,40,89,89,50,0,False,1,street,daytime,cloudy,2,"adult,senior",decelerating
video_0190,1,50,99,99,50,0,False,2,street,daytime,cloudy,2,"adult,senior",decelerating
video_0190,1,60,109,109,50,0,False,2,street,daytime,cloudy,2,"adult,senior",decelerating
video_0190,1,70,119,119,50,0,False,2,street,daytime,cloudy,2,"adult,senior",accelerating
video_0190,1,80,129,119,40,0,False,2,street,daytime,cloudy,2,"adult,senior",accelerating
video_0190,1,90,139,119,30,0,False,1,street,daytime,cloudy,2,"adult,senior",accelerating
video_0190,1,100,149,119,20,0,False,1,street,daytime,cloudy,2,"adult,senior",accelerating
video_0190,1,110,159,159,20,0,False,2,street,daytime,cloudy,2,"adult,senior",stopped
video_0190,1,120,169,169,20,0,False,2,street,daytime,cloudy,2,"adult,senior",stopped
video_0190,1,130,179,179,30,0,False,2,street,daytime,cloudy,2,"adult,senior",stopped
video_0190,1,140,189,189,40,0,False,2,street,daytime,cloudy,2,"adult,senior",accelerating
video_0190,1,150,199,199,50,0,False,2,street,daytime,cloudy,2,"adult,senior",accelerating
video_0190,1,160,209,209,50,0,False,2,street,daytime,cloudy,2,"adult,senior",decelerating
video_0190,1,170,219,209,40,0,False,2,street,daytime,cloudy,2,"adult,senior",decelerating
video_0190,1,180,229,209,30,0,False,2,street,daytime,cloudy,2,"adult,senior",decelerating
video_0190,1,190,239,209,20,0,False,2,street,daytime,cloudy,2,"adult,senior",decelerating
video_0190,1,200,249,249,20,0,False,2,street,daytime,cloudy,2,"adult,senior",decelerating
video_0190,1,210,259,259,20,0,False,2,street,daytime,cloudy,2,"adult,senior",decelerating
video_0190,1,220,269,269,30,0,False,2,street,daytime,cloudy,2,"adult,senior",decelerating
video_0190,1,230,279,279,40,0,False,2,street,daytime,cloudy,2,"adult,senior",decelerating
video_0190,1,240,289,289,50,0,False,2,street,daytime,cloudy,2,"adult,senior",stopped
video_0190,1,250,299,299,50,0,False,2,street,daytime,cloudy,2,"adult,senior",stopped
video_0190,1,260,309,309,50,0,False,2,street,daytime,cloudy,2,"adult,senior",stopped
video_0190,1,270,319,319,50,0,False,2,street,daytime,cloudy,2,"adult,senior",stopped
video_0190,1,280,329,329,50,0,False,2,street,daytime,cloudy,2,"adult,senior",stopped
video_0190,1,290,339,339,50,0,False,2,street,daytime,cloudy,2,"adult,senior",stopped
video_0190,1,300,349,349,50,0,False,2,street,daytime,cloudy,2,"adult,senior",stopped
video_0190,1,310,359,359,50,0,False,2,street,daytime,cloudy,2,"adult,senior",stopped
video_0190,1,320,369,359,40,0,False,2,street,daytime,cloudy,2,"adult,senior",stopped
video_0190,1,330,379,359,30,0,False,2,street,daytime,cloudy,2,"adult,senior",stopped
video_0190,1,340,389,359,20,0,False,2,street,daytime,cloudy,2,"adult,senior",stopped
video_0190,1,350,399,359,10,0,False,2,street,daytime,cloudy,2,"adult,senior",stopped
video_0191,0,0,49,49,50,1,False,2,street,daytime,cloudy,3,"adult,senior",decelerating
video_0191,0,10,59,59,50,0,False,2,street,daytime,cloudy,3,"adult,senior",decelerating
video_0191,0,20,69,69,50,0,False,2,street,daytime,cloudy,3,"adult,senior",decelerating
video_0191,0,30,79,79,50,0,False,2,street,daytime,cloudy,3,"adult,senior",accelerating
video_0191,0,40,89,89,50,0,False,2,street,daytime,cloudy,3,"adult,senior",accelerating
video_0191,0,50,99,99,50,0,False,2,street,daytime,cloudy,3,"adult,senior",decelerating
video_0191,0,60,109,109,50,0,False,2,street,daytime,cloudy,3,"adult,senior",decelerating
video_0191,0,70,119,119,50,0,False,2,street,daytime,cloudy,3,"adult,senior",decelerating
video_0191,0,80,129,129,50,0,False,2,street,daytime,cloudy,3,"adult,senior",decelerating
video_0191,0,90,139,139,50,0,False,2,street,daytime,cloudy,3,"adult,senior",decelerating
video_0191,0,100,149,149,50,0,False,2,street,daytime,cloudy,3,"adult,senior",decelerating
video_0191,0,110,159,149,40,0,False,2,street,daytime,cloudy,3,"adult,senior",decelerating
video_0191,0,120,169,149,30,0,False,1,street,daytime,cloudy,3,"adult,senior",decelerating
video_0191,0,130,179,149,20,0,False,1,street,daytime,cloudy,3,"adult,senior",decelerating
video_0191,0,140,189,149,10,0,False,1,street,daytime,cloudy,3,"adult,senior",decelerating
video_0191,1,0,49,49,50,1,False,2,street,daytime,cloudy,3,"adult,senior",decelerating
video_0191,1,10,59,59,50,0,False,2,street,daytime,cloudy,3,"adult,senior",decelerating
video_0191,1,20,69,69,50,0,False,2,street,daytime,cloudy,3,"adult,senior",decelerating
video_0191,1,30,79,79,50,0,False,2,street,daytime,cloudy,3,"adult,senior",accelerating
video_0191,1,40,89,89,50,0,False,2,street,daytime,cloudy,3,"adult,senior",accelerating
video_0191,1,50,99,99,50,0,False,2,street,daytime,cloudy,3,"adult,senior",decelerating
video_0191,1,60,109,109,50,0,False,2,street,daytime,cloudy,3,"adult,senior",decelerating
video_0191,1,70,119,119,50,0,False,2,street,daytime,cloudy,3,"adult,senior",decelerating
video_0191,1,80,129,129,50,0,False,2,street,daytime,cloudy,3,"adult,senior",decelerating
video_0191,1,90,139,139,50,0,False,2,street,daytime,cloudy,3,"adult,senior",decelerating
video_0191,1,100,149,149,50,0,False,2,street,daytime,cloudy,3,"adult,senior",decelerating
video_0191,1,110,159,149,40,0,False,2,street,daytime,cloudy,3,"adult,senior",decelerating
video_0191,1,120,169,149,30,0,False,1,street,daytime,cloudy,3,"adult,senior",decelerating
video_0191,1,130,179,149,20,0,False,1,street,daytime,cloudy,3,"adult,senior",decelerating
video_0191,1,140,189,149,10,0,False,1,street,daytime,cloudy,3,"adult,senior",decelerating
video_0192,0,0,49,49,50,16,False,2,street,daytime,clear,2,adult,decelerating
video_0192,0,10,59,59,50,24,False,2,street,daytime,clear,2,adult,decelerating
video_0192,0,20,69,69,50,24,False,2,street,daytime,clear,2,adult,decelerating
video_0192,0,30,79,79,50,24,False,1,street,daytime,clear,2,adult,decelerating
video_0192,0,40,89,89,50,14,False,1,street,daytime,clear,2,adult,decelerating
video_0192,0,50,99,89,40,8,False,1,street,daytime,clear,2,adult,decelerating
video_0192,0,60,109,89,30,0,False,0,street,daytime,clear,2,adult,decelerating
video_0192,0,70,119,89,20,0,False,0,street,daytime,clear,2,adult,decelerating
video_0192,0,80,129,89,10,0,False,0,street,daytime,clear,2,adult,decelerating
video_0192,1,0,49,29,30,30,True,2,street,daytime,clear,2,adult,decelerating
video_0192,1,10,59,29,20,20,False,2,street,daytime,clear,2,adult,decelerating
video_0192,1,20,69,69,20,10,False,2,street,daytime,clear,2,adult,decelerating
video_0192,1,30,79,79,20,0,False,1,street,daytime,clear,2,adult,decelerating
video_0192,1,40,89,89,30,0,False,1,street,daytime,clear,2,adult,decelerating
video_0192,1,50,99,89,30,0,False,1,street,daytime,clear,2,adult,decelerating
video_0192,1,60,109,89,30,0,False,0,street,daytime,clear,2,adult,decelerating
video_0192,1,70,119,89,20,0,False,0,street,daytime,clear,2,adult,decelerating
video_0192,1,80,129,89,10,0,False,0,street,daytime,clear,2,adult,decelerating
video_0193,0,0,49,49,50,5,False,2,street,daytime,clear,4,adult,decelerating
video_0193,0,10,59,59,50,5,False,2,street,daytime,clear,4,adult,decelerating
video_0193,0,20,69,69,50,5,False,2,street,daytime,clear,4,adult,decelerating
video_0193,0,30,79,79,50,4,False,2,street,daytime,clear,4,adult,decelerating
video_0193,0,40,89,89,50,3,False,2,street,daytime,clear,4,adult,accelerating
video_0193,0,50,99,99,50,0,False,2,street,daytime,clear,4,adult,accelerating
video_0193,0,60,109,109,50,0,False,2,street,daytime,clear,4,adult,accelerating
video_0193,0,70,119,119,50,0,False,2,street,daytime,clear,4,adult,decelerating
video_0193,0,80,129,129,50,0,False,2,street,daytime,clear,4,adult,decelerating
video_0193,0,90,139,139,50,0,False,2,street,daytime,clear,4,adult,decelerating
video_0193,0,100,149,149,50,0,False,2,street,daytime,clear,4,adult,accelerating
video_0193,0,110,159,149,40,0,False,2,street,daytime,clear,4,adult,accelerating
video_0193,0,120,169,149,30,0,False,2,street,daytime,clear,4,adult,accelerating
video_0193,0,130,179,149,20,0,False,2,street,daytime,clear,4,adult,accelerating
video_0193,0,140,189,149,10,0,False,2,street,daytime,clear,4,adult,accelerating
video_0193,0,170,219,219,10,0,False,1,street,daytime,clear,4,adult,accelerating
video_0193,0,180,229,229,20,4,False,1,street,daytime,clear,4,adult,accelerating
video_0193,0,190,239,239,30,14,False,1,street,daytime,clear,4,adult,accelerating
video_0193,0,200,249,239,30,14,False,1,street,daytime,clear,4,adult,accelerating
video_0193,0,210,259,239,30,14,False,1,street,daytime,clear,4,adult,accelerating
video_0193,0,220,269,239,20,14,False,1,street,daytime,clear,4,adult,accelerating
video_0193,0,230,279,239,10,10,False,1,street,daytime,clear,4,adult,accelerating
video_0193,1,0,49,49,50,5,False,2,street,daytime,clear,4,adult,decelerating
video_0193,1,10,59,59,50,5,False,2,street,daytime,clear,4,adult,decelerating
video_0193,1,20,69,69,50,5,False,2,street,daytime,clear,4,adult,decelerating
video_0193,1,30,79,79,50,4,False,2,street,daytime,clear,4,adult,decelerating
video_0193,1,40,89,89,50,3,False,2,street,daytime,clear,4,adult,accelerating
video_0193,1,50,99,99,50,0,False,2,street,daytime,clear,4,adult,accelerating
video_0193,1,60,109,109,50,0,False,2,street,daytime,clear,4,adult,accelerating
video_0193,1,70,119,119,50,0,False,2,street,daytime,clear,4,adult,decelerating
video_0193,1,80,129,129,50,0,False,2,street,daytime,clear,4,adult,decelerating
video_0193,1,90,139,139,50,0,False,2,street,daytime,clear,4,adult,decelerating
video_0193,1,100,149,149,50,0,False,2,street,daytime,clear,4,adult,accelerating
video_0193,1,110,159,149,40,0,False,2,street,daytime,clear,4,adult,accelerating
video_0193,1,120,169,149,30,0,False,2,street,daytime,clear,4,adult,accelerating
video_0193,1,130,179,149,20,0,False,2,street,daytime,clear,4,adult,accelerating
video_0193,1,140,189,149,10,0,False,2,street,daytime,clear,4,adult,accelerating
video_0194,0,0,49,49,50,30,True,2,street,daytime,clear,3,"adult,young",decelerating
video_0194,0,10,59,59,50,20,False,2,street,daytime,clear,3,"adult,young",decelerating
video_0194,0,20,69,69,50,20,False,2,street,daytime,clear,3,"adult,young",decelerating
video_0194,0,30,79,79,50,20,False,2,street,daytime,clear,3,"adult,young",decelerating
video_0194,0,40,89,89,50,29,True,2,street,daytime,clear,3,"adult,young",decelerating
video_0194,0,50,99,99,50,35,True,2,street,daytime,clear,3,"adult,young",decelerating
video_0194,0,60,109,109,50,45,True,2,street,daytime,clear,3,"adult,young",decelerating
video_0194,0,70,119,119,50,45,True,2,street,daytime,clear,3,"adult,young",decelerating
video_0194,0,80,129,129,50,35,True,2,street,daytime,clear,3,"adult,young",decelerating
video_0194,0,90,139,139,50,26,True,1,street,daytime,clear,3,"adult,young",decelerating
video_0194,0,100,149,149,50,20,False,1,street,daytime,clear,3,"adult,young",decelerating
video_0194,0,110,159,159,50,10,False,1,street,daytime,clear,3,"adult,young",decelerating
video_0194,0,120,169,169,50,0,False,0,street,daytime,clear,3,"adult,young",decelerating
video_0194,0,130,179,179,50,0,False,0,street,daytime,clear,3,"adult,young",decelerating
video_0194,0,140,189,189,50,0,False,0,street,daytime,clear,3,"adult,young",decelerating
video_0194,0,150,199,199,50,0,False,0,street,daytime,clear,3,"adult,young",stopped
video_0194,0,160,209,209,50,0,False,0,street,daytime,clear,3,"adult,young",stopped
video_0194,0,170,219,219,50,0,False,1,street,daytime,clear,3,"adult,young",stopped
video_0194,0,180,229,229,50,0,False,1,street,daytime,clear,3,"adult,young",accelerating
video_0194,0,190,239,239,50,0,False,1,street,daytime,clear,3,"adult,young",accelerating
video_0194,0,200,249,249,50,0,False,1,street,daytime,clear,3,"adult,young",accelerating
video_0194,0,210,259,259,50,0,False,1,street,daytime,clear,3,"adult,young",accelerating
video_0194,0,220,269,269,50,0,False,1,street,daytime,clear,3,"adult,young",accelerating
video_0194,0,230,279,279,50,0,False,1,street,daytime,clear,3,"adult,young",accelerating
video_0194,0,240,289,289,50,0,False,1,street,daytime,clear,3,"adult,young",accelerating
video_0194,0,250,299,299,50,0,False,1,street,daytime,clear,3,"adult,young",accelerating
video_0194,0,260,309,309,50,0,False,1,street,daytime,clear,3,"adult,young",accelerating
video_0194,0,270,319,319,50,0,False,1,street,daytime,clear,3,"adult,young",accelerating
video_0194,0,280,329,329,50,0,False,1,street,daytime,clear,3,"adult,young",accelerating
video_0194,0,290,339,339,50,0,False,1,street,daytime,clear,3,"adult,young",accelerating
video_0194,0,300,349,349,50,0,False,1,street,daytime,clear,3,"adult,young",accelerating
video_0194,0,310,359,359,50,0,False,1,street,daytime,clear,3,"adult,young",accelerating
video_0194,0,320,369,369,50,0,False,1,street,daytime,clear,3,"adult,young",accelerating
video_0194,0,330,379,379,50,0,False,1,street,daytime,clear,3,"adult,young",accelerating
video_0194,0,340,389,389,50,0,False,1,street,daytime,clear,3,"adult,young",accelerating
video_0194,0,350,399,399,50,0,False,1,street,daytime,clear,3,"adult,young",accelerating
video_0194,0,360,409,409,50,0,False,1,street,daytime,clear,3,"adult,young",accelerating
video_0194,0,370,419,419,50,0,False,1,street,daytime,clear,3,"adult,young",decelerating
video_0194,0,380,429,429,50,10,False,2,street,daytime,clear,3,"adult,young",decelerating
video_0194,0,390,439,439,50,20,False,2,street,daytime,clear,3,"adult,young",accelerating
video_0194,0,400,449,449,50,26,True,2,street,daytime,clear,3,"adult,young",accelerating
video_0194,0,410,459,459,50,36,True,2,street,daytime,clear,3,"adult,young",accelerating
video_0194,0,420,469,469,50,45,True,2,street,daytime,clear,3,"adult,young",accelerating
video_0194,0,430,479,479,50,40,True,2,street,daytime,clear,3,"adult,young",accelerating
video_0194,0,440,489,489,50,30,True,2,street,daytime,clear,3,"adult,young",accelerating
video_0194,0,450,499,499,50,24,False,2,street,daytime,clear,3,"adult,young",accelerating
video_0194,0,460,509,509,50,14,False,2,street,daytime,clear,3,"adult,young",accelerating
video_0194,0,470,519,519,50,5,False,2,street,daytime,clear,3,"adult,young",accelerating
video_0194,0,480,529,529,50,0,False,1,street,daytime,clear,3,"adult,young",accelerating
video_0194,0,490,539,539,50,0,False,1,street,daytime,clear,3,"adult,young",accelerating
video_0194,0,500,549,539,40,0,False,1,street,daytime,clear,3,"adult,young",accelerating
video_0194,0,510,559,539,30,0,False,1,street,daytime,clear,3,"adult,young",accelerating
video_0194,0,520,569,539,20,0,False,1,street,daytime,clear,3,"adult,young",accelerating
video_0194,0,530,579,539,10,0,False,1,street,daytime,clear,3,"adult,young",accelerating
video_0194,1,30,79,79,50,50,True,2,street,daytime,clear,3,"adult,young",decelerating
video_0194,1,40,89,89,50,49,True,2,street,daytime,clear,3,"adult,young",decelerating
video_0194,1,50,99,99,50,39,True,2,street,daytime,clear,3,"adult,young",decelerating
video_0194,1,60,109,109,50,29,True,2,street,daytime,clear,3,"adult,young",decelerating
video_0194,1,70,119,119,50,19,False,2,street,daytime,clear,3,"adult,young",decelerating
video_0194,1,80,129,119,40,9,False,2,street,daytime,clear,3,"adult,young",decelerating
video_0194,1,90,139,119,30,0,False,1,street,daytime,clear,3,"adult,young",decelerating
video_0194,1,100,149,119,20,0,False,1,street,daytime,clear,3,"adult,young",decelerating
video_0194,1,110,159,119,10,0,False,1,street,daytime,clear,3,"adult,young",decelerating
video_0194,1,170,219,219,10,10,False,1,street,daytime,clear,3,"adult,young",stopped
video_0194,1,180,229,229,20,20,False,1,street,daytime,clear,3,"adult,young",accelerating
video_0194,1,190,239,239,30,30,True,1,street,daytime,clear,3,"adult,young",accelerating
video_0194,1,200,249,239,30,30,True,1,street,daytime,clear,3,"adult,young",accelerating
video_0194,1,210,259,239,30,30,True,1,street,daytime,clear,3,"adult,young",accelerating
video_0194,1,220,269,239,20,20,False,1,street,daytime,clear,3,"adult,young",accelerating
video_0194,1,230,279,279,20,20,False,1,street,daytime,clear,3,"adult,young",accelerating
video_0194,1,240,289,289,20,20,False,1,street,daytime,clear,3,"adult,young",accelerating
video_0194,1,250,299,299,30,30,True,1,street,daytime,clear,3,"adult,young",accelerating
video_0194,1,260,309,309,40,40,True,1,street,daytime,clear,3,"adult,young",accelerating
video_0194,1,270,319,319,50,50,True,1,street,daytime,clear,3,"adult,young",accelerating
video_0194,1,280,329,329,50,50,True,1,street,daytime,clear,3,"adult,young",accelerating
video_0194,1,290,339,339,50,50,True,1,street,daytime,clear,3,"adult,young",accelerating
video_0194,1,300,349,349,50,50,True,1,street,daytime,clear,3,"adult,young",accelerating
video_0194,1,310,359,359,50,50,True,1,street,daytime,clear,3,"adult,young",accelerating
video_0194,1,320,369,369,50,50,True,1,street,daytime,clear,3,"adult,young",accelerating
video_0194,1,330,379,379,50,50,True,1,street,daytime,clear,3,"adult,young",accelerating
video_0194,1,340,389,389,50,50,True,1,street,daytime,clear,3,"adult,young",accelerating
video_0194,1,350,399,399,50,50,True,1,street,daytime,clear,3,"adult,young",accelerating
video_0194,1,360,409,409,50,50,True,1,street,daytime,clear,3,"adult,young",accelerating
video_0194,1,370,419,419,50,50,True,1,street,daytime,clear,3,"adult,young",decelerating
video_0194,1,380,429,429,50,40,True,2,street,daytime,clear,3,"adult,young",decelerating
video_0194,1,390,439,439,50,30,True,2,street,daytime,clear,3,"adult,young",accelerating
video_0194,1,400,449,449,50,20,False,2,street,daytime,clear,3,"adult,young",accelerating
video_0194,1,410,459,459,50,20,False,2,street,daytime,clear,3,"adult,young",accelerating
video_0194,1,420,469,469,50,19,False,2,street,daytime,clear,3,"adult,young",accelerating
video_0194,1,430,479,479,50,24,False,2,street,daytime,clear,3,"adult,young",accelerating
video_0194,1,440,489,479,40,24,False,2,street,daytime,clear,3,"adult,young",accelerating
video_0194,1,450,499,479,30,24,False,2,street,daytime,clear,3,"adult,young",accelerating
video_0194,1,460,509,479,20,14,False,2,street,daytime,clear,3,"adult,young",accelerating
video_0194,1,470,519,479,10,5,False,2,street,daytime,clear,3,"adult,young",accelerating
video_0195,0,0,49,49,50,0,False,0,street,daytime,clear,4,adult,accelerating
video_0195,0,10,59,59,50,0,False,0,street,daytime,clear,4,adult,accelerating
video_0195,0,20,69,59,40,0,False,0,street,daytime,clear,4,adult,accelerating
video_0195,0,30,79,59,30,0,False,0,street,daytime,clear,4,adult,accelerating
video_0195,0,40,89,59,20,0,False,0,street,daytime,clear,4,adult,accelerating
video_0195,0,50,99,59,10,0,False,0,street,daytime,clear,4,adult,accelerating
video_0196,0,0,49,49,50,0,False,1,street,daytime,clear,3,adult,decelerating
video_0196,0,10,59,59,50,0,False,1,street,daytime,clear,3,adult,decelerating
video_0196,0,20,69,69,50,0,False,1,street,daytime,clear,3,adult,decelerating
video_0196,0,30,79,79,50,0,False,1,street,daytime,clear,3,adult,decelerating
video_0196,0,40,89,89,50,0,False,1,street,daytime,clear,3,adult,decelerating
video_0196,0,50,99,99,50,0,False,1,street,daytime,clear,3,adult,decelerating
video_0196,0,60,109,109,50,0,False,1,street,daytime,clear,3,adult,decelerating
video_0196,0,70,119,119,50,0,False,1,street,daytime,clear,3,adult,decelerating
video_0196,0,80,129,129,50,0,False,2,street,daytime,clear,3,adult,decelerating
video_0196,0,90,139,139,50,0,False,2,street,daytime,clear,3,adult,accelerating
video_0196,0,100,149,149,50,0,False,2,street,daytime,clear,3,adult,accelerating
video_0196,0,110,159,159,50,0,False,2,street,daytime,clear,3,adult,accelerating
video_0196,0,120,169,169,50,0,False,2,street,daytime,clear,3,adult,accelerating
video_0196,0,130,179,179,50,0,False,2,street,daytime,clear,3,adult,accelerating
video_0196,0,140,189,179,40,0,False,2,street,daytime,clear,3,adult,accelerating
video_0196,0,150,199,179,30,0,False,1,street,daytime,clear,3,adult,accelerating
video_0196,0,160,209,179,20,0,False,1,street,daytime,clear,3,adult,accelerating
video_0196,0,170,219,179,10,0,False,1,street,daytime,clear,3,adult,accelerating
video_0196,1,90,139,139,50,0,False,2,street,daytime,clear,3,adult,accelerating
video_0196,1,100,149,149,50,0,False,2,street,daytime,clear,3,adult,accelerating
video_0196,1,110,159,159,50,0,False,2,street,daytime,clear,3,adult,accelerating
video_0196,1,120,169,169,50,0,False,2,street,daytime,clear,3,adult,accelerating
video_0196,1,130,179,179,50,0,False,2,street,daytime,clear,3,adult,accelerating
video_0196,1,140,189,179,40,0,False,2,street,daytime,clear,3,adult,accelerating
video_0196,1,150,199,179,30,0,False,1,street,daytime,clear,3,adult,accelerating
video_0196,1,160,209,179,20,0,False,1,street,daytime,clear,3,adult,accelerating
video_0196,1,170,219,179,10,0,False,1,street,daytime,clear,3,adult,accelerating
video_0197,0,0,49,49,50,0,False,1,street,daytime,clear,2,adult,decelerating
video_0197,0,10,59,59,50,0,False,1,street,daytime,clear,2,adult,decelerating
video_0197,0,20,69,69,50,0,False,1,street,daytime,clear,2,adult,decelerating
video_0197,0,30,79,79,50,0,False,1,street,daytime,clear,2,adult,decelerating
video_0197,0,40,89,89,50,0,False,1,street,daytime,clear,2,adult,stopped
video_0197,0,50,99,99,50,0,False,2,street,daytime,clear,2,adult,stopped
video_0197,0,60,109,109,50,0,False,2,street,daytime,clear,2,adult,stopped
video_0197,0,70,119,119,50,0,False,2,street,daytime,clear,2,adult,stopped
video_0197,0,80,129,129,50,0,False,2,street,daytime,clear,2,adult,stopped
video_0197,0,90,139,139,50,0,False,2,street,daytime,clear,2,adult,stopped
video_0197,0,100,149,149,50,0,False,2,street,daytime,clear,2,adult,stopped
video_0197,0,110,159,159,50,0,False,2,street,daytime,clear,2,adult,stopped
video_0197,0,120,169,169,50,0,False,2,street,daytime,clear,2,adult,stopped
video_0197,0,130,179,179,50,0,False,2,street,daytime,clear,2,adult,stopped
video_0197,0,140,189,189,50,0,False,2,street,daytime,clear,2,adult,stopped
video_0197,0,150,199,199,50,0,False,2,street,daytime,clear,2,adult,stopped
video_0197,0,160,209,209,50,0,False,2,street,daytime,clear,2,adult,stopped
video_0197,0,170,219,209,40,0,False,2,street,daytime,clear,2,adult,stopped
video_0197,0,180,229,209,30,0,False,1,street,daytime,clear,2,adult,stopped
video_0197,0,190,239,209,20,0,False,1,street,daytime,clear,2,adult,stopped
video_0197,0,200,249,209,10,0,False,1,street,daytime,clear,2,adult,stopped
video_0197,1,90,139,139,50,0,False,2,street,daytime,clear,2,adult,stopped
video_0197,1,100,149,149,50,0,False,2,street,daytime,clear,2,adult,stopped
video_0197,1,110,159,159,50,0,False,2,street,daytime,clear,2,adult,stopped
video_0197,1,120,169,169,50,0,False,2,street,daytime,clear,2,adult,stopped
video_0197,1,130,179,179,50,0,False,2,street,daytime,clear,2,adult,stopped
video_0197,1,140,189,179,40,0,False,2,street,daytime,clear,2,adult,stopped
video_0197,1,150,199,179,30,0,False,2,street,daytime,clear,2,adult,stopped
video_0197,1,160,209,179,20,0,False,2,street,daytime,clear,2,adult,stopped
video_0197,1,170,219,179,10,0,False,2,street,daytime,clear,2,adult,stopped
video_0198,0,0,49,49,50,6,False,1,street,daytime,clear,3,adult,decelerating
video_0198,0,10,59,59,50,3,False,1,street,daytime,clear,3,adult,decelerating
video_0198,0,20,69,59,40,0,False,1,street,daytime,clear,3,adult,decelerating
video_0198,0,30,79,59,30,0,False,1,street,daytime,clear,3,adult,decelerating
video_0198,0,40,89,59,20,0,False,1,street,daytime,clear,3,adult,decelerating
video_0198,0,50,99,59,10,0,False,1,street,daytime,clear,3,adult,decelerating
video_0199,0,30,79,79,50,0,False,0,street,daytime,cloudy,1,"adult,senior",accelerating
video_0199,0,40,89,89,50,0,False,0,street,daytime,cloudy,1,"adult,senior",accelerating
video_0199,0,50,99,99,50,0,False,0,street,daytime,cloudy,1,"adult,senior",accelerating
video_0199,0,60,109,109,50,0,False,0,street,daytime,cloudy,1,"adult,senior",accelerating
video_0199,0,70,119,119,50,0,False,0,street,daytime,cloudy,1,"adult,senior",accelerating
video_0199,0,80,129,129,50,0,False,0,street,daytime,cloudy,1,"adult,senior",accelerating
video_0199,0,90,139,139,50,0,False,0,street,daytime,cloudy,1,"adult,senior",decelerating
video_0199,0,100,149,149,50,0,False,0,street,daytime,cloudy,1,"adult,senior",decelerating
video_0199,0,110,159,149,40,0,False,0,street,daytime,cloudy,1,"adult,senior",decelerating
video_0199,0,120,169,149,30,0,False,0,street,daytime,cloudy,1,"adult,senior",decelerating
video_0199,0,130,179,149,20,0,False,0,street,daytime,cloudy,1,"adult,senior",decelerating
video_0199,0,140,189,149,10,0,False,0,street,daytime,cloudy,1,"adult,senior",decelerating
video_0199,0,740,789,789,10,0,False,0,street,daytime,cloudy,1,"adult,senior",accelerating
video_0199,0,750,799,799,20,0,False,0,street,daytime,cloudy,1,"adult,senior",accelerating
video_0199,0,760,809,809,30,0,False,0,street,daytime,cloudy,1,"adult,senior",accelerating
video_0199,0,770,819,809,30,0,False,0,street,daytime,cloudy,1,"adult,senior",accelerating
video_0199,0,780,829,809,30,0,False,0,street,daytime,cloudy,1,"adult,senior",accelerating
video_0199,0,790,839,809,20,0,False,0,street,daytime,cloudy,1,"adult,senior",accelerating
video_0199,0,800,849,849,20,0,False,0,street,daytime,cloudy,1,"adult,senior",accelerating
video_0199,0,810,859,859,20,0,False,0,street,daytime,cloudy,1,"adult,senior",accelerating
video_0199,0,820,869,869,30,0,False,0,street,daytime,cloudy,1,"adult,senior",accelerating
video_0199,0,830,879,879,40,0,False,0,street,daytime,cloudy,1,"adult,senior",accelerating
video_0199,0,840,889,889,50,0,False,0,street,daytime,cloudy,1,"adult,senior",accelerating
video_0199,0,850,899,899,50,0,False,0,street,daytime,cloudy,1,"adult,senior",accelerating
video_0199,0,860,909,909,50,0,False,0,street,daytime,cloudy,1,"adult,senior",accelerating
video_0199,0,870,919,919,50,0,False,0,street,daytime,cloudy,1,"adult,senior",accelerating
video_0199,0,880,929,929,50,0,False,0,street,daytime,cloudy,1,"adult,senior",accelerating
video_0199,0,890,939,929,40,0,False,0,street,daytime,cloudy,1,"adult,senior",accelerating
video_0199,0,900,949,929,30,0,False,0,street,daytime,cloudy,1,"adult,senior",accelerating
video_0199,0,910,959,929,20,0,False,0,street,daytime,cloudy,1,"adult,senior",accelerating
video_0199,0,920,969,929,10,0,False,0,street,daytime,cloudy,1,"adult,senior",accelerating
video_0200,0,0,49,49,50,34,True,1,street,daytime,cloudy,1,"adult,senior",decelerating
video_0200,0,10,59,59,50,32,True,1,street,daytime,cloudy,1,"adult,senior",decelerating
video_0200,0,20,69,69,50,27,True,1,street,daytime,cloudy,1,"adult,senior",decelerating
video_0200,0,30,79,79,50,21,False,1,street,daytime,cloudy,1,"adult,senior",accelerating
video_0200,0,40,89,89,50,16,False,1,street,daytime,cloudy,1,"adult,senior",accelerating
video_0200,0,50,99,99,50,18,False,2,street,daytime,cloudy,1,"adult,senior",accelerating
video_0200,0,60,109,109,50,16,False,2,street,daytime,cloudy,1,"adult,senior",decelerating
video_0200,0,70,119,119,50,16,False,2,street,daytime,cloudy,1,"adult,senior",decelerating
video_0200,0,80,129,129,50,20,False,2,street,daytime,cloudy,1,"adult,senior",decelerating
video_0200,0,90,139,139,50,20,False,2,street,daytime,cloudy,1,"adult,senior",decelerating
video_0200,0,100,149,149,50,10,False,2,street,daytime,cloudy,1,"adult,senior",decelerating
video_0200,0,110,159,149,40,4,False,2,street,daytime,cloudy,1,"adult,senior",decelerating
video_0200,0,120,169,149,30,4,False,2,street,daytime,cloudy,1,"adult,senior",decelerating
video_0200,0,130,179,149,20,0,False,2,street,daytime,cloudy,1,"adult,senior",decelerating
video_0200,0,140,189,149,10,0,False,2,street,daytime,cloudy,1,"adult,senior",decelerating
video_0200,1,90,139,139,50,20,False,2,street,daytime,cloudy,1,"adult,senior",decelerating
video_0200,1,100,149,149,50,10,False,2,street,daytime,cloudy,1,"adult,senior",decelerating
video_0200,1,110,159,149,40,4,False,2,street,daytime,cloudy,1,"adult,senior",decelerating
video_0200,1,120,169,149,30,4,False,2,street,daytime,cloudy,1,"adult,senior",decelerating
video_0200,1,130,179,149,20,0,False,2,street,daytime,cloudy,1,"adult,senior",decelerating
video_0200,1,140,189,149,10,0,False,2,street,daytime,cloudy,1,"adult,senior",decelerating
video_0201,0,0,49,49,50,13,False,1,street,daytime,clear,2,adult,accelerating
video_0201,0,10,59,59,50,5,False,1,street,daytime,clear,2,adult,accelerating
video_0201,0,20,69,59,40,0,False,1,street,daytime,clear,2,adult,accelerating
video_0201,0,30,79,59,30,0,False,1,street,daytime,clear,2,adult,accelerating
video_0201,0,40,89,59,20,0,False,1,street,daytime,clear,2,adult,accelerating
video_0201,0,50,99,99,20,0,False,1,street,daytime,clear,2,adult,decelerating
video_0201,0,60,109,109,20,4,False,1,street,daytime,clear,2,adult,decelerating
video_0201,0,70,119,119,30,14,False,1,street,daytime,clear,2,adult,accelerating
video_0201,0,80,129,129,40,24,False,2,street,daytime,clear,2,adult,accelerating
video_0201,0,90,139,139,50,34,True,2,street,daytime,clear,2,adult,accelerating
video_0201,0,100,149,149,50,44,True,2,street,daytime,clear,2,adult,accelerating
video_0201,0,110,159,149,40,40,True,2,street,daytime,clear,2,adult,accelerating
video_0201,0,120,169,149,30,30,True,2,street,daytime,clear,2,adult,accelerating
video_0201,0,130,179,149,20,20,False,2,street,daytime,clear,2,adult,accelerating
video_0201,0,140,189,149,10,10,False,2,street,daytime,clear,2,adult,accelerating
video_0201,1,120,169,149,30,30,True,2,street,daytime,clear,2,adult,accelerating
video_0201,1,130,179,149,20,20,False,2,street,daytime,clear,2,adult,accelerating
video_0201,1,140,189,149,10,10,False,2,street,daytime,clear,2,adult,accelerating
video_0203,0,0,49,49,50,0,False,1,street,daytime,clear,1,adult,decelerating
video_0203,0,10,59,59,50,0,False,1,street,daytime,clear,1,adult,accelerating
video_0203,0,20,69,69,50,0,False,1,street,daytime,clear,1,adult,accelerating
video_0203,0,30,79,79,50,0,False,0,street,daytime,clear,1,adult,accelerating
video_0203,0,40,89,89,50,0,False,0,street,daytime,clear,1,adult,accelerating
video_0203,0,50,99,99,50,10,False,1,street,daytime,clear,1,adult,accelerating
video_0203,0,60,109,109,50,20,False,1,street,daytime,clear,1,adult,accelerating
video_0203,0,70,119,119,50,30,True,1,street,daytime,clear,1,adult,accelerating
video_0203,0,80,129,119,40,30,True,1,street,daytime,clear,1,adult,accelerating
video_0203,0,90,139,119,30,30,True,1,street,daytime,clear,1,adult,accelerating
video_0203,0,100,149,119,20,20,False,1,street,daytime,clear,1,adult,accelerating
video_0203,0,110,159,119,10,10,False,1,street,daytime,clear,1,adult,accelerating
video_0203,1,0,49,49,50,23,False,1,street,daytime,clear,1,adult,decelerating
video_0203,1,10,59,59,50,13,False,1,street,daytime,clear,1,adult,accelerating
video_0203,1,20,69,69,50,6,False,1,street,daytime,clear,1,adult,accelerating
video_0203,1,30,79,79,50,0,False,0,street,daytime,clear,1,adult,accelerating
video_0203,1,40,89,89,50,0,False,0,street,daytime,clear,1,adult,accelerating
video_0203,1,50,99,89,40,0,False,1,street,daytime,clear,1,adult,accelerating
video_0203,1,60,109,89,30,0,False,1,street,daytime,clear,1,adult,accelerating
video_0203,1,70,119,89,20,0,False,1,street,daytime,clear,1,adult,accelerating
video_0203,1,80,129,89,10,0,False,1,street,daytime,clear,1,adult,accelerating
video_0204,0,0,49,49,50,9,False,2,street,daytime,clear,3,adult,decelerating
video_0204,0,10,59,59,50,3,False,2,street,daytime,clear,3,adult,decelerating
video_0204,0,20,69,69,50,3,False,2,street,daytime,clear,3,adult,decelerating
video_0204,0,30,79,79,50,3,False,2,street,daytime,clear,3,adult,decelerating
video_0204,0,40,89,89,50,0,False,2,street,daytime,clear,3,adult,decelerating
video_0204,0,50,99,99,50,0,False,2,street,daytime,clear,3,adult,decelerating
video_0204,0,60,109,109,50,0,False,2,street,daytime,clear,3,adult,decelerating
video_0204,0,70,119,119,50,0,False,2,street,daytime,clear,3,adult,decelerating
video_0204,0,80,129,129,50,0,False,2,street,daytime,clear,3,adult,decelerating
video_0204,0,90,139,139,50,0,False,2,street,daytime,clear,3,adult,decelerating
video_0204,0,100,149,149,50,0,False,2,street,daytime,clear,3,adult,decelerating
video_0204,0,110,159,149,40,0,False,2,street,daytime,clear,3,adult,decelerating
video_0204,0,120,169,149,30,0,False,2,street,daytime,clear,3,adult,decelerating
video_0204,0,130,179,149,20,0,False,2,street,daytime,clear,3,adult,decelerating
video_0204,0,140,189,149,10,0,False,2,street,daytime,clear,3,adult,decelerating
video_0204,1,0,49,49,50,9,False,2,street,daytime,clear,3,adult,decelerating
video_0204,1,10,59,59,50,3,False,2,street,daytime,clear,3,adult,decelerating
video_0204,1,20,69,69,50,3,False,2,street,daytime,clear,3,adult,decelerating
video_0204,1,30,79,79,50,3,False,2,street,daytime,clear,3,adult,decelerating
video_0204,1,40,89,89,50,0,False,2,street,daytime,clear,3,adult,decelerating
video_0204,1,50,99,99,50,0,False,2,street,daytime,clear,3,adult,decelerating
video_0204,1,60,109,109,50,0,False,2,street,daytime,clear,3,adult,decelerating
video_0204,1,70,119,119,50,0,False,2,street,daytime,clear,3,adult,decelerating
video_0204,1,80,129,129,50,0,False,2,street,daytime,clear,3,adult,decelerating
video_0204,1,90,139,139,50,0,False,2,street,daytime,clear,3,adult,decelerating
video_0204,1,100,149,149,50,0,False,2,street,daytime,clear,3,adult,decelerating
video_0204,1,110,159,149,40,0,False,2,street,daytime,clear,3,adult,decelerating
video_0204,1,120,169,149,30,0,False,2,street,daytime,clear,3,adult,decelerating
video_0204,1,130,179,149,20,0,False,2,street,daytime,clear,3,adult,decelerating
video_0204,1,140,189,149,10,0,False,2,street,daytime,clear,3,adult,decelerating
video_0205,0,0,49,29,30,0,False,1,street,daytime,cloudy,2,adult,decelerating
video_0205,0,10,59,29,20,0,False,1,street,daytime,cloudy,2,adult,decelerating
video_0205,0,20,69,29,10,0,False,1,street,daytime,cloudy,2,adult,decelerating
video_0205,0,80,129,129,10,0,False,1,street,daytime,cloudy,2,adult,stopped
video_0205,0,90,139,139,20,0,False,1,street,daytime,cloudy,2,adult,stopped
video_0205,0,100,149,149,30,0,False,1,street,daytime,cloudy,2,adult,stopped
video_0205,0,110,159,159,40,0,False,1,street,daytime,cloudy,2,adult,stopped
video_0205,0,120,169,169,50,0,False,1,street,daytime,cloudy,2,adult,stopped
video_0205,0,130,179,179,50,0,False,1,street,daytime,cloudy,2,adult,stopped
video_0205,0,140,189,179,40,0,False,1,street,daytime,cloudy,2,adult,stopped
video_0205,0,150,199,179,30,0,False,1,street,daytime,cloudy,2,adult,stopped
video_0205,0,160,209,179,20,0,False,1,street,daytime,cloudy,2,adult,stopped
video_0205,0,170,219,179,10,0,False,1,street,daytime,cloudy,2,adult,stopped
video_0206,0,30,79,79,50,41,True,2,street,daytime,clear,2,"adult,senior",decelerating
video_0206,0,40,89,89,50,41,True,2,street,daytime,clear,2,"adult,senior",decelerating
video_0206,0,50,99,99,50,41,True,2,street,daytime,clear,2,"adult,senior",decelerating
video_0206,0,60,109,109,50,44,True,2,street,daytime,clear,2,"adult,senior",decelerating
video_0206,0,70,119,119,50,42,True,2,street,daytime,clear,2,"adult,senior",decelerating
video_0206,0,80,129,129,50,34,True,2,street,daytime,clear,2,"adult,senior",decelerating
video_0206,0,90,139,139,50,24,False,2,street,daytime,clear,2,"adult,senior",decelerating
video_0206,0,100,149,149,50,14,False,2,street,daytime,clear,2,"adult,senior",accelerating
video_0206,0,110,159,159,50,4,False,2,street,daytime,clear,2,"adult,senior",accelerating
video_0206,0,120,169,169,50,2,False,2,street,daytime,clear,2,"adult,senior",accelerating
video_0206,0,130,179,179,50,5,False,2,street,daytime,clear,2,"adult,senior",accelerating
video_0206,0,140,189,179,40,5,False,2,street,daytime,clear,2,"adult,senior",accelerating
video_0206,0,150,199,179,30,5,False,1,street,daytime,clear,2,"adult,senior",accelerating
video_0206,0,160,209,179,20,5,False,1,street,daytime,clear,2,"adult,senior",accelerating
video_0206,0,170,219,179,10,3,False,1,street,daytime,clear,2,"adult,senior",accelerating
video_0206,1,60,109,89,30,24,False,2,street,daytime,clear,2,"adult,senior",decelerating
video_0206,1,70,119,89,20,18,False,2,street,daytime,clear,2,"adult,senior",decelerating
video_0206,1,80,129,129,20,11,False,2,street,daytime,clear,2,"adult,senior",decelerating
video_0206,1,90,139,139,20,1,False,2,street,daytime,clear,2,"adult,senior",decelerating
video_0206,1,100,149,149,30,1,False,2,street,daytime,clear,2,"adult,senior",accelerating
video_0206,1,110,159,149,30,1,False,2,street,daytime,clear,2,"adult,senior",accelerating
video_0206,1,120,169,149,30,1,False,2,street,daytime,clear,2,"adult,senior",accelerating
video_0206,1,130,179,149,20,0,False,2,street,daytime,clear,2,"adult,senior",accelerating
video_0206,1,140,189,149,10,0,False,2,street,daytime,clear,2,"adult,senior",accelerating
video_0208,0,60,109,109,50,20,False,2,street,daytime,clear,2,adult,decelerating
video_0208,0,70,119,119,50,30,True,2,street,daytime,clear,2,adult,decelerating
video_0208,0,80,129,129,50,40,True,2,street,daytime,clear,2,adult,decelerating
video_0208,0,90,139,139,50,50,True,2,street,daytime,clear,2,adult,decelerating
video_0208,0,100,149,149,50,50,True,2,street,daytime,clear,2,adult,decelerating
video_0208,0,110,159,159,50,40,True,2,street,daytime,clear,2,adult,decelerating
video_0208,0,120,169,169,50,30,True,2,street,daytime,clear,2,adult,accelerating
video_0208,0,130,179,179,50,20,False,2,street,daytime,clear,2,adult,accelerating
video_0208,0,140,189,189,50,20,False,2,street,daytime,clear,2,adult,accelerating
video_0208,0,150,199,199,50,20,False,2,street,daytime,clear,2,adult,accelerating
video_0208,0,160,209,209,50,30,True,2,street,daytime,clear,2,adult,accelerating
video_0208,0,170,219,219,50,40,True,2,street,daytime,clear,2,adult,accelerating
video_0208,0,180,229,229,50,50,True,2,street,daytime,clear,2,adult,accelerating
video_0208,0,190,239,239,50,50,True,2,street,daytime,clear,2,adult,accelerating
video_0208,0,200,249,239,40,40,True,2,street,daytime,clear,2,adult,accelerating
video_0208,0,210,259,239,30,30,True,2,street,daytime,clear,2,adult,accelerating
video_0208,0,220,269,239,20,20,False,2,street,daytime,clear,2,adult,accelerating
video_0208,0,230,279,239,10,10,False,2,street,daytime,clear,2,adult,accelerating
video_0208,1,90,139,139,50,50,True,2,street,daytime,clear,2,adult,decelerating
video_0208,1,100,149,149,50,50,True,2,street,daytime,clear,2,adult,decelerating
video_0208,1,110,159,149,40,40,True,2,street,daytime,clear,2,adult,decelerating
video_0208,1,120,169,149,30,30,True,2,street,daytime,clear,2,adult,decelerating
video_0208,1,130,179,149,20,20,False,2,street,daytime,clear,2,adult,decelerating
video_0208,1,140,189,189,20,20,False,2,street,daytime,clear,2,adult,accelerating
video_0208,1,150,199,199,20,20,False,2,street,daytime,clear,2,adult,accelerating
video_0208,1,160,209,209,30,30,True,2,street,daytime,clear,2,adult,accelerating
video_0208,1,170,219,219,40,40,True,2,street,daytime,clear,2,adult,accelerating
video_0208,1,180,229,229,50,50,True,2,street,daytime,clear,2,adult,accelerating
video_0208,1,190,239,239,50,50,True,2,street,daytime,clear,2,adult,accelerating
video_0208,1,200,249,239,40,40,True,2,street,daytime,clear,2,adult,accelerating
video_0208,1,210,259,239,30,30,True,2,street,daytime,clear,2,adult,accelerating
video_0208,1,220,269,239,20,20,False,2,street,daytime,clear,2,adult,accelerating
video_0208,1,230,279,239,10,10,False,2,street,daytime,clear,2,adult,accelerating
video_0209,0,0,49,49,50,20,False,2,street,daytime,clear,2,adult,accelerating
video_0209,0,10,59,59,50,30,True,2,street,daytime,clear,2,adult,accelerating
video_0209,0,20,69,69,50,30,True,2,street,daytime,clear,2,adult,accelerating
video_0209,0,30,79,79,50,30,True,2,street,daytime,clear,2,adult,accelerating
video_0209,0,40,89,89,50,20,False,2,street,daytime,clear,2,adult,accelerating
video_0209,0,50,99,99,50,10,False,2,street,daytime,clear,2,adult,accelerating
video_0209,0,60,109,109,50,0,False,1,street,daytime,clear,2,adult,decelerating
video_0209,0,70,119,119,50,0,False,1,street,daytime,clear,2,adult,decelerating
video_0209,0,80,129,129,50,0,False,1,street,daytime,clear,2,adult,decelerating
video_0209,0,90,139,139,50,0,False,1,street,daytime,clear,2,adult,decelerating
video_0209,0,100,149,149,50,0,False,1,street,daytime,clear,2,adult,decelerating
video_0209,0,110,159,149,40,0,False,1,street,daytime,clear,2,adult,decelerating
video_0209,0,120,169,149,30,0,False,0,street,daytime,clear,2,adult,decelerating
video_0209,0,130,179,149,20,0,False,0,street,daytime,clear,2,adult,decelerating
video_0209,0,140,189,149,10,0,False,0,street,daytime,clear,2,adult,decelerating
video_0209,1,30,79,79,50,30,True,2,street,daytime,clear,2,adult,accelerating
video_0209,1,40,89,89,50,20,False,2,street,daytime,clear,2,adult,accelerating
video_0209,1,50,99,99,50,20,False,2,street,daytime,clear,2,adult,accelerating
video_0209,1,60,109,109,50,20,False,1,street,daytime,clear,2,adult,decelerating
video_0209,1,70,119,119,50,30,True,1,street,daytime,clear,2,adult,decelerating
video_0209,1,80,129,129,50,30,True,1,street,daytime,clear,2,adult,decelerating
video_0209,1,90,139,139,50,30,True,1,street,daytime,clear,2,adult,decelerating
video_0209,1,100,149,149,50,20,False,1,street,daytime,clear,2,adult,decelerating
video_0209,1,110,159,149,40,10,False,1,street,daytime,clear,2,adult,decelerating
video_0209,1,120,169,149,30,0,False,0,street,daytime,clear,2,adult,decelerating
video_0209,1,130,179,149,20,0,False,0,street,daytime,clear,2,adult,decelerating
video_0209,1,140,189,149,10,0,False,0,street,daytime,clear,2,adult,decelerating
video_0210,0,120,169,149,30,0,False,0,street,daytime,clear,2,senior,decelerating
video_0210,0,130,179,149,20,0,False,0,street,daytime,clear,2,senior,decelerating
video_0210,0,140,189,149,10,0,False,0,street,daytime,clear,2,senior,decelerating
video_0211,0,0,49,49,50,49,True,2,street,daytime,cloudy,3,adult,decelerating
video_0211,0,10,59,59,50,48,True,2,street,daytime,cloudy,3,adult,decelerating
video_0211,0,20,69,69,50,48,True,2,street,daytime,cloudy,3,adult,decelerating
video_0211,0,30,79,79,50,48,True,2,street,daytime,cloudy,3,adult,decelerating
video_0211,0,40,89,89,50,49,True,2,street,daytime,cloudy,3,adult,decelerating
video_0211,0,50,99,99,50,48,True,2,street,daytime,cloudy,3,adult,decelerating
video_0211,0,60,109,109,50,48,True,2,street,daytime,cloudy,3,adult,decelerating
video_0211,0,70,119,119,50,40,True,2,street,daytime,cloudy,3,adult,decelerating
video_0211,0,80,129,129,50,30,True,2,street,daytime,cloudy,3,adult,decelerating
video_0211,0,90,139,139,50,20,False,2,street,daytime,cloudy,3,adult,decelerating
video_0211,0,100,149,149,50,11,False,2,street,daytime,cloudy,3,adult,decelerating
video_0211,0,110,159,149,40,2,False,2,street,daytime,cloudy,3,adult,decelerating
video_0211,0,120,169,149,30,0,False,2,street,daytime,cloudy,3,adult,decelerating
video_0211,0,130,179,149,20,0,False,2,street,daytime,cloudy,3,adult,decelerating
video_0211,0,140,189,149,10,0,False,2,street,daytime,cloudy,3,adult,decelerating
video_0211,1,0,49,49,50,49,True,2,street,daytime,cloudy,3,adult,decelerating
video_0211,1,10,59,59,50,48,True,2,street,daytime,cloudy,3,adult,decelerating
video_0211,1,20,69,69,50,48,True,2,street,daytime,cloudy,3,adult,decelerating
video_0211,1,30,79,79,50,48,True,2,street,daytime,cloudy,3,adult,decelerating
video_0211,1,40,89,89,50,49,True,2,street,daytime,cloudy,3,adult,decelerating
video_0211,1,50,99,99,50,48,True,2,street,daytime,cloudy,3,adult,decelerating
video_0211,1,60,109,109,50,48,True,2,street,daytime,cloudy,3,adult,decelerating
video_0211,1,70,119,119,50,40,True,2,street,daytime,cloudy,3,adult,decelerating
video_0211,1,80,129,129,50,30,True,2,street,daytime,cloudy,3,adult,decelerating
video_0211,1,90,139,139,50,20,False,2,street,daytime,cloudy,3,adult,decelerating
video_0211,1,100,149,149,50,11,False,2,street,daytime,cloudy,3,adult,decelerating
video_0211,1,110,159,149,40,2,False,2,street,daytime,cloudy,3,adult,decelerating
video_0211,1,120,169,149,30,0,False,2,street,daytime,cloudy,3,adult,decelerating
video_0211,1,130,179,149,20,0,False,2,street,daytime,cloudy,3,adult,decelerating
video_0211,1,140,189,149,10,0,False,2,street,daytime,cloudy,3,adult,decelerating
video_0212,0,0,49,49,50,0,False,1,street,daytime,clear,2,senior,accelerating
video_0212,0,10,59,59,50,0,False,1,street,daytime,clear,2,senior,decelerating
video_0212,0,20,69,69,50,0,False,1,street,daytime,clear,2,senior,decelerating
video_0212,0,30,79,79,50,0,False,1,street,daytime,clear,2,senior,decelerating
video_0212,0,40,89,89,50,0,False,1,street,daytime,clear,2,senior,accelerating
video_0212,0,50,99,99,50,0,False,2,street,daytime,clear,2,senior,accelerating
video_0212,0,60,109,109,50,0,False,2,street,daytime,clear,2,senior,accelerating
video_0212,0,70,119,119,50,0,False,2,street,daytime,clear,2,senior,decelerating
video_0212,0,80,129,129,50,0,False,2,street,daytime,clear,2,senior,decelerating
video_0212,0,90,139,139,50,0,False,2,street,daytime,clear,2,senior,decelerating
video_0212,0,100,149,149,50,0,False,2,street,daytime,clear,2,senior,decelerating
video_0212,0,110,159,159,50,0,False,2,street,daytime,clear,2,senior,decelerating
video_0212,0,120,169,169,50,0,False,1,street,daytime,clear,2,senior,decelerating
video_0212,0,130,179,179,50,0,False,1,street,daytime,clear,2,senior,decelerating
video_0212,0,140,189,189,50,0,False,2,street,daytime,clear,2,senior,decelerating
video_0212,0,150,199,199,50,0,False,2,street,daytime,clear,2,senior,decelerating
video_0212,0,160,209,209,50,0,False,2,street,daytime,clear,2,senior,decelerating
video_0212,0,170,219,209,40,0,False,2,street,daytime,clear,2,senior,decelerating
video_0212,0,180,229,209,30,0,False,2,street,daytime,clear,2,senior,decelerating
video_0212,0,190,239,209,20,0,False,2,street,daytime,clear,2,senior,decelerating
video_0212,0,200,249,209,10,0,False,2,street,daytime,clear,2,senior,decelerating
video_0212,1,90,139,139,50,0,False,2,street,daytime,clear,2,senior,decelerating
video_0212,1,100,149,149,50,0,False,2,street,daytime,clear,2,senior,decelerating
video_0212,1,110,159,159,50,0,False,2,street,daytime,clear,2,senior,decelerating
video_0212,1,120,169,169,50,0,False,1,street,daytime,clear,2,senior,decelerating
video_0212,1,130,179,179,50,0,False,1,street,daytime,clear,2,senior,decelerating
video_0212,1,140,189,189,50,0,False,2,street,daytime,clear,2,senior,decelerating
video_0212,1,150,199,199,50,0,False,2,street,daytime,clear,2,senior,decelerating
video_0212,1,160,209,209,50,0,False,2,street,daytime,clear,2,senior,decelerating
video_0212,1,170,219,209,40,0,False,2,street,daytime,clear,2,senior,decelerating
video_0212,1,180,229,209,30,0,False,2,street,daytime,clear,2,senior,decelerating
video_0212,1,190,239,209,20,0,False,2,street,daytime,clear,2,senior,decelerating
video_0212,1,200,249,209,10,0,False,2,street,daytime,clear,2,senior,decelerating
video_0213,0,0,49,49,50,11,False,2,street,daytime,cloudy,3,adult,decelerating
video_0213,0,10,59,59,50,11,False,2,street,daytime,cloudy,3,adult,decelerating
video_0213,0,20,69,69,50,6,False,2,street,daytime,cloudy,3,adult,decelerating
video_0213,0,30,79,79,50,0,False,1,street,daytime,cloudy,3,adult,decelerating
video_0213,0,40,89,89,50,0,False,1,street,daytime,cloudy,3,adult,decelerating
video_0213,0,50,99,99,50,0,False,2,street,daytime,cloudy,3,adult,decelerating
video_0213,0,60,109,109,50,0,False,2,street,daytime,cloudy,3,adult,decelerating
video_0213,0,70,119,119,50,0,False,2,street,daytime,cloudy,3,adult,decelerating
video_0213,0,80,129,129,50,0,False,2,street,daytime,cloudy,3,adult,decelerating
video_0213,0,90,139,139,50,0,False,2,street,daytime,cloudy,3,adult,decelerating
video_0213,0,100,149,149,50,0,False,2,street,daytime,cloudy,3,adult,decelerating
video_0213,0,110,159,159,50,0,False,2,street,daytime,cloudy,3,adult,stopped
video_0213,0,120,169,169,50,0,False,2,street,daytime,cloudy,3,adult,stopped
video_0213,0,130,179,179,50,0,False,2,street,daytime,cloudy,3,adult,stopped
video_0213,0,140,189,179,40,0,False,2,street,daytime,cloudy,3,adult,stopped
video_0213,0,150,199,179,30,0,False,1,street,daytime,cloudy,3,adult,stopped
video_0213,0,160,209,179,20,0,False,1,street,daytime,cloudy,3,adult,stopped
video_0213,0,170,219,179,10,0,False,1,street,daytime,cloudy,3,adult,stopped
video_0213,0,200,249,249,10,0,False,1,street,daytime,cloudy,3,adult,decelerating
video_0213,0,210,259,259,20,0,False,1,street,daytime,cloudy,3,adult,accelerating
video_0213,0,220,269,269,30,0,False,1,street,daytime,cloudy,3,adult,accelerating
video_0213,0,230,279,279,40,0,False,1,street,daytime,cloudy,3,adult,accelerating
video_0213,0,240,289,289,50,0,False,1,street,daytime,cloudy,3,adult,accelerating
video_0213,0,250,299,299,50,0,False,1,street,daytime,cloudy,3,adult,accelerating
video_0213,0,260,309,309,50,0,False,1,street,daytime,cloudy,3,adult,accelerating
video_0213,0,270,319,319,50,0,False,1,street,daytime,cloudy,3,adult,accelerating
video_0213,0,280,329,329,50,0,False,1,street,daytime,cloudy,3,adult,accelerating
video_0213,0,290,339,339,50,0,False,1,street,daytime,cloudy,3,adult,accelerating
video_0213,0,300,349,349,50,0,False,1,street,daytime,cloudy,3,adult,accelerating
video_0213,0,310,359,359,50,2,False,1,street,daytime,cloudy,3,adult,accelerating
video_0213,0,320,369,359,40,2,False,1,street,daytime,cloudy,3,adult,accelerating
video_0213,0,330,379,359,30,2,False,1,street,daytime,cloudy,3,adult,accelerating
video_0213,0,340,389,359,20,2,False,1,street,daytime,cloudy,3,adult,accelerating
video_0213,0,350,399,359,10,2,False,1,street,daytime,cloudy,3,adult,accelerating
video_0213,1,0,49,29,30,11,False,2,street,daytime,cloudy,3,adult,decelerating
video_0213,1,10,59,29,20,11,False,2,street,daytime,cloudy,3,adult,decelerating
video_0213,1,20,69,29,10,6,False,2,street,daytime,cloudy,3,adult,decelerating
video_0213,1,50,99,99,10,0,False,2,street,daytime,cloudy,3,adult,decelerating
video_0213,1,60,109,109,20,0,False,2,street,daytime,cloudy,3,adult,decelerating
video_0213,1,70,119,119,30,0,False,2,street,daytime,cloudy,3,adult,decelerating
video_0213,1,80,129,129,40,0,False,2,street,daytime,cloudy,3,adult,decelerating
video_0213,1,90,139,139,50,0,False,2,street,daytime,cloudy,3,adult,decelerating
video_0213,1,100,149,149,50,0,False,2,street,daytime,cloudy,3,adult,decelerating
video_0213,1,110,159,149,40,0,False,2,street,daytime,cloudy,3,adult,decelerating
video_0213,1,120,169,149,30,0,False,2,street,daytime,cloudy,3,adult,decelerating
video_0213,1,130,179,149,20,0,False,2,street,daytime,cloudy,3,adult,decelerating
video_0213,1,140,189,149,10,0,False,2,street,daytime,cloudy,3,adult,decelerating
video_0213,1,290,339,339,10,0,False,1,street,daytime,cloudy,3,adult,accelerating
video_0213,1,300,349,349,20,0,False,1,street,daytime,cloudy,3,adult,accelerating
video_0213,1,310,359,359,30,0,False,1,street,daytime,cloudy,3,adult,accelerating
video_0213,1,320,369,359,30,0,False,1,street,daytime,cloudy,3,adult,accelerating
video_0213,1,330,379,359,30,0,False,1,street,daytime,cloudy,3,adult,accelerating
video_0213,1,340,389,359,20,0,False,1,street,daytime,cloudy,3,adult,accelerating
video_0213,1,350,399,359,10,0,False,1,street,daytime,cloudy,3,adult,accelerating
video_0214,0,120,169,149,30,0,False,1,street,daytime,cloudy,3,senior,accelerating
video_0214,0,130,179,149,20,0,False,1,street,daytime,cloudy,3,senior,accelerating
video_0214,0,140,189,149,10,0,False,1,street,daytime,cloudy,3,senior,accelerating
video_0215,0,0,49,49,50,0,False,2,street,daytime,cloudy,2,adult,decelerating
video_0215,0,10,59,59,50,0,False,2,street,daytime,cloudy,2,adult,decelerating
video_0215,0,20,69,69,50,0,False,2,street,daytime,cloudy,2,adult,decelerating
video_0215,0,30,79,79,50,0,False,2,street,daytime,cloudy,2,adult,decelerating
video_0215,0,40,89,89,50,0,False,2,street,daytime,cloudy,2,adult,decelerating
video_0215,0,50,99,99,50,0,False,2,street,daytime,cloudy,2,adult,decelerating
video_0215,0,60,109,109,50,0,False,1,street,daytime,cloudy,2,adult,decelerating
video_0215,0,70,119,119,50,0,False,1,street,daytime,cloudy,2,adult,decelerating
video_0215,0,80,129,129,50,0,False,2,street,daytime,cloudy,2,adult,decelerating
video_0215,0,90,139,139,50,0,False,2,street,daytime,cloudy,2,adult,decelerating
video_0215,0,100,149,149,50,0,False,2,street,daytime,cloudy,2,adult,decelerating
video_0215,0,110,159,159,50,0,False,2,street,daytime,cloudy,2,adult,decelerating
video_0215,0,120,169,169,50,0,False,2,street,daytime,cloudy,2,adult,decelerating
video_0215,0,130,179,179,50,0,False,2,street,daytime,cloudy,2,adult,decelerating
video_0215,0,140,189,189,50,0,False,2,street,daytime,cloudy,2,adult,decelerating
video_0215,0,150,199,199,50,0,False,2,street,daytime,cloudy,2,adult,decelerating
video_0215,0,160,209,209,50,0,False,2,street,daytime,cloudy,2,adult,decelerating
video_0215,0,170,219,219,50,0,False,2,street,daytime,cloudy,2,adult,decelerating
video_0215,0,180,229,229,50,0,False,2,street,daytime,cloudy,2,adult,decelerating
video_0215,0,190,239,239,50,0,False,2,street,daytime,cloudy,2,adult,accelerating
video_0215,0,200,249,249,50,0,False,2,street,daytime,cloudy,2,adult,accelerating
video_0215,0,210,259,259,50,0,False,2,street,daytime,cloudy,2,adult,accelerating
video_0215,0,220,269,269,50,0,False,2,street,daytime,cloudy,2,adult,accelerating
video_0215,0,230,279,279,50,0,False,2,street,daytime,cloudy,2,adult,accelerating
video_0215,0,240,289,289,50,0,False,2,street,daytime,cloudy,2,adult,accelerating
video_0215,0,250,299,299,50,0,False,2,street,daytime,cloudy,2,adult,accelerating
video_0215,0,260,309,299,40,0,False,2,street,daytime,cloudy,2,adult,accelerating
video_0215,0,270,319,299,30,0,False,1,street,daytime,cloudy,2,adult,accelerating
video_0215,0,280,329,299,20,0,False,1,street,daytime,cloudy,2,adult,accelerating
video_0215,0,290,339,299,10,0,False,1,street,daytime,cloudy,2,adult,accelerating
video_0215,1,30,79,59,30,0,False,2,street,daytime,cloudy,2,adult,decelerating
video_0215,1,40,89,59,20,0,False,2,street,daytime,cloudy,2,adult,decelerating
video_0215,1,50,99,99,20,0,False,2,street,daytime,cloudy,2,adult,decelerating
video_0215,1,60,109,109,20,0,False,1,street,daytime,cloudy,2,adult,decelerating
video_0215,1,70,119,119,30,0,False,1,street,daytime,cloudy,2,adult,decelerating
video_0215,1,80,129,129,40,0,False,2,street,daytime,cloudy,2,adult,decelerating
video_0215,1,90,139,139,50,0,False,2,street,daytime,cloudy,2,adult,decelerating
video_0215,1,100,149,149,50,0,False,2,street,daytime,cloudy,2,adult,decelerating
video_0215,1,110,159,159,50,0,False,2,street,daytime,cloudy,2,adult,decelerating
video_0215,1,120,169,169,50,0,False,2,street,daytime,cloudy,2,adult,decelerating
video_0215,1,130,179,179,50,0,False,2,street,daytime,cloudy,2,adult,decelerating
video_0215,1,140,189,189,50,0,False,2,street,daytime,cloudy,2,adult,decelerating
video_0215,1,150,199,199,50,0,False,2,street,daytime,cloudy,2,adult,decelerating
video_0215,1,160,209,209,50,0,False,2,street,daytime,cloudy,2,adult,decelerating
video_0215,1,170,219,219,50,0,False,2,street,daytime,cloudy,2,adult,decelerating
video_0215,1,180,229,229,50,0,False,2,street,daytime,cloudy,2,adult,decelerating
video_0215,1,190,239,239,50,0,False,2,street,daytime,cloudy,2,adult,accelerating
video_0215,1,200,249,249,50,0,False,2,street,daytime,cloudy,2,adult,accelerating
video_0215,1,210,259,259,50,0,False,2,street,daytime,cloudy,2,adult,accelerating
video_0215,1,220,269,269,50,0,False,2,street,daytime,cloudy,2,adult,accelerating
video_0215,1,230,279,279,50,0,False,2,street,daytime,cloudy,2,adult,accelerating
video_0215,1,240,289,289,50,0,False,2,street,daytime,cloudy,2,adult,accelerating
video_0215,1,250,299,299,50,0,False,2,street,daytime,cloudy,2,adult,accelerating
video_0215,1,260,309,299,40,0,False,2,street,daytime,cloudy,2,adult,accelerating
video_0215,1,270,319,299,30,0,False,1,street,daytime,cloudy,2,adult,accelerating
video_0215,1,280,329,299,20,0,False,1,street,daytime,cloudy,2,adult,accelerating
video_0215,1,290,339,299,10,0,False,1,street,daytime,cloudy,2,adult,accelerating
video_0216,0,0,49,29,30,0,False,2,street,daytime,cloudy,6,adult,accelerating
video_0216,0,10,59,29,20,0,False,2,street,daytime,cloudy,6,adult,accelerating
video_0216,0,20,69,29,10,0,False,2,street,daytime,cloudy,6,adult,accelerating
video_0216,0,80,129,129,10,9,False,2,street,daytime,cloudy,6,adult,decelerating
video_0216,0,90,139,139,20,19,False,2,street,daytime,cloudy,6,adult,decelerating
video_0216,0,100,149,149,30,29,True,2,street,daytime,cloudy,6,adult,decelerating
video_0216,0,110,159,149,30,29,True,2,street,daytime,cloudy,6,adult,decelerating
video_0216,0,120,169,149,30,29,True,2,street,daytime,cloudy,6,adult,decelerating
video_0216,0,130,179,149,20,20,False,2,street,daytime,cloudy,6,adult,decelerating
video_0216,0,140,189,149,10,10,False,2,street,daytime,cloudy,6,adult,decelerating
video_0216,1,0,49,29,30,0,False,2,street,daytime,cloudy,6,adult,accelerating
video_0216,1,10,59,29,20,0,False,2,street,daytime,cloudy,6,adult,accelerating
video_0216,1,20,69,29,10,0,False,2,street,daytime,cloudy,6,adult,accelerating
video_0216,1,80,129,129,10,9,False,2,street,daytime,cloudy,6,adult,decelerating
video_0216,1,90,139,139,20,19,False,2,street,daytime,cloudy,6,adult,decelerating
video_0216,1,100,149,149,30,29,True,2,street,daytime,cloudy,6,adult,decelerating
video_0216,1,110,159,149,30,29,True,2,street,daytime,cloudy,6,adult,decelerating
video_0216,1,120,169,149,30,29,True,2,street,daytime,cloudy,6,adult,decelerating
video_0216,1,130,179,149,20,20,False,2,street,daytime,cloudy,6,adult,decelerating
video_0216,1,140,189,149,10,10,False,2,street,daytime,cloudy,6,adult,decelerating
video_0217,0,0,49,49,50,0,False,2,street,daytime,cloudy,3,adult,decelerating
video_0217,0,10,59,59,50,0,False,2,street,daytime,cloudy,3,adult,decelerating
video_0217,0,20,69,69,50,0,False,2,street,daytime,cloudy,3,adult,decelerating
video_0217,0,30,79,79,50,0,False,2,street,daytime,cloudy,3,adult,decelerating
video_0217,0,40,89,89,50,0,False,2,street,daytime,cloudy,3,adult,decelerating
video_0217,0,50,99,99,50,0,False,2,street,daytime,cloudy,3,adult,decelerating
video_0217,0,60,109,109,50,0,False,2,street,daytime,cloudy,3,adult,decelerating
video_0217,0,70,119,119,50,0,False,2,street,daytime,cloudy,3,adult,decelerating
video_0217,0,80,129,129,50,0,False,2,street,daytime,cloudy,3,adult,accelerating
video_0217,0,90,139,139,50,0,False,2,street,daytime,cloudy,3,adult,accelerating
video_0217,0,100,149,149,50,0,False,2,street,daytime,cloudy,3,adult,accelerating
video_0217,0,110,159,159,50,0,False,2,street,daytime,cloudy,3,adult,accelerating
video_0217,0,120,169,169,50,0,False,2,street,daytime,cloudy,3,adult,accelerating
video_0217,0,130,179,179,50,0,False,2,street,daytime,cloudy,3,adult,accelerating
video_0217,0,140,189,189,50,0,False,2,street,daytime,cloudy,3,adult,accelerating
video_0217,0,150,199,199,50,0,False,2,street,daytime,cloudy,3,adult,accelerating
video_0217,0,160,209,209,50,0,False,2,street,daytime,cloudy,3,adult,accelerating
video_0217,0,170,219,209,40,0,False,2,street,daytime,cloudy,3,adult,accelerating
video_0217,0,180,229,209,30,0,False,2,street,daytime,cloudy,3,adult,accelerating
video_0217,0,190,239,209,20,0,False,2,street,daytime,cloudy,3,adult,accelerating
video_0217,0,200,249,209,10,0,False,2,street,daytime,cloudy,3,adult,accelerating
video_0217,1,0,49,49,50,0,False,2,street,daytime,cloudy,3,adult,decelerating
video_0217,1,10,59,59,50,0,False,2,street,daytime,cloudy,3,adult,decelerating
video_0217,1,20,69,69,50,0,False,2,street,daytime,cloudy,3,adult,decelerating
video_0217,1,30,79,79,50,0,False,2,street,daytime,cloudy,3,adult,decelerating
video_0217,1,40,89,89,50,0,False,2,street,daytime,cloudy,3,adult,decelerating
video_0217,1,50,99,99,50,0,False,2,street,daytime,cloudy,3,adult,decelerating
video_0217,1,60,109,109,50,0,False,2,street,daytime,cloudy,3,adult,decelerating
video_0217,1,70,119,119,50,0,False,2,street,daytime,cloudy,3,adult,decelerating
video_0217,1,80,129,129,50,0,False,2,street,daytime,cloudy,3,adult,accelerating
video_0217,1,90,139,139,50,0,False,2,street,daytime,cloudy,3,adult,accelerating
video_0217,1,100,149,149,50,0,False,2,street,daytime,cloudy,3,adult,accelerating
video_0217,1,110,159,159,50,0,False,2,street,daytime,cloudy,3,adult,accelerating
video_0217,1,120,169,169,50,0,False,2,street,daytime,cloudy,3,adult,accelerating
video_0217,1,130,179,179,50,0,False,2,street,daytime,cloudy,3,adult,accelerating
video_0217,1,140,189,189,50,0,False,2,street,daytime,cloudy,3,adult,accelerating
video_0217,1,150,199,199,50,0,False,2,street,daytime,cloudy,3,adult,accelerating
video_0217,1,160,209,209,50,0,False,2,street,daytime,cloudy,3,adult,accelerating
video_0217,1,170,219,209,40,0,False,2,street,daytime,cloudy,3,adult,accelerating
video_0217,1,180,229,209,30,0,False,2,street,daytime,cloudy,3,adult,accelerating
video_0217,1,190,239,209,20,0,False,2,street,daytime,cloudy,3,adult,accelerating
video_0217,1,200,249,209,10,0,False,2,street,daytime,cloudy,3,adult,accelerating
video_0218,0,0,49,29,30,0,False,1,plaza,daytime,rain,1,adult,decelerating
video_0218,0,10,59,29,20,0,False,1,plaza,daytime,rain,1,adult,decelerating
video_0218,0,20,69,69,20,0,False,1,plaza,daytime,rain,1,adult,decelerating
video_0218,0,30,79,79,20,0,False,0,plaza,daytime,rain,1,adult,accelerating
video_0218,0,40,89,89,30,0,False,0,plaza,daytime,rain,1,adult,accelerating
video_0218,0,50,99,99,40,0,False,1,plaza,daytime,rain,1,adult,accelerating
video_0218,0,60,109,109,50,0,False,1,plaza,daytime,rain,1,adult,decelerating
video_0218,0,70,119,119,50,0,False,1,plaza,daytime,rain,1,adult,decelerating
video_0218,0,80,129,129,50,0,False,1,plaza,daytime,rain,1,adult,decelerating
video_0218,0,90,139,139,50,0,False,1,plaza,daytime,rain,1,adult,accelerating
video_0218,0,100,149,149,50,0,False,1,plaza,daytime,rain,1,adult,accelerating
video_0218,0,110,159,159,50,0,False,1,plaza,daytime,rain,1,adult,accelerating
video_0218,0,120,169,169,50,0,False,1,plaza,daytime,rain,1,adult,accelerating
video_0218,0,130,179,179,50,0,False,1,plaza,daytime,rain,1,adult,accelerating
video_0218,0,140,189,179,40,0,False,1,plaza,daytime,rain,1,adult,accelerating
video_0218,0,150,199,179,30,0,False,1,plaza,daytime,rain,1,adult,accelerating
video_0218,0,160,209,179,20,0,False,1,plaza,daytime,rain,1,adult,accelerating
video_0218,0,170,219,179,10,0,False,1,plaza,daytime,rain,1,adult,accelerating
video_0218,1,90,139,139,50,49,True,1,plaza,daytime,rain,1,adult,accelerating
video_0218,1,100,149,149,50,49,True,1,plaza,daytime,rain,1,adult,accelerating
video_0218,1,110,159,159,50,50,True,1,plaza,daytime,rain,1,adult,accelerating
video_0218,1,120,169,169,50,50,True,1,plaza,daytime,rain,1,adult,accelerating
video_0218,1,130,179,179,50,50,True,1,plaza,daytime,rain,1,adult,accelerating
video_0218,1,140,189,179,40,40,True,1,plaza,daytime,rain,1,adult,accelerating
video_0218,1,150,199,179,30,30,True,1,plaza,daytime,rain,1,adult,accelerating
video_0218,1,160,209,179,20,20,False,1,plaza,daytime,rain,1,adult,accelerating
video_0218,1,170,219,179,10,10,False,1,plaza,daytime,rain,1,adult,accelerating
video_0219,0,0,49,49,50,0,False,2,street,daytime,cloudy,3,adult,decelerating
video_0219,0,10,59,59,50,0,False,2,street,daytime,cloudy,3,adult,decelerating
video_0219,0,20,69,69,50,0,False,2,street,daytime,cloudy,3,adult,decelerating
video_0219,0,30,79,79,50,0,False,2,street,daytime,cloudy,3,adult,decelerating
video_0219,0,40,89,89,50,0,False,2,street,daytime,cloudy,3,adult,accelerating
video_0219,0,50,99,99,50,0,False,2,street,daytime,cloudy,3,adult,accelerating
video_0219,0,60,109,109,50,0,False,2,street,daytime,cloudy,3,adult,decelerating
video_0219,0,70,119,119,50,0,False,2,street,daytime,cloudy,3,adult,decelerating
video_0219,0,80,129,129,50,0,False,2,street,daytime,cloudy,3,adult,decelerating
video_0219,0,90,139,139,50,0,False,2,street,daytime,cloudy,3,adult,decelerating
video_0219,0,100,149,149,50,0,False,2,street,daytime,cloudy,3,adult,decelerating
video_0219,0,110,159,159,50,0,False,2,street,daytime,cloudy,3,adult,decelerating
video_0219,0,120,169,169,50,0,False,2,street,daytime,cloudy,3,adult,decelerating
video_0219,0,130,179,179,50,0,False,2,street,daytime,cloudy,3,adult,decelerating
video_0219,0,140,189,189,50,0,False,2,street,daytime,cloudy,3,adult,decelerating
video_0219,0,150,199,199,50,0,False,2,street,daytime,cloudy,3,adult,accelerating
video_0219,0,160,209,209,50,0,False,2,street,daytime,cloudy,3,adult,accelerating
video_0219,0,170,219,219,50,0,False,2,street,daytime,cloudy,3,adult,accelerating
video_0219,0,180,229,229,50,0,False,2,street,daytime,cloudy,3,adult,accelerating
video_0219,0,190,239,239,50,0,False,2,street,daytime,cloudy,3,adult,accelerating
video_0219,0,200,249,239,40,0,False,2,street,daytime,cloudy,3,adult,accelerating
video_0219,0,210,259,239,30,0,False,2,street,daytime,cloudy,3,adult,accelerating
video_0219,0,220,269,239,20,0,False,2,street,daytime,cloudy,3,adult,accelerating
video_0219,0,230,279,239,10,0,False,2,street,daytime,cloudy,3,adult,accelerating
video_0219,1,30,79,79,50,0,False,2,street,daytime,cloudy,3,adult,decelerating
video_0219,1,40,89,89,50,0,False,2,street,daytime,cloudy,3,adult,accelerating
video_0219,1,50,99,99,50,0,False,2,street,daytime,cloudy,3,adult,accelerating
video_0219,1,60,109,109,50,0,False,2,street,daytime,cloudy,3,adult,decelerating
video_0219,1,70,119,119,50,0,False,2,street,daytime,cloudy,3,adult,decelerating
video_0219,1,80,129,129,50,0,False,2,street,daytime,cloudy,3,adult,decelerating
video_0219,1,90,139,139,50,0,False,2,street,daytime,cloudy,3,adult,decelerating
video_0219,1,100,149,149,50,0,False,2,street,daytime,cloudy,3,adult,decelerating
video_0219,1,110,159,159,50,0,False,2,street,daytime,cloudy,3,adult,decelerating
video_0219,1,120,169,169,50,0,False,2,street,daytime,cloudy,3,adult,decelerating
video_0219,1,130,179,179,50,0,False,2,street,daytime,cloudy,3,adult,decelerating
video_0219,1,140,189,189,50,0,False,2,street,daytime,cloudy,3,adult,decelerating
video_0219,1,150,199,199,50,0,False,2,street,daytime,cloudy,3,adult,accelerating
video_0219,1,160,209,209,50,0,False,2,street,daytime,cloudy,3,adult,accelerating
video_0219,1,170,219,219,50,0,False,2,street,daytime,cloudy,3,adult,accelerating
video_0219,1,180,229,229,50,0,False,2,street,daytime,cloudy,3,adult,accelerating
video_0219,1,190,239,239,50,0,False,2,street,daytime,cloudy,3,adult,accelerating
video_0219,1,200,249,239,40,0,False,2,street,daytime,cloudy,3,adult,accelerating
video_0219,1,210,259,239,30,0,False,2,street,daytime,cloudy,3,adult,accelerating
video_0219,1,220,269,239,20,0,False,2,street,daytime,cloudy,3,adult,accelerating
video_0219,1,230,279,239,10,0,False,2,street,daytime,cloudy,3,adult,accelerating
video_0221,0,0,49,49,50,0,False,2,street,daytime,clear,4,"adult,young",decelerating
video_0221,0,10,59,59,50,0,False,2,street,daytime,clear,4,"adult,young",decelerating
video_0221,0,20,69,69,50,0,False,2,street,daytime,clear,4,"adult,young",decelerating
video_0221,0,30,79,79,50,0,False,2,street,daytime,clear,4,"adult,young",decelerating
video_0221,0,40,89,89,50,0,False,2,street,daytime,clear,4,"adult,young",decelerating
video_0221,0,50,99,99,50,0,False,2,street,daytime,clear,4,"adult,young",decelerating
video_0221,0,60,109,109,50,0,False,2,street,daytime,clear,4,"adult,young",decelerating
video_0221,0,70,119,119,50,0,False,2,street,daytime,clear,4,"adult,young",decelerating
video_0221,0,80,129,129,50,0,False,2,street,daytime,clear,4,"adult,young",decelerating
video_0221,0,90,139,139,50,0,False,2,street,daytime,clear,4,"adult,young",decelerating
video_0221,0,100,149,149,50,0,False,2,street,daytime,clear,4,"adult,young",decelerating
video_0221,0,110,159,159,50,0,False,2,street,daytime,clear,4,"adult,young",decelerating
video_0221,0,120,169,169,50,0,False,2,street,daytime,clear,4,"adult,young",stopped
video_0221,0,130,179,179,50,0,False,2,street,daytime,clear,4,"adult,young",stopped
video_0221,0,140,189,189,50,0,False,2,street,daytime,clear,4,"adult,young",stopped
video_0221,0,150,199,199,50,0,False,2,street,daytime,clear,4,"adult,young",accelerating
video_0221,0,160,209,209,50,0,False,2,street,daytime,clear,4,"adult,young",accelerating
video_0221,0,170,219,219,50,0,False,2,street,daytime,clear,4,"adult,young",accelerating
video_0221,0,180,229,229,50,0,False,2,street,daytime,clear,4,"adult,young",accelerating
video_0221,0,190,239,239,50,0,False,2,street,daytime,clear,4,"adult,young",accelerating
video_0221,0,200,249,249,50,0,False,2,street,daytime,clear,4,"adult,young",accelerating
video_0221,0,210,259,259,50,0,False,2,street,daytime,clear,4,"adult,young",accelerating
video_0221,0,220,269,269,50,0,False,2,street,daytime,clear,4,"adult,young",accelerating
video_0221,0,230,279,269,40,0,False,2,street,daytime,clear,4,"adult,young",accelerating
video_0221,0,240,289,269,30,0,False,1,street,daytime,clear,4,"adult,young",accelerating
video_0221,0,250,299,269,20,0,False,1,street,daytime,clear,4,"adult,young",accelerating
video_0221,0,260,309,269,10,0,False,1,street,daytime,clear,4,"adult,young",accelerating
video_0221,1,0,49,49,50,0,False,2,street,daytime,clear,4,"adult,young",decelerating
video_0221,1,10,59,59,50,0,False,2,street,daytime,clear,4,"adult,young",decelerating
video_0221,1,20,69,69,50,0,False,2,street,daytime,clear,4,"adult,young",decelerating
video_0221,1,30,79,79,50,0,False,2,street,daytime,clear,4,"adult,young",decelerating
video_0221,1,40,89,89,50,0,False,2,street,daytime,clear,4,"adult,young",decelerating
video_0221,1,50,99,99,50,0,False,2,street,daytime,clear,4,"adult,young",decelerating
video_0221,1,60,109,109,50,0,False,2,street,daytime,clear,4,"adult,young",decelerating
video_0221,1,70,119,119,50,0,False,2,street,daytime,clear,4,"adult,young",decelerating
video_0221,1,80,129,129,50,0,False,2,street,daytime,clear,4,"adult,young",decelerating
video_0221,1,90,139,139,50,0,False,2,street,daytime,clear,4,"adult,young",decelerating
video_0221,1,100,149,149,50,0,False,2,street,daytime,clear,4,"adult,young",decelerating
video_0221,1,110,159,159,50,0,False,2,street,daytime,clear,4,"adult,young",decelerating
video_0221,1,120,169,169,50,0,False,2,street,daytime,clear,4,"adult,young",stopped
video_0221,1,130,179,179,50,0,False,2,street,daytime,clear,4,"adult,young",stopped
video_0221,1,140,189,189,50,0,False,2,street,daytime,clear,4,"adult,young",stopped
video_0221,1,150,199,199,50,0,False,2,street,daytime,clear,4,"adult,young",accelerating
video_0221,1,160,209,209,50,0,False,2,street,daytime,clear,4,"adult,young",accelerating
video_0221,1,170,219,219,50,0,False,2,street,daytime,clear,4,"adult,young",accelerating
video_0221,1,180,229,229,50,0,False,2,street,daytime,clear,4,"adult,young",accelerating
video_0221,1,190,239,239,50,0,False,2,street,daytime,clear,4,"adult,young",accelerating
video_0221,1,200,249,239,40,0,False,2,street,daytime,clear,4,"adult,young",accelerating
video_0221,1,210,259,239,30,0,False,2,street,daytime,clear,4,"adult,young",accelerating
video_0221,1,220,269,239,20,0,False,2,street,daytime,clear,4,"adult,young",accelerating
video_0221,1,230,279,239,10,0,False,2,street,daytime,clear,4,"adult,young",accelerating
video_0222,0,0,49,49,50,16,False,1,street,daytime,clear,1,adult,decelerating
video_0222,0,10,59,59,50,6,False,1,street,daytime,clear,1,adult,decelerating
video_0222,0,20,69,69,50,10,False,1,street,daytime,clear,1,adult,decelerating
video_0222,0,30,79,79,50,16,False,1,street,daytime,clear,1,adult,decelerating
video_0222,0,40,89,89,50,25,True,1,street,daytime,clear,1,adult,decelerating
video_0222,0,50,99,99,50,34,True,2,street,daytime,clear,1,adult,accelerating
video_0222,0,60,109,109,50,43,True,2,street,daytime,clear,1,adult,accelerating
video_0222,0,70,119,119,50,41,True,2,street,daytime,clear,1,adult,decelerating
video_0222,0,80,129,129,50,43,True,2,street,daytime,clear,1,adult,decelerating
video_0222,0,90,139,139,50,43,True,2,street,daytime,clear,1,adult,decelerating
video_0222,0,100,149,149,50,39,True,2,street,daytime,clear,1,adult,accelerating
video_0222,0,110,159,149,40,30,True,2,street,daytime,clear,1,adult,accelerating
video_0222,0,120,169,149,30,24,False,1,street,daytime,clear,1,adult,accelerating
video_0222,0,130,179,149,20,14,False,1,street,daytime,clear,1,adult,accelerating
video_0222,0,140,189,149,10,5,False,1,street,daytime,clear,1,adult,accelerating
video_0222,1,60,109,109,50,18,False,2,street,daytime,clear,1,adult,accelerating
video_0222,1,70,119,119,50,24,False,2,street,daytime,clear,1,adult,decelerating
video_0222,1,80,129,119,40,24,False,2,street,daytime,clear,1,adult,decelerating
video_0222,1,90,139,119,30,24,False,2,street,daytime,clear,1,adult,decelerating
video_0222,1,100,149,119,20,15,False,2,street,daytime,clear,1,adult,decelerating
video_0222,1,110,159,119,10,6,False,2,street,daytime,clear,1,adult,decelerating
video_0223,0,0,49,49,50,30,True,2,street,daytime,cloud,2,"adult,senior",decelerating
video_0223,0,10,59,59,50,20,False,2,street,daytime,cloud,2,"adult,senior",stopped
video_0223,0,20,69,69,50,20,False,2,street,daytime,cloud,2,"adult,senior",stopped
video_0223,0,30,79,79,50,20,False,2,street,daytime,cloud,2,"adult,senior",stopped
video_0223,0,40,89,89,50,30,True,2,street,daytime,cloud,2,"adult,senior",stopped
video_0223,0,50,99,99,50,40,True,2,street,daytime,cloud,2,"adult,senior",stopped
video_0223,0,60,109,109,50,50,True,2,street,daytime,cloud,2,"adult,senior",stopped
video_0223,0,70,119,119,50,50,True,2,street,daytime,cloud,2,"adult,senior",stopped
video_0223,0,80,129,129,50,50,True,2,street,daytime,cloud,2,"adult,senior",stopped
video_0223,0,90,139,139,50,48,True,2,street,daytime,cloud,2,"adult,senior",stopped
video_0223,0,100,149,149,50,38,True,2,street,daytime,cloud,2,"adult,senior",stopped
video_0223,0,110,159,159,50,28,True,2,street,daytime,cloud,2,"adult,senior",accelerating
video_0223,0,120,169,169,50,18,False,2,street,daytime,cloud,2,"adult,senior",accelerating
video_0223,0,130,179,179,50,8,False,2,street,daytime,cloud,2,"adult,senior",accelerating
video_0223,0,140,189,189,50,0,False,2,street,daytime,cloud,2,"adult,senior",accelerating
video_0223,0,150,199,199,50,0,False,2,street,daytime,cloud,2,"adult,senior",accelerating
video_0223,0,160,209,209,50,0,False,2,street,daytime,cloud,2,"adult,senior",accelerating
video_0223,0,170,219,219,50,0,False,2,street,daytime,cloud,2,"adult,senior",accelerating
video_0223,0,180,229,229,50,0,False,2,street,daytime,cloud,2,"adult,senior",accelerating
video_0223,0,190,239,239,50,0,False,2,street,daytime,cloud,2,"adult,senior",decelerating
video_0223,0,200,249,249,50,0,False,2,street,daytime,cloud,2,"adult,senior",decelerating
video_0223,0,210,259,259,50,0,False,2,street,daytime,cloud,2,"adult,senior",decelerating
video_0223,0,220,269,269,50,0,False,2,street,daytime,cloud,2,"adult,senior",decelerating
video_0223,0,230,279,279,50,0,False,2,street,daytime,cloud,2,"adult,senior",decelerating
video_0223,0,240,289,289,50,0,False,2,street,daytime,cloud,2,"adult,senior",decelerating
video_0223,0,250,299,299,50,0,False,2,street,daytime,cloud,2,"adult,senior",decelerating
video_0223,0,260,309,309,50,0,False,2,street,daytime,cloud,2,"adult,senior",decelerating
video_0223,0,270,319,319,50,0,False,2,street,daytime,cloud,2,"adult,senior",decelerating
video_0223,0,280,329,329,50,0,False,2,street,daytime,cloud,2,"adult,senior",accelerating
video_0223,0,290,339,339,50,0,False,2,street,daytime,cloud,2,"adult,senior",accelerating
video_0223,0,300,349,349,50,0,False,2,street,daytime,cloud,2,"adult,senior",accelerating
video_0223,0,310,359,359,50,0,False,2,street,daytime,cloud,2,"adult,senior",accelerating
video_0223,0,320,369,369,50,0,False,2,street,daytime,cloud,2,"adult,senior",accelerating
video_0223,0,330,379,379,50,0,False,1,street,daytime,cloud,2,"adult,senior",accelerating
video_0223,0,340,389,389,50,0,False,1,street,daytime,cloud,2,"adult,senior",accelerating
video_0223,0,350,399,399,50,10,False,2,street,daytime,cloud,2,"adult,senior",accelerating
video_0223,0,360,409,409,50,17,False,2,street,daytime,cloud,2,"adult,senior",accelerating
video_0223,0,370,419,419,50,25,True,2,street,daytime,cloud,2,"adult,senior",accelerating
video_0223,0,380,429,419,40,25,True,2,street,daytime,cloud,2,"adult,senior",accelerating
video_0223,0,390,439,419,30,25,True,2,street,daytime,cloud,2,"adult,senior",accelerating
video_0223,0,400,449,419,20,15,False,2,street,daytime,cloud,2,"adult,senior",accelerating
video_0223,0,410,459,419,10,8,False,2,street,daytime,cloud,2,"adult,senior",accelerating
video_0223,1,0,49,49,50,30,True,2,street,daytime,cloud,2,"adult,senior",decelerating
video_0223,1,10,59,59,50,20,False,2,street,daytime,cloud,2,"adult,senior",stopped
video_0223,1,20,69,69,50,20,False,2,street,daytime,cloud,2,"adult,senior",stopped
video_0223,1,30,79,79,50,20,False,2,street,daytime,cloud,2,"adult,senior",stopped
video_0223,1,40,89,89,50,30,True,2,street,daytime,cloud,2,"adult,senior",stopped
video_0223,1,50,99,99,50,40,True,2,street,daytime,cloud,2,"adult,senior",stopped
video_0223,1,60,109,109,50,50,True,2,street,daytime,cloud,2,"adult,senior",stopped
video_0223,1,70,119,119,50,50,True,2,street,daytime,cloud,2,"adult,senior",stopped
video_0223,1,80,129,129,50,50,True,2,street,daytime,cloud,2,"adult,senior",stopped
video_0223,1,90,139,139,50,48,True,2,street,daytime,cloud,2,"adult,senior",stopped
video_0223,1,100,149,149,50,38,True,2,street,daytime,cloud,2,"adult,senior",stopped
video_0223,1,110,159,159,50,28,True,2,street,daytime,cloud,2,"adult,senior",accelerating
video_0223,1,120,169,169,50,18,False,2,street,daytime,cloud,2,"adult,senior",accelerating
video_0223,1,130,179,179,50,8,False,2,street,daytime,cloud,2,"adult,senior",accelerating
video_0223,1,140,189,189,50,0,False,2,street,daytime,cloud,2,"adult,senior",accelerating
video_0223,1,150,199,199,50,0,False,2,street,daytime,cloud,2,"adult,senior",accelerating
video_0223,1,160,209,209,50,0,False,2,street,daytime,cloud,2,"adult,senior",accelerating
video_0223,1,170,219,219,50,0,False,2,street,daytime,cloud,2,"adult,senior",accelerating
video_0223,1,180,229,229,50,0,False,2,street,daytime,cloud,2,"adult,senior",accelerating
video_0223,1,190,239,239,50,0,False,2,street,daytime,cloud,2,"adult,senior",decelerating
video_0223,1,200,249,249,50,0,False,2,street,daytime,cloud,2,"adult,senior",decelerating
video_0223,1,210,259,259,50,0,False,2,street,daytime,cloud,2,"adult,senior",decelerating
video_0223,1,220,269,269,50,0,False,2,street,daytime,cloud,2,"adult,senior",decelerating
video_0223,1,230,279,279,50,0,False,2,street,daytime,cloud,2,"adult,senior",decelerating
video_0223,1,240,289,289,50,0,False,2,street,daytime,cloud,2,"adult,senior",decelerating
video_0223,1,250,299,299,50,0,False,2,street,daytime,cloud,2,"adult,senior",decelerating
video_0223,1,260,309,309,50,0,False,2,street,daytime,cloud,2,"adult,senior",decelerating
video_0223,1,270,319,319,50,0,False,2,street,daytime,cloud,2,"adult,senior",decelerating
video_0223,1,280,329,329,50,0,False,2,street,daytime,cloud,2,"adult,senior",accelerating
video_0223,1,290,339,339,50,0,False,2,street,daytime,cloud,2,"adult,senior",accelerating
video_0223,1,300,349,349,50,0,False,2,street,daytime,cloud,2,"adult,senior",accelerating
video_0223,1,310,359,359,50,0,False,2,street,daytime,cloud,2,"adult,senior",accelerating
video_0223,1,320,369,369,50,0,False,2,street,daytime,cloud,2,"adult,senior",accelerating
video_0223,1,330,379,379,50,0,False,1,street,daytime,cloud,2,"adult,senior",accelerating
video_0223,1,340,389,389,50,7,False,1,street,daytime,cloud,2,"adult,senior",accelerating
video_0223,1,350,399,399,50,17,False,2,street,daytime,cloud,2,"adult,senior",accelerating
video_0223,1,360,409,409,50,24,False,2,street,daytime,cloud,2,"adult,senior",accelerating
video_0223,1,370,419,419,50,32,True,2,street,daytime,cloud,2,"adult,senior",accelerating
video_0223,1,380,429,419,40,32,True,2,street,daytime,cloud,2,"adult,senior",accelerating
video_0223,1,390,439,419,30,25,True,2,street,daytime,cloud,2,"adult,senior",accelerating
video_0223,1,400,449,419,20,15,False,2,street,daytime,cloud,2,"adult,senior",accelerating
video_0223,1,410,459,419,10,8,False,2,street,daytime,cloud,2,"adult,senior",accelerating
video_0224,0,0,49,49,50,0,False,2,plaza,daytime,clear,1,adult,accelerating
video_0224,0,10,59,59,50,0,False,2,plaza,daytime,clear,1,adult,accelerating
video_0224,0,20,69,69,50,0,False,2,plaza,daytime,clear,1,adult,accelerating
video_0224,0,30,79,79,50,0,False,1,plaza,daytime,clear,1,adult,accelerating
video_0224,0,40,89,89,50,0,False,1,plaza,daytime,clear,1,adult,accelerating
video_0224,0,50,99,99,50,0,False,1,plaza,daytime,clear,1,adult,decelerating
video_0224,0,60,109,109,50,0,False,1,plaza,daytime,clear,1,adult,decelerating
video_0224,0,70,119,119,50,0,False,1,plaza,daytime,clear,1,adult,decelerating
video_0224,0,80,129,129,50,0,False,2,plaza,daytime,clear,1,adult,decelerating
video_0224,0,90,139,139,50,0,False,2,plaza,daytime,clear,1,adult,decelerating
video_0224,0,100,149,149,50,0,False,2,plaza,daytime,clear,1,adult,decelerating
video_0224,0,110,159,159,50,0,False,2,plaza,daytime,clear,1,adult,decelerating
video_0224,0,120,169,169,50,0,False,2,plaza,daytime,clear,1,adult,decelerating
video_0224,0,130,179,179,50,0,False,2,plaza,daytime,clear,1,adult,decelerating
video_0224,0,140,189,189,50,0,False,2,plaza,daytime,clear,1,adult,decelerating
video_0224,0,150,199,199,50,0,False,2,plaza,daytime,clear,1,adult,decelerating
video_0224,0,160,209,209,50,0,False,2,plaza,daytime,clear,1,adult,decelerating
video_0224,0,170,219,219,50,0,False,2,plaza,daytime,clear,1,adult,decelerating
video_0224,0,180,229,229,50,0,False,2,plaza,daytime,clear,1,adult,decelerating
video_0224,0,190,239,239,50,0,False,2,plaza,daytime,clear,1,adult,decelerating
video_0224,0,200,249,239,40,0,False,2,plaza,daytime,clear,1,adult,decelerating
video_0224,0,210,259,239,30,0,False,1,plaza,daytime,clear,1,adult,decelerating
video_0224,0,220,269,239,20,0,False,1,plaza,daytime,clear,1,adult,decelerating
video_0224,0,230,279,239,10,0,False,1,plaza,daytime,clear,1,adult,decelerating
video_0224,1,0,49,29,30,0,False,2,plaza,daytime,clear,1,adult,accelerating
video_0224,1,10,59,29,20,0,False,2,plaza,daytime,clear,1,adult,accelerating
video_0224,1,20,69,29,10,0,False,2,plaza,daytime,clear,1,adult,accelerating
video_0224,1,80,129,129,10,0,False,2,plaza,daytime,clear,1,adult,decelerating
video_0224,1,90,139,139,20,0,False,2,plaza,daytime,clear,1,adult,decelerating
video_0224,1,100,149,149,30,0,False,2,plaza,daytime,clear,1,adult,decelerating
video_0224,1,110,159,159,40,0,False,2,plaza,daytime,clear,1,adult,decelerating
video_0224,1,120,169,169,50,0,False,2,plaza,daytime,clear,1,adult,decelerating
video_0224,1,130,179,179,50,0,False,2,plaza,daytime,clear,1,adult,decelerating
video_0224,1,140,189,189,50,0,False,2,plaza,daytime,clear,1,adult,decelerating
video_0224,1,150,199,199,50,0,False,2,plaza,daytime,clear,1,adult,decelerating
video_0224,1,160,209,209,50,0,False,2,plaza,daytime,clear,1,adult,decelerating
video_0224,1,170,219,219,50,0,False,2,plaza,daytime,clear,1,adult,decelerating
video_0224,1,180,229,229,50,0,False,2,plaza,daytime,clear,1,adult,decelerating
video_0224,1,190,239,239,50,0,False,2,plaza,daytime,clear,1,adult,decelerating
video_0224,1,200,249,239,40,0,False,2,plaza,daytime,clear,1,adult,decelerating
video_0224,1,210,259,239,30,0,False,1,plaza,daytime,clear,1,adult,decelerating
video_0224,1,220,269,239,20,0,False,1,plaza,daytime,clear,1,adult,decelerating
video_0224,1,230,279,239,10,0,False,1,plaza,daytime,clear,1,adult,decelerating
video_0225,0,0,49,49,50,0,False,2,street,daytime,cloudy,2,adult,accelerating
video_0225,0,10,59,59,50,0,False,2,street,daytime,cloudy,2,adult,accelerating
video_0225,0,20,69,69,50,0,False,2,street,daytime,cloudy,2,adult,accelerating
video_0225,0,30,79,79,50,0,False,2,street,daytime,cloudy,2,adult,decelerating
video_0225,0,40,89,89,50,0,False,2,street,daytime,cloudy,2,adult,decelerating
video_0225,0,50,99,99,50,0,False,2,street,daytime,cloudy,2,adult,decelerating
video_0225,0,60,109,109,50,0,False,2,street,daytime,cloudy,2,adult,accelerating
video_0225,0,70,119,119,50,0,False,2,street,daytime,cloudy,2,adult,accelerating
video_0225,0,80,129,129,50,0,False,2,street,daytime,cloudy,2,adult,accelerating
video_0225,0,90,139,139,50,0,False,2,street,daytime,cloudy,2,adult,accelerating
video_0225,0,100,149,149,50,0,False,2,street,daytime,cloudy,2,adult,accelerating
video_0225,0,110,159,159,50,0,False,2,street,daytime,cloudy,2,adult,accelerating
video_0225,0,120,169,169,50,0,False,2,street,daytime,cloudy,2,adult,decelerating
video_0225,0,130,179,179,50,0,False,2,street,daytime,cloudy,2,adult,decelerating
video_0225,0,140,189,189,50,0,False,2,street,daytime,cloudy,2,adult,decelerating
video_0225,0,150,199,199,50,0,False,2,street,daytime,cloudy,2,adult,decelerating
video_0225,0,160,209,209,50,0,False,2,street,daytime,cloudy,2,adult,decelerating
video_0225,0,170,219,209,40,0,False,2,street,daytime,cloudy,2,adult,decelerating
video_0225,0,180,229,209,30,0,False,2,street,daytime,cloudy,2,adult,decelerating
video_0225,0,190,239,209,20,0,False,2,street,daytime,cloudy,2,adult,decelerating
video_0225,0,200,249,209,10,0,False,2,street,daytime,cloudy,2,adult,decelerating
video_0225,1,0,49,49,50,0,False,2,street,daytime,cloudy,2,adult,accelerating
video_0225,1,10,59,59,50,0,False,2,street,daytime,cloudy,2,adult,accelerating
video_0225,1,20,69,69,50,0,False,2,street,daytime,cloudy,2,adult,accelerating
video_0225,1,30,79,79,50,0,False,2,street,daytime,cloudy,2,adult,decelerating
video_0225,1,40,89,89,50,0,False,2,street,daytime,cloudy,2,adult,decelerating
video_0225,1,50,99,99,50,0,False,2,street,daytime,cloudy,2,adult,decelerating
video_0225,1,60,109,109,50,0,False,2,street,daytime,cloudy,2,adult,accelerating
video_0225,1,70,119,119,50,0,False,2,street,daytime,cloudy,2,adult,accelerating
video_0225,1,80,129,129,50,0,False,2,street,daytime,cloudy,2,adult,accelerating
video_0225,1,90,139,139,50,0,False,2,street,daytime,cloudy,2,adult,accelerating
video_0225,1,100,149,149,50,0,False,2,street,daytime,cloudy,2,adult,accelerating
video_0225,1,110,159,159,50,0,False,2,street,daytime,cloudy,2,adult,accelerating
video_0225,1,120,169,169,50,0,False,2,street,daytime,cloudy,2,adult,decelerating
video_0225,1,130,179,179,50,0,False,2,street,daytime,cloudy,2,adult,decelerating
video_0225,1,140,189,189,50,0,False,2,street,daytime,cloudy,2,adult,decelerating
video_0225,1,150,199,199,50,0,False,2,street,daytime,cloudy,2,adult,decelerating
video_0225,1,160,209,209,50,0,False,2,street,daytime,cloudy,2,adult,decelerating
video_0225,1,170,219,209,40,0,False,2,street,daytime,cloudy,2,adult,decelerating
video_0225,1,180,229,209,30,0,False,2,street,daytime,cloudy,2,adult,decelerating
video_0225,1,190,239,209,20,0,False,2,street,daytime,cloudy,2,adult,decelerating
video_0225,1,200,249,209,10,0,False,2,street,daytime,cloudy,2,adult,decelerating
video_0226,0,30,79,79,50,0,False,2,street,daytime,cloudy,3,adult,decelerating
video_0226,0,40,89,89,50,0,False,2,street,daytime,cloudy,3,adult,decelerating
video_0226,0,50,99,99,50,0,False,2,street,daytime,cloudy,3,adult,decelerating
video_0226,0,60,109,109,50,0,False,2,street,daytime,cloudy,3,adult,decelerating
video_0226,0,70,119,119,50,0,False,2,street,daytime,cloudy,3,adult,decelerating
video_0226,0,80,129,129,50,0,False,2,street,daytime,cloudy,3,adult,decelerating
video_0226,0,90,139,139,50,0,False,2,street,daytime,cloudy,3,adult,decelerating
video_0226,0,100,149,149,50,0,False,2,street,daytime,cloudy,3,adult,decelerating
video_0226,0,110,159,159,50,0,False,2,street,daytime,cloudy,3,adult,decelerating
video_0226,0,120,169,169,50,0,False,2,street,daytime,cloudy,3,adult,stopped
video_0226,0,130,179,179,50,0,False,2,street,daytime,cloudy,3,adult,stopped
video_0226,0,140,189,189,50,0,False,2,street,daytime,cloudy,3,adult,stopped
video_0226,0,150,199,199,50,0,False,2,street,daytime,cloudy,3,adult,stopped
video_0226,0,160,209,209,50,0,False,2,street,daytime,cloudy,3,adult,stopped
video_0226,0,170,219,219,50,0,False,2,street,daytime,cloudy,3,adult,stopped
video_0226,0,180,229,229,50,0,False,2,street,daytime,cloudy,3,adult,stopped
video_0226,0,190,239,239,50,0,False,2,street,daytime,cloudy,3,adult,stopped
video_0226,0,200,249,249,50,0,False,2,street,daytime,cloudy,3,adult,stopped
video_0226,0,210,259,259,50,0,False,2,street,daytime,cloudy,3,adult,stopped
video_0226,0,220,269,269,50,0,False,2,street,daytime,cloudy,3,adult,stopped
video_0226,0,230,279,279,50,0,False,2,street,daytime,cloudy,3,adult,accelerating
video_0226,0,240,289,289,50,0,False,2,street,daytime,cloudy,3,adult,accelerating
video_0226,0,250,299,299,50,0,False,2,street,daytime,cloudy,3,adult,accelerating
video_0226,0,260,309,299,40,0,False,2,street,daytime,cloudy,3,adult,accelerating
video_0226,0,270,319,299,30,0,False,2,street,daytime,cloudy,3,adult,accelerating
video_0226,0,280,329,299,20,0,False,2,street,daytime,cloudy,3,adult,accelerating
video_0226,0,290,339,299,10,0,False,2,street,daytime,cloudy,3,adult,accelerating
video_0226,1,30,79,79,50,0,False,2,street,daytime,cloudy,3,adult,decelerating
video_0226,1,40,89,89,50,0,False,2,street,daytime,cloudy,3,adult,decelerating
video_0226,1,50,99,99,50,0,False,2,street,daytime,cloudy,3,adult,decelerating
video_0226,1,60,109,109,50,0,False,2,street,daytime,cloudy,3,adult,decelerating
video_0226,1,70,119,119,50,0,False,2,street,daytime,cloudy,3,adult,decelerating
video_0226,1,80,129,129,50,0,False,2,street,daytime,cloudy,3,adult,decelerating
video_0226,1,90,139,139,50,0,False,2,street,daytime,cloudy,3,adult,decelerating
video_0226,1,100,149,149,50,0,False,2,street,daytime,cloudy,3,adult,decelerating
video_0226,1,110,159,159,50,0,False,2,street,daytime,cloudy,3,adult,decelerating
video_0226,1,120,169,169,50,0,False,2,street,daytime,cloudy,3,adult,stopped
video_0226,1,130,179,179,50,0,False,2,street,daytime,cloudy,3,adult,stopped
video_0226,1,140,189,189,50,0,False,2,street,daytime,cloudy,3,adult,stopped
video_0226,1,150,199,199,50,0,False,2,street,daytime,cloudy,3,adult,stopped
video_0226,1,160,209,209,50,0,False,2,street,daytime,cloudy,3,adult,stopped
video_0226,1,170,219,219,50,0,False,2,street,daytime,cloudy,3,adult,stopped
video_0226,1,180,229,229,50,0,False,2,street,daytime,cloudy,3,adult,stopped
video_0226,1,190,239,239,50,0,False,2,street,daytime,cloudy,3,adult,stopped
video_0226,1,200,249,249,50,0,False,2,street,daytime,cloudy,3,adult,stopped
video_0226,1,210,259,259,50,0,False,2,street,daytime,cloudy,3,adult,stopped
video_0226,1,220,269,269,50,0,False,2,street,daytime,cloudy,3,adult,stopped
video_0226,1,230,279,279,50,0,False,2,street,daytime,cloudy,3,adult,accelerating
video_0226,1,240,289,289,50,0,False,2,street,daytime,cloudy,3,adult,accelerating
video_0226,1,250,299,299,50,0,False,2,street,daytime,cloudy,3,adult,accelerating
video_0226,1,260,309,299,40,0,False,2,street,daytime,cloudy,3,adult,accelerating
video_0226,1,270,319,299,30,0,False,2,street,daytime,cloudy,3,adult,accelerating
video_0226,1,280,329,299,20,0,False,2,street,daytime,cloudy,3,adult,accelerating
video_0226,1,290,339,299,10,0,False,2,street,daytime,cloudy,3,adult,accelerating
video_0227,0,0,49,49,50,0,False,2,street,daytime,cloudy,3,adult,decelerating
video_0227,0,10,59,59,50,0,False,2,street,daytime,cloudy,3,adult,decelerating
video_0227,0,20,69,69,50,0,False,2,street,daytime,cloudy,3,adult,decelerating
video_0227,0,30,79,79,50,0,False,2,street,daytime,cloudy,3,adult,decelerating
video_0227,0,40,89,89,50,0,False,2,street,daytime,cloudy,3,adult,decelerating
video_0227,0,50,99,99,50,0,False,2,street,daytime,cloudy,3,adult,decelerating
video_0227,0,60,109,109,50,0,False,2,street,daytime,cloudy,3,adult,accelerating
video_0227,0,70,119,119,50,0,False,2,street,daytime,cloudy,3,adult,accelerating
video_0227,0,80,129,129,50,0,False,2,street,daytime,cloudy,3,adult,accelerating
video_0227,0,90,139,139,50,0,False,1,street,daytime,cloudy,3,adult,decelerating
video_0227,0,100,149,149,50,0,False,1,street,daytime,cloudy,3,adult,decelerating
video_0227,0,110,159,149,40,0,False,1,street,daytime,cloudy,3,adult,decelerating
video_0227,0,120,169,149,30,0,False,1,street,daytime,cloudy,3,adult,decelerating
video_0227,0,130,179,149,20,0,False,1,street,daytime,cloudy,3,adult,decelerating
video_0227,0,140,189,149,10,0,False,1,street,daytime,cloudy,3,adult,decelerating
video_0227,1,0,49,49,50,0,False,2,street,daytime,cloudy,3,adult,decelerating
video_0227,1,10,59,59,50,0,False,2,street,daytime,cloudy,3,adult,decelerating
video_0227,1,20,69,69,50,0,False,2,street,daytime,cloudy,3,adult,decelerating
video_0227,1,30,79,79,50,0,False,2,street,daytime,cloudy,3,adult,decelerating
video_0227,1,40,89,89,50,0,False,2,street,daytime,cloudy,3,adult,decelerating
video_0227,1,50,99,89,40,0,False,2,street,daytime,cloudy,3,adult,decelerating
video_0227,1,60,109,89,30,0,False,2,street,daytime,cloudy,3,adult,decelerating
video_0227,1,70,119,89,20,0,False,2,street,daytime,cloudy,3,adult,decelerating
video_0227,1,80,129,89,10,0,False,2,street,daytime,cloudy,3,adult,decelerating
video_0228,0,60,109,109,50,0,False,2,street,daytime,cloudy,2,adult,decelerating
video_0228,0,70,119,119,50,0,False,2,street,daytime,cloudy,2,adult,decelerating
video_0228,0,80,129,129,50,0,False,2,street,daytime,cloudy,2,adult,decelerating
video_0228,0,90,139,139,50,0,False,2,street,daytime,cloudy,2,adult,decelerating
video_0228,0,100,149,149,50,0,False,2,street,daytime,cloudy,2,adult,decelerating
video_0228,0,110,159,159,50,0,False,2,street,daytime,cloudy,2,adult,decelerating
video_0228,0,120,169,169,50,0,False,2,street,daytime,cloudy,2,adult,decelerating
video_0228,0,130,179,179,50,0,False,2,street,daytime,cloudy,2,adult,decelerating
video_0228,0,140,189,179,40,0,False,2,street,daytime,cloudy,2,adult,decelerating
video_0228,0,150,199,179,30,0,False,2,street,daytime,cloudy,2,adult,decelerating
video_0228,0,160,209,179,20,0,False,2,street,daytime,cloudy,2,adult,decelerating
video_0228,0,170,219,179,10,0,False,2,street,daytime,cloudy,2,adult,decelerating
video_0228,1,60,109,109,50,0,False,2,street,daytime,cloudy,2,adult,decelerating
video_0228,1,70,119,119,50,0,False,2,street,daytime,cloudy,2,adult,decelerating
video_0228,1,80,129,129,50,0,False,2,street,daytime,cloudy,2,adult,decelerating
video_0228,1,90,139,139,50,0,False,2,street,daytime,cloudy,2,adult,decelerating
video_0228,1,100,149,149,50,0,False,2,street,daytime,cloudy,2,adult,decelerating
video_0228,1,110,159,159,50,0,False,2,street,daytime,cloudy,2,adult,decelerating
video_0228,1,120,169,169,50,0,False,2,street,daytime,cloudy,2,adult,decelerating
video_0228,1,130,179,179,50,0,False,2,street,daytime,cloudy,2,adult,decelerating
video_0228,1,140,189,179,40,0,False,2,street,daytime,cloudy,2,adult,decelerating
video_0228,1,150,199,179,30,0,False,2,street,daytime,cloudy,2,adult,decelerating
video_0228,1,160,209,179,20,0,False,2,street,daytime,cloudy,2,adult,decelerating
video_0228,1,170,219,179,10,0,False,2,street,daytime,cloudy,2,adult,decelerating
video_0229,0,90,139,139,50,10,False,2,street,daytime,clear,4,adult,decelerating
video_0229,0,100,149,149,50,7,False,2,street,daytime,clear,4,adult,decelerating
video_0229,0,110,159,149,40,0,False,2,street,daytime,clear,4,adult,decelerating
video_0229,0,120,169,149,30,0,False,1,street,daytime,clear,4,adult,decelerating
video_0229,0,130,179,149,20,0,False,1,street,daytime,clear,4,adult,decelerating
video_0229,0,140,189,149,10,0,False,1,street,daytime,clear,4,adult,decelerating
video_0229,1,90,139,139,50,0,False,2,street,daytime,clear,4,adult,decelerating
video_0229,1,100,149,149,50,0,False,2,street,daytime,clear,4,adult,decelerating
video_0229,1,110,159,149,40,0,False,2,street,daytime,clear,4,adult,decelerating
video_0229,1,120,169,149,30,0,False,1,street,daytime,clear,4,adult,decelerating
video_0229,1,130,179,149,20,0,False,1,street,daytime,clear,4,adult,decelerating
video_0229,1,140,189,149,10,0,False,1,street,daytime,clear,4,adult,decelerating
video_0230,0,30,79,79,50,48,True,2,street,daytime,clear,3,adult,accelerating
video_0230,0,40,89,89,50,39,True,2,street,daytime,clear,3,adult,decelerating
video_0230,0,50,99,99,50,29,True,2,street,daytime,clear,3,adult,accelerating
video_0230,0,60,109,109,50,21,False,2,street,daytime,clear,3,adult,accelerating
video_0230,0,70,119,119,50,13,False,2,street,daytime,clear,3,adult,accelerating
video_0230,0,80,129,119,40,5,False,2,street,daytime,clear,3,adult,accelerating
video_0230,0,90,139,119,30,4,False,2,street,daytime,clear,3,adult,accelerating
video_0230,0,100,149,119,20,4,False,2,street,daytime,clear,3,adult,accelerating
video_0230,0,110,159,119,10,2,False,2,street,daytime,clear,3,adult,accelerating
video_0230,1,60,109,109,50,21,False,2,street,daytime,clear,3,adult,accelerating
video_0230,1,70,119,119,50,13,False,2,street,daytime,clear,3,adult,accelerating
video_0230,1,80,129,119,40,5,False,2,street,daytime,clear,3,adult,accelerating
video_0230,1,90,139,119,30,4,False,2,street,daytime,clear,3,adult,accelerating
video_0230,1,100,149,119,20,4,False,2,street,daytime,clear,3,adult,accelerating
video_0230,1,110,159,119,10,2,False,2,street,daytime,clear,3,adult,accelerating
video_0231,0,0,49,49,50,0,False,1,street,daytime,clear,4,adult,decelerating
video_0231,0,10,59,59,50,0,False,1,street,daytime,clear,4,adult,decelerating
video_0231,0,20,69,69,50,0,False,1,street,daytime,clear,4,adult,decelerating
video_0231,0,30,79,79,50,0,False,1,street,daytime,clear,4,adult,decelerating
video_0231,0,40,89,89,50,0,False,1,street,daytime,clear,4,adult,decelerating
video_0231,0,50,99,99,50,0,False,2,street,daytime,clear,4,adult,stopped
video_0231,0,60,109,109,50,0,False,2,street,daytime,clear,4,adult,stopped
video_0231,0,70,119,119,50,0,False,2,street,daytime,clear,4,adult,stopped
video_0231,0,80,129,129,50,0,False,2,street,daytime,clear,4,adult,stopped
video_0231,0,90,139,139,50,0,False,2,street,daytime,clear,4,adult,stopped
video_0231,0,100,149,149,50,0,False,2,street,daytime,clear,4,adult,stopped
video_0231,0,110,159,159,50,0,False,2,street,daytime,clear,4,adult,stopped
video_0231,0,120,169,169,50,0,False,2,street,daytime,clear,4,adult,stopped
video_0231,0,130,179,179,50,0,False,2,street,daytime,clear,4,adult,stopped
video_0231,0,140,189,189,50,0,False,2,street,daytime,clear,4,adult,stopped
video_0231,0,150,199,199,50,0,False,2,street,daytime,clear,4,adult,accelerating
video_0231,0,160,209,209,50,0,False,2,street,daytime,clear,4,adult,accelerating
video_0231,0,170,219,219,50,0,False,2,street,daytime,clear,4,adult,accelerating
video_0231,0,180,229,229,50,0,False,2,street,daytime,clear,4,adult,accelerating
video_0231,0,190,239,239,50,0,False,2,street,daytime,clear,4,adult,accelerating
video_0231,0,200,249,239,40,0,False,2,street,daytime,clear,4,adult,accelerating
video_0231,0,210,259,239,30,0,False,2,street,daytime,clear,4,adult,accelerating
video_0231,0,220,269,239,20,0,False,2,street,daytime,clear,4,adult,accelerating
video_0231,0,230,279,239,10,0,False,2,street,daytime,clear,4,adult,accelerating
video_0231,1,0,49,49,50,0,False,1,street,daytime,clear,4,adult,decelerating
video_0231,1,10,59,59,50,0,False,1,street,daytime,clear,4,adult,decelerating
video_0231,1,20,69,69,50,0,False,1,street,daytime,clear,4,adult,decelerating
video_0231,1,30,79,79,50,0,False,1,street,daytime,clear,4,adult,decelerating
video_0231,1,40,89,89,50,0,False,1,street,daytime,clear,4,adult,decelerating
video_0231,1,50,99,99,50,0,False,2,street,daytime,clear,4,adult,stopped
video_0231,1,60,109,109,50,0,False,2,street,daytime,clear,4,adult,stopped
video_0231,1,70,119,119,50,0,False,2,street,daytime,clear,4,adult,stopped
video_0231,1,80,129,129,50,0,False,2,street,daytime,clear,4,adult,stopped
video_0231,1,90,139,139,50,0,False,2,street,daytime,clear,4,adult,stopped
video_0231,1,100,149,149,50,0,False,2,street,daytime,clear,4,adult,stopped
video_0231,1,110,159,159,50,0,False,2,street,daytime,clear,4,adult,stopped
video_0231,1,120,169,169,50,0,False,2,street,daytime,clear,4,adult,stopped
video_0231,1,130,179,179,50,0,False,2,street,daytime,clear,4,adult,stopped
video_0231,1,140,189,189,50,0,False,2,street,daytime,clear,4,adult,stopped
video_0231,1,150,199,199,50,0,False,2,street,daytime,clear,4,adult,accelerating
video_0231,1,160,209,209,50,0,False,2,street,daytime,clear,4,adult,accelerating
video_0231,1,170,219,219,50,0,False,2,street,daytime,clear,4,adult,accelerating
video_0231,1,180,229,229,50,0,False,2,street,daytime,clear,4,adult,accelerating
video_0231,1,190,239,239,50,0,False,2,street,daytime,clear,4,adult,accelerating
video_0231,1,200,249,239,40,0,False,2,street,daytime,clear,4,adult,accelerating
video_0231,1,210,259,239,30,0,False,2,street,daytime,clear,4,adult,accelerating
video_0231,1,220,269,239,20,0,False,2,street,daytime,clear,4,adult,accelerating
video_0231,1,230,279,239,10,0,False,2,street,daytime,clear,4,adult,accelerating
video_0232,0,0,49,49,50,0,False,1,street,daytime,clear,4,adult,decelerating
video_0232,0,10,59,59,50,0,False,1,street,daytime,clear,4,adult,decelerating
video_0232,0,20,69,69,50,0,False,2,street,daytime,clear,4,adult,decelerating
video_0232,0,30,79,79,50,0,False,1,street,daytime,clear,4,adult,accelerating
video_0232,0,40,89,89,50,0,False,1,street,daytime,clear,4,adult,accelerating
video_0232,0,50,99,99,50,0,False,1,street,daytime,clear,4,adult,decelerating
video_0232,0,60,109,109,50,0,False,1,street,daytime,clear,4,adult,decelerating
video_0232,0,70,119,119,50,0,False,1,street,daytime,clear,4,adult,decelerating
video_0232,0,80,129,129,50,0,False,1,street,daytime,clear,4,adult,decelerating
video_0232,0,90,139,139,50,0,False,1,street,daytime,clear,4,adult,accelerating
video_0232,0,100,149,149,50,0,False,1,street,daytime,clear,4,adult,accelerating
video_0232,0,110,159,159,50,0,False,2,street,daytime,clear,4,adult,decelerating
video_0232,0,120,169,169,50,0,False,2,street,daytime,clear,4,adult,decelerating
video_0232,0,130,179,179,50,0,False,2,street,daytime,clear,4,adult,decelerating
video_0232,0,140,189,189,50,0,False,2,street,daytime,clear,4,adult,accelerating
video_0232,0,150,199,199,50,0,False,2,street,daytime,clear,4,adult,accelerating
video_0232,0,160,209,209,50,0,False,2,street,daytime,clear,4,adult,accelerating
video_0232,0,170,219,219,50,0,False,2,street,daytime,clear,4,adult,accelerating
video_0232,0,180,229,229,50,0,False,1,street,daytime,clear,4,adult,accelerating
video_0232,0,190,239,239,50,0,False,1,street,daytime,clear,4,adult,accelerating
video_0232,0,200,249,249,50,0,False,2,street,daytime,clear,4,adult,accelerating
video_0232,0,210,259,259,50,0,False,2,street,daytime,clear,4,adult,accelerating
video_0232,0,220,269,269,50,0,False,2,street,daytime,clear,4,adult,accelerating
video_0232,0,230,279,269,40,0,False,2,street,daytime,clear,4,adult,accelerating
video_0232,0,240,289,269,30,0,False,1,street,daytime,clear,4,adult,accelerating
video_0232,0,250,299,269,20,0,False,1,street,daytime,clear,4,adult,accelerating
video_0232,0,260,309,309,20,0,False,1,street,daytime,clear,4,adult,accelerating
video_0232,0,270,319,319,20,0,False,0,street,daytime,clear,4,adult,accelerating
video_0232,0,280,329,329,30,0,False,0,street,daytime,clear,4,adult,accelerating
video_0232,0,290,339,329,30,0,False,0,street,daytime,clear,4,adult,accelerating
video_0232,0,300,349,329,30,0,False,0,street,daytime,clear,4,adult,accelerating
video_0232,0,310,359,329,20,0,False,0,street,daytime,clear,4,adult,accelerating
video_0232,0,320,369,329,10,0,False,0,street,daytime,clear,4,adult,accelerating
video_0232,1,60,109,109,50,0,False,1,street,daytime,clear,4,adult,decelerating
video_0232,1,70,119,119,50,0,False,1,street,daytime,clear,4,adult,decelerating
video_0232,1,80,129,129,50,0,False,1,street,daytime,clear,4,adult,decelerating
video_0232,1,90,139,139,50,0,False,1,street,daytime,clear,4,adult,accelerating
video_0232,1,100,149,149,50,0,False,1,street,daytime,clear,4,adult,accelerating
video_0232,1,110,159,159,50,0,False,2,street,daytime,clear,4,adult,decelerating
video_0232,1,120,169,169,50,0,False,2,street,daytime,clear,4,adult,decelerating
video_0232,1,130,179,179,50,0,False,2,street,daytime,clear,4,adult,decelerating
video_0232,1,140,189,179,40,0,False,2,street,daytime,clear,4,adult,decelerating
video_0232,1,150,199,179,30,0,False,2,street,daytime,clear,4,adult,decelerating
video_0232,1,160,209,179,20,0,False,2,street,daytime,clear,4,adult,decelerating
video_0232,1,170,219,219,20,0,False,2,street,daytime,clear,4,adult,accelerating
video_0232,1,180,229,229,20,0,False,1,street,daytime,clear,4,adult,accelerating
video_0232,1,190,239,239,30,0,False,1,street,daytime,clear,4,adult,accelerating
video_0232,1,200,249,239,30,0,False,2,street,daytime,clear,4,adult,accelerating
video_0232,1,210,259,239,30,0,False,2,street,daytime,clear,4,adult,accelerating
video_0232,1,220,269,239,20,0,False,2,street,daytime,clear,4,adult,accelerating
video_0232,1,230,279,239,10,0,False,2,street,daytime,clear,4,adult,accelerating
video_0233,0,30,79,79,50,0,False,2,street,daytime,cloudy,3,"adult,young",decelerating
video_0233,0,40,89,89,50,0,False,2,street,daytime,cloudy,3,"adult,young",decelerating
video_0233,0,50,99,99,50,0,False,2,street,daytime,cloudy,3,"adult,young",decelerating
video_0233,0,60,109,109,50,0,False,2,street,daytime,cloudy,3,"adult,young",decelerating
video_0233,0,70,119,119,50,0,False,2,street,daytime,cloudy,3,"adult,young",decelerating
video_0233,0,80,129,129,50,0,False,2,street,daytime,cloudy,3,"adult,young",decelerating
video_0233,0,90,139,139,50,0,False,1,street,daytime,cloudy,3,"adult,young",decelerating
video_0233,0,100,149,149,50,0,False,1,street,daytime,cloudy,3,"adult,young",decelerating
video_0233,0,110,159,159,50,0,False,1,street,daytime,cloudy,3,"adult,young",decelerating
video_0233,0,120,169,169,50,0,False,1,street,daytime,cloudy,3,"adult,young",decelerating
video_0233,0,130,179,179,50,0,False,1,street,daytime,cloudy,3,"adult,young",decelerating
video_0233,0,140,189,189,50,0,False,2,street,daytime,cloudy,3,"adult,young",accelerating
video_0233,0,150,199,199,50,0,False,2,street,daytime,cloudy,3,"adult,young",accelerating
video_0233,0,160,209,209,50,0,False,2,street,daytime,cloudy,3,"adult,young",accelerating
video_0233,0,170,219,219,50,0,False,2,street,daytime,cloudy,3,"adult,young",accelerating
video_0233,0,180,229,229,50,0,False,2,street,daytime,cloudy,3,"adult,young",accelerating
video_0233,0,190,239,239,50,0,False,2,street,daytime,cloudy,3,"adult,young",accelerating
video_0233,0,200,249,239,40,0,False,2,street,daytime,cloudy,3,"adult,young",accelerating
video_0233,0,210,259,239,30,0,False,2,street,daytime,cloudy,3,"adult,young",accelerating
video_0233,0,220,269,239,20,0,False,2,street,daytime,cloudy,3,"adult,young",accelerating
video_0233,0,230,279,239,10,0,False,2,street,daytime,cloudy,3,"adult,young",accelerating
video_0233,1,30,79,79,50,0,False,2,street,daytime,cloudy,3,"adult,young",decelerating
video_0233,1,40,89,89,50,0,False,2,street,daytime,cloudy,3,"adult,young",decelerating
video_0233,1,50,99,89,40,0,False,2,street,daytime,cloudy,3,"adult,young",decelerating
video_0233,1,60,109,89,30,0,False,2,street,daytime,cloudy,3,"adult,young",decelerating
video_0233,1,70,119,89,20,0,False,2,street,daytime,cloudy,3,"adult,young",decelerating
video_0233,1,80,129,89,10,0,False,2,street,daytime,cloudy,3,"adult,young",decelerating
video_0233,1,140,189,189,10,0,False,2,street,daytime,cloudy,3,"adult,young",accelerating
video_0233,1,150,199,199,20,0,False,2,street,daytime,cloudy,3,"adult,young",accelerating
video_0233,1,160,209,209,30,0,False,2,street,daytime,cloudy,3,"adult,young",accelerating
video_0233,1,170,219,219,40,0,False,2,street,daytime,cloudy,3,"adult,young",accelerating
video_0233,1,180,229,229,50,0,False,2,street,daytime,cloudy,3,"adult,young",accelerating
video_0233,1,190,239,239,50,0,False,2,street,daytime,cloudy,3,"adult,young",accelerating
video_0233,1,200,249,239,40,0,False,2,street,daytime,cloudy,3,"adult,young",accelerating
video_0233,1,210,259,239,30,0,False,2,street,daytime,cloudy,3,"adult,young",accelerating
video_0233,1,220,269,239,20,0,False,2,street,daytime,cloudy,3,"adult,young",accelerating
video_0233,1,230,279,239,10,0,False,2,street,daytime,cloudy,3,"adult,young",accelerating
video_0234,0,0,49,49,50,0,False,2,street,daytime,clear,3,adult,accelerating
video_0234,0,10,59,59,50,0,False,2,street,daytime,clear,3,adult,accelerating
video_0234,0,20,69,69,50,0,False,2,street,daytime,clear,3,adult,accelerating
video_0234,0,30,79,79,50,0,False,2,street,daytime,clear,3,adult,decelerating
video_0234,0,40,89,89,50,0,False,2,street,daytime,clear,3,adult,decelerating
video_0234,0,50,99,99,50,0,False,2,street,daytime,clear,3,adult,decelerating
video_0234,0,60,109,109,50,0,False,2,street,daytime,clear,3,adult,decelerating
video_0234,0,70,119,119,50,0,False,2,street,daytime,clear,3,adult,decelerating
video_0234,0,80,129,129,50,0,False,2,street,daytime,clear,3,adult,decelerating
video_0234,0,90,139,139,50,0,False,2,street,daytime,clear,3,adult,decelerating
video_0234,0,100,149,149,50,0,False,2,street,daytime,clear,3,adult,decelerating
video_0234,0,110,159,159,50,0,False,2,street,daytime,clear,3,adult,decelerating
video_0234,0,120,169,169,50,0,False,2,street,daytime,clear,3,adult,decelerating
video_0234,0,130,179,179,50,0,False,2,street,daytime,clear,3,adult,stopped
video_0234,0,140,189,189,50,0,False,2,street,daytime,clear,3,adult,stopped
video_0234,0,150,199,199,50,0,False,2,street,daytime,clear,3,adult,stopped
video_0234,0,160,209,209,50,0,False,2,street,daytime,clear,3,adult,accelerating
video_0234,0,170,219,219,50,0,False,2,street,daytime,clear,3,adult,accelerating
video_0234,0,180,229,229,50,0,False,2,street,daytime,clear,3,adult,accelerating
video_0234,0,190,239,239,50,0,False,2,street,daytime,clear,3,adult,accelerating
video_0234,0,200,249,239,40,0,False,2,street,daytime,clear,3,adult,accelerating
video_0234,0,210,259,239,30,0,False,2,street,daytime,clear,3,adult,accelerating
video_0234,0,220,269,239,20,0,False,2,street,daytime,clear,3,adult,accelerating
video_0234,0,230,279,239,10,0,False,2,street,daytime,clear,3,adult,accelerating
video_0234,1,0,49,49,50,0,False,2,street,daytime,clear,3,adult,accelerating
video_0234,1,10,59,59,50,0,False,2,street,daytime,clear,3,adult,accelerating
video_0234,1,20,69,69,50,0,False,2,street,daytime,clear,3,adult,accelerating
video_0234,1,30,79,79,50,0,False,2,street,daytime,clear,3,adult,decelerating
video_0234,1,40,89,89,50,0,False,2,street,daytime,clear,3,adult,decelerating
video_0234,1,50,99,99,50,0,False,2,street,daytime,clear,3,adult,decelerating
video_0234,1,60,109,109,50,0,False,2,street,daytime,clear,3,adult,decelerating
video_0234,1,70,119,119,50,0,False,2,street,daytime,clear,3,adult,decelerating
video_0234,1,80,129,129,50,0,False,2,street,daytime,clear,3,adult,decelerating
video_0234,1,90,139,139,50,0,False,2,street,daytime,clear,3,adult,decelerating
video_0234,1,100,149,149,50,0,False,2,street,daytime,clear,3,adult,decelerating
video_0234,1,110,159,159,50,0,False,2,street,daytime,clear,3,adult,decelerating
video_0234,1,120,169,169,50,0,False,2,street,daytime,clear,3,adult,decelerating
video_0234,1,130,179,179,50,0,False,2,street,daytime,clear,3,adult,stopped
video_0234,1,140,189,189,50,0,False,2,street,daytime,clear,3,adult,stopped
video_0234,1,150,199,199,50,0,False,2,street,daytime,clear,3,adult,stopped
video_0234,1,160,209,209,50,0,False,2,street,daytime,clear,3,adult,accelerating
video_0234,1,170,219,219,50,0,False,2,street,daytime,clear,3,adult,accelerating
video_0234,1,180,229,229,50,0,False,2,street,daytime,clear,3,adult,accelerating
video_0234,1,190,239,239,50,0,False,2,street,daytime,clear,3,adult,accelerating
video_0234,1,200,249,239,40,0,False,2,street,daytime,clear,3,adult,accelerating
video_0234,1,210,259,239,30,0,False,2,street,daytime,clear,3,adult,accelerating
video_0234,1,220,269,239,20,0,False,2,street,daytime,clear,3,adult,accelerating
video_0234,1,230,279,239,10,0,False,2,street,daytime,clear,3,adult,accelerating
video_0235,0,90,139,119,30,0,False,2,street,daytime,clear,2,adult,decelerating
video_0235,0,100,149,119,20,0,False,2,street,daytime,clear,2,adult,decelerating
video_0235,0,110,159,159,20,0,False,2,street,daytime,clear,2,adult,decelerating
video_0235,0,120,169,169,20,0,False,2,street,daytime,clear,2,adult,decelerating
video_0235,0,130,179,179,30,0,False,2,street,daytime,clear,2,adult,decelerating
video_0235,0,140,189,189,40,0,False,2,street,daytime,clear,2,adult,decelerating
video_0235,0,150,199,199,50,0,False,2,street,daytime,clear,2,adult,stopped
video_0235,0,160,209,209,50,0,False,2,street,daytime,clear,2,adult,stopped
video_0235,0,170,219,219,50,0,False,2,street,daytime,clear,2,adult,accelerating
video_0235,0,180,229,229,50,0,False,1,street,daytime,clear,2,adult,accelerating
video_0235,0,190,239,239,50,0,False,1,street,daytime,clear,2,adult,accelerating
video_0235,0,200,249,239,40,0,False,1,street,daytime,clear,2,adult,accelerating
video_0235,0,210,259,239,30,0,False,1,street,daytime,clear,2,adult,accelerating
video_0235,0,220,269,239,20,0,False,1,street,daytime,clear,2,adult,accelerating
video_0235,0,230,279,239,10,0,False,1,street,daytime,clear,2,adult,accelerating
video_0235,1,90,139,119,30,0,False,2,street,daytime,clear,2,adult,decelerating
video_0235,1,100,149,119,20,0,False,2,street,daytime,clear,2,adult,decelerating
video_0235,1,110,159,159,20,0,False,2,street,daytime,clear,2,adult,decelerating
video_0235,1,120,169,169,20,0,False,2,street,daytime,clear,2,adult,decelerating
video_0235,1,130,179,179,30,0,False,2,street,daytime,clear,2,adult,decelerating
video_0235,1,140,189,179,30,0,False,2,street,daytime,clear,2,adult,decelerating
video_0235,1,150,199,179,30,0,False,2,street,daytime,clear,2,adult,decelerating
video_0235,1,160,209,179,20,0,False,2,street,daytime,clear,2,adult,decelerating
video_0235,1,170,219,179,10,0,False,2,street,daytime,clear,2,adult,decelerating
video_0236,0,0,49,49,50,5,False,2,street,daytime,cloudy,4,adult,decelerating
video_0236,0,10,59,59,50,0,False,2,street,daytime,cloudy,4,adult,decelerating
video_0236,0,20,69,69,50,0,False,2,street,daytime,cloudy,4,adult,decelerating
video_0236,0,30,79,79,50,0,False,2,street,daytime,cloudy,4,adult,decelerating
video_0236,0,40,89,89,50,0,False,2,street,daytime,cloudy,4,adult,decelerating
video_0236,0,50,99,99,50,0,False,2,street,daytime,cloudy,4,adult,decelerating
video_0236,0,60,109,109,50,0,False,2,street,daytime,cloudy,4,adult,decelerating
video_0236,0,70,119,119,50,0,False,2,street,daytime,cloudy,4,adult,decelerating
video_0236,0,80,129,129,50,0,False,2,street,daytime,cloudy,4,adult,decelerating
video_0236,0,90,139,139,50,0,False,2,street,daytime,cloudy,4,adult,decelerating
video_0236,0,100,149,149,50,0,False,2,street,daytime,cloudy,4,adult,decelerating
video_0236,0,110,159,159,50,0,False,2,street,daytime,cloudy,4,adult,decelerating
video_0236,0,120,169,169,50,0,False,2,street,daytime,cloudy,4,adult,accelerating
video_0236,0,130,179,179,50,0,False,2,street,daytime,cloudy,4,adult,accelerating
video_0236,0,140,189,189,50,0,False,2,street,daytime,cloudy,4,adult,accelerating
video_0236,0,150,199,199,50,0,False,2,street,daytime,cloudy,4,adult,accelerating
video_0236,0,160,209,209,50,0,False,2,street,daytime,cloudy,4,adult,accelerating
video_0236,0,170,219,209,40,0,False,2,street,daytime,cloudy,4,adult,accelerating
video_0236,0,180,229,209,30,0,False,2,street,daytime,cloudy,4,adult,accelerating
video_0236,0,190,239,209,20,0,False,2,street,daytime,cloudy,4,adult,accelerating
video_0236,0,200,249,209,10,0,False,2,street,daytime,cloudy,4,adult,accelerating
video_0236,1,0,49,49,50,5,False,2,street,daytime,cloudy,4,adult,decelerating
video_0236,1,10,59,59,50,0,False,2,street,daytime,cloudy,4,adult,decelerating
video_0236,1,20,69,69,50,0,False,2,street,daytime,cloudy,4,adult,decelerating
video_0236,1,30,79,79,50,0,False,2,street,daytime,cloudy,4,adult,decelerating
video_0236,1,40,89,89,50,0,False,2,street,daytime,cloudy,4,adult,decelerating
video_0236,1,50,99,89,40,0,False,2,street,daytime,cloudy,4,adult,decelerating
video_0236,1,60,109,89,30,0,False,2,street,daytime,cloudy,4,adult,decelerating
video_0236,1,70,119,89,20,0,False,2,street,daytime,cloudy,4,adult,decelerating
video_0236,1,80,129,129,20,0,False,2,street,daytime,cloudy,4,adult,decelerating
video_0236,1,90,139,139,20,0,False,2,street,daytime,cloudy,4,adult,decelerating
video_0236,1,100,149,149,30,0,False,2,street,daytime,cloudy,4,adult,decelerating
video_0236,1,110,159,159,40,0,False,2,street,daytime,cloudy,4,adult,decelerating
video_0236,1,120,169,169,50,0,False,2,street,daytime,cloudy,4,adult,accelerating
video_0236,1,130,179,179,50,0,False,2,street,daytime,cloudy,4,adult,accelerating
video_0236,1,140,189,189,50,0,False,2,street,daytime,cloudy,4,adult,accelerating
video_0236,1,150,199,199,50,0,False,2,street,daytime,cloudy,4,adult,accelerating
video_0236,1,160,209,209,50,0,False,2,street,daytime,cloudy,4,adult,accelerating
video_0236,1,170,219,209,40,0,False,2,street,daytime,cloudy,4,adult,accelerating
video_0236,1,180,229,209,30,0,False,2,street,daytime,cloudy,4,adult,accelerating
video_0236,1,190,239,209,20,0,False,2,street,daytime,cloudy,4,adult,accelerating
video_0236,1,200,249,209,10,0,False,2,street,daytime,cloudy,4,adult,accelerating
video_0237,0,0,49,49,50,0,False,1,plaza,daytime,clear,1,adult,decelerating
video_0237,0,10,59,59,50,0,False,1,plaza,daytime,clear,1,adult,decelerating
video_0237,0,20,69,69,50,0,False,1,plaza,daytime,clear,1,adult,accelerating
video_0237,0,30,79,79,50,0,False,1,plaza,daytime,clear,1,adult,accelerating
video_0237,0,40,89,89,50,0,False,1,plaza,daytime,clear,1,adult,accelerating
video_0237,0,50,99,99,50,0,False,2,plaza,daytime,clear,1,adult,decelerating
video_0237,0,60,109,109,50,0,False,1,plaza,daytime,clear,1,adult,decelerating
video_0237,0,70,119,119,50,0,False,1,plaza,daytime,clear,1,adult,decelerating
video_0237,0,80,129,129,50,0,False,1,plaza,daytime,clear,1,adult,accelerating
video_0237,0,90,139,139,50,0,False,1,plaza,daytime,clear,1,adult,accelerating
video_0237,0,100,149,149,50,0,False,1,plaza,daytime,clear,1,adult,accelerating
video_0237,0,110,159,159,50,0,False,1,plaza,daytime,clear,1,adult,decelerating
video_0237,0,120,169,169,50,0,False,0,plaza,daytime,clear,1,adult,decelerating
video_0237,0,130,179,179,50,0,False,0,plaza,daytime,clear,1,adult,decelerating
video_0237,0,140,189,179,40,0,False,0,plaza,daytime,clear,1,adult,decelerating
video_0237,0,150,199,179,30,0,False,0,plaza,daytime,clear,1,adult,decelerating
video_0237,0,160,209,179,20,0,False,0,plaza,daytime,clear,1,adult,decelerating
video_0237,0,170,219,179,10,0,False,0,plaza,daytime,clear,1,adult,decelerating
video_0237,1,0,49,49,50,0,False,1,plaza,daytime,clear,1,adult,decelerating
video_0237,1,10,59,59,50,0,False,1,plaza,daytime,clear,1,adult,decelerating
video_0237,1,20,69,69,50,0,False,1,plaza,daytime,clear,1,adult,accelerating
video_0237,1,30,79,79,50,0,False,1,plaza,daytime,clear,1,adult,accelerating
video_0237,1,40,89,89,50,0,False,1,plaza,daytime,clear,1,adult,accelerating
video_0237,1,50,99,99,50,0,False,2,plaza,daytime,clear,1,adult,decelerating
video_0237,1,60,109,109,50,0,False,1,plaza,daytime,clear,1,adult,decelerating
video_0237,1,70,119,119,50,0,False,1,plaza,daytime,clear,1,adult,decelerating
video_0237,1,80,129,119,40,0,False,1,plaza,daytime,clear,1,adult,decelerating
video_0237,1,90,139,119,30,0,False,1,plaza,daytime,clear,1,adult,decelerating
video_0237,1,100,149,119,20,0,False,1,plaza,daytime,clear,1,adult,decelerating
video_0237,1,110,159,119,10,0,False,1,plaza,daytime,clear,1,adult,decelerating
video_0238,0,30,79,79,50,12,False,1,street,daytime,cloudy,3,senior,decelerating
video_0238,0,40,89,89,50,4,False,1,street,daytime,cloudy,3,senior,decelerating
video_0238,0,50,99,89,40,0,False,1,street,daytime,cloudy,3,senior,decelerating
video_0238,0,60,109,89,30,0,False,0,street,daytime,cloudy,3,senior,decelerating
video_0238,0,70,119,89,20,0,False,0,street,daytime,cloudy,3,senior,decelerating
video_0238,0,80,129,129,20,0,False,2,street,daytime,cloudy,3,senior,decelerating
video_0238,0,90,139,139,20,0,False,2,street,daytime,cloudy,3,senior,decelerating
video_0238,0,100,149,149,30,0,False,2,street,daytime,cloudy,3,senior,decelerating
video_0238,0,110,159,159,40,0,False,2,street,daytime,cloudy,3,senior,decelerating
video_0238,0,120,169,169,50,0,False,2,street,daytime,cloudy,3,senior,decelerating
video_0238,0,130,179,179,50,0,False,2,street,daytime,cloudy,3,senior,accelerating
video_0238,0,140,189,189,50,0,False,2,street,daytime,cloudy,3,senior,accelerating
video_0238,0,150,199,199,50,0,False,2,street,daytime,cloudy,3,senior,accelerating
video_0238,0,160,209,209,50,0,False,2,street,daytime,cloudy,3,senior,accelerating
video_0238,0,170,219,219,50,0,False,2,street,daytime,cloudy,3,senior,accelerating
video_0238,0,180,229,229,50,0,False,2,street,daytime,cloudy,3,senior,accelerating
video_0238,0,190,239,239,50,0,False,2,street,daytime,cloudy,3,senior,accelerating
video_0238,0,200,249,239,40,0,False,2,street,daytime,cloudy,3,senior,accelerating
video_0238,0,210,259,239,30,0,False,2,street,daytime,cloudy,3,senior,accelerating
video_0238,0,220,269,239,20,0,False,2,street,daytime,cloudy,3,senior,accelerating
video_0238,0,230,279,239,10,0,False,2,street,daytime,cloudy,3,senior,accelerating
video_0238,1,120,169,169,50,0,False,2,street,daytime,cloudy,3,senior,decelerating
video_0238,1,130,179,179,50,0,False,2,street,daytime,cloudy,3,senior,accelerating
video_0238,1,140,189,189,50,0,False,2,street,daytime,cloudy,3,senior,accelerating
video_0238,1,150,199,199,50,0,False,2,street,daytime,cloudy,3,senior,accelerating
video_0238,1,160,209,209,50,0,False,2,street,daytime,cloudy,3,senior,accelerating
video_0238,1,170,219,219,50,0,False,2,street,daytime,cloudy,3,senior,accelerating
video_0238,1,180,229,229,50,0,False,2,street,daytime,cloudy,3,senior,accelerating
video_0238,1,190,239,239,50,0,False,2,street,daytime,cloudy,3,senior,accelerating
video_0238,1,200,249,239,40,0,False,2,street,daytime,cloudy,3,senior,accelerating
video_0238,1,210,259,239,30,0,False,2,street,daytime,cloudy,3,senior,accelerating
video_0238,1,220,269,239,20,0,False,2,street,daytime,cloudy,3,senior,accelerating
video_0238,1,230,279,239,10,0,False,2,street,daytime,cloudy,3,senior,accelerating
video_0239,0,30,79,79,50,0,False,1,street,daytime,rain,3,adult,accelerating
video_0239,0,40,89,89,50,0,False,1,street,daytime,rain,3,adult,accelerating
video_0239,0,50,99,89,40,0,False,1,street,daytime,rain,3,adult,accelerating
video_0239,0,60,109,89,30,0,False,0,street,daytime,rain,3,adult,accelerating
video_0239,0,70,119,89,20,0,False,0,street,daytime,rain,3,adult,accelerating
video_0239,0,80,129,89,10,0,False,0,street,daytime,rain,3,adult,accelerating
video_0240,0,30,79,79,50,8,False,2,street,daytime,rain,2,adult,decelerating
video_0240,0,40,89,89,50,1,False,2,street,daytime,rain,2,adult,decelerating
video_0240,0,50,99,99,50,0,False,2,street,daytime,rain,2,adult,decelerating
video_0240,0,60,109,109,50,0,False,2,street,daytime,rain,2,adult,decelerating
video_0240,0,70,119,119,50,0,False,2,street,daytime,rain,2,adult,decelerating
video_0240,0,80,129,129,50,0,False,2,street,daytime,rain,2,adult,decelerating
video_0240,0,90,139,139,50,0,False,2,street,daytime,rain,2,adult,accelerating
video_0240,0,100,149,149,50,0,False,2,street,daytime,rain,2,adult,accelerating
video_0240,0,110,159,159,50,0,False,2,street,daytime,rain,2,adult,accelerating
video_0240,0,120,169,169,50,0,False,2,street,daytime,rain,2,adult,accelerating
video_0240,0,130,179,179,50,0,False,2,street,daytime,rain,2,adult,accelerating
video_0240,0,140,189,189,50,0,False,2,street,daytime,rain,2,adult,accelerating
video_0240,0,150,199,199,50,0,False,2,street,daytime,rain,2,adult,accelerating
video_0240,0,160,209,209,50,0,False,2,street,daytime,rain,2,adult,accelerating
video_0240,0,170,219,209,40,0,False,2,street,daytime,rain,2,adult,accelerating
video_0240,0,180,229,209,30,0,False,2,street,daytime,rain,2,adult,accelerating
video_0240,0,190,239,209,20,0,False,2,street,daytime,rain,2,adult,accelerating
video_0240,0,200,249,209,10,0,False,2,street,daytime,rain,2,adult,accelerating
video_0240,1,30,79,59,30,8,False,2,street,daytime,rain,2,adult,decelerating
video_0240,1,40,89,59,20,1,False,2,street,daytime,rain,2,adult,decelerating
video_0240,1,50,99,99,20,0,False,2,street,daytime,rain,2,adult,decelerating
video_0240,1,60,109,109,20,0,False,2,street,daytime,rain,2,adult,decelerating
video_0240,1,70,119,119,30,0,False,2,street,daytime,rain,2,adult,decelerating
video_0240,1,80,129,129,40,0,False,2,street,daytime,rain,2,adult,decelerating
video_0240,1,90,139,139,50,0,False,2,street,daytime,rain,2,adult,accelerating
video_0240,1,100,149,149,50,0,False,2,street,daytime,rain,2,adult,accelerating
video_0240,1,110,159,159,50,0,False,2,street,daytime,rain,2,adult,accelerating
video_0240,1,120,169,169,50,0,False,2,street,daytime,rain,2,adult,accelerating
video_0240,1,130,179,179,50,0,False,2,street,daytime,rain,2,adult,accelerating
video_0240,1,140,189,189,50,0,False,2,street,daytime,rain,2,adult,accelerating
video_0240,1,150,199,199,50,0,False,2,street,daytime,rain,2,adult,accelerating
video_0240,1,160,209,209,50,0,False,2,street,daytime,rain,2,adult,accelerating
video_0240,1,170,219,209,40,0,False,2,street,daytime,rain,2,adult,accelerating
video_0240,1,180,229,209,30,0,False,2,street,daytime,rain,2,adult,accelerating
video_0240,1,190,239,209,20,0,False,2,street,daytime,rain,2,adult,accelerating
video_0240,1,200,249,209,10,0,False,2,street,daytime,rain,2,adult,accelerating
video_0241,0,60,109,109,50,29,True,2,street,daytime,clear,3,adult,decelerating
video_0241,0,70,119,119,50,25,True,2,street,daytime,clear,3,adult,decelerating
video_0241,0,80,129,129,50,17,False,2,street,daytime,clear,3,adult,decelerating
video_0241,0,90,139,139,50,7,False,2,street,daytime,clear,3,adult,decelerating
video_0241,0,100,149,149,50,4,False,2,street,daytime,clear,3,adult,decelerating
video_0241,0,110,159,149,40,0,False,2,street,daytime,clear,3,adult,decelerating
video_0241,0,120,169,149,30,0,False,2,street,daytime,clear,3,adult,decelerating
video_0241,0,130,179,149,20,0,False,2,street,daytime,clear,3,adult,decelerating
video_0241,0,140,189,149,10,0,False,2,street,daytime,clear,3,adult,decelerating
video_0241,1,60,109,89,30,22,False,2,street,daytime,clear,3,adult,decelerating
video_0241,1,70,119,89,20,18,False,2,street,daytime,clear,3,adult,decelerating
video_0241,1,80,129,129,20,10,False,2,street,daytime,clear,3,adult,decelerating
video_0241,1,90,139,139,20,0,False,2,street,daytime,clear,3,adult,decelerating
video_0241,1,100,149,149,30,0,False,2,street,daytime,clear,3,adult,decelerating
video_0241,1,110,159,149,30,0,False,2,street,daytime,clear,3,adult,decelerating
video_0241,1,120,169,149,30,0,False,2,street,daytime,clear,3,adult,decelerating
video_0241,1,130,179,149,20,0,False,2,street,daytime,clear,3,adult,decelerating
video_0241,1,140,189,149,10,0,False,2,street,daytime,clear,3,adult,decelerating
video_0242,0,0,49,49,50,0,False,2,street,daytime,clear,2,"adult,senior,young",decelerating
video_0242,0,10,59,59,50,0,False,2,street,daytime,clear,2,"adult,senior,young",decelerating
video_0242,0,20,69,69,50,0,False,2,street,daytime,clear,2,"adult,senior,young",decelerating
video_0242,0,30,79,79,50,0,False,2,street,daytime,clear,2,"adult,senior,young",decelerating
video_0242,0,40,89,89,50,0,False,2,street,daytime,clear,2,"adult,senior,young",decelerating
video_0242,0,50,99,99,50,0,False,2,street,daytime,clear,2,"adult,senior,young",decelerating
video_0242,0,60,109,109,50,0,False,2,street,daytime,clear,2,"adult,senior,young",decelerating
video_0242,0,70,119,119,50,0,False,2,street,daytime,clear,2,"adult,senior,young",decelerating
video_0242,0,80,129,129,50,0,False,2,street,daytime,clear,2,"adult,senior,young",decelerating
video_0242,0,90,139,139,50,0,False,2,street,daytime,clear,2,"adult,senior,young",decelerating
video_0242,0,100,149,149,50,0,False,2,street,daytime,clear,2,"adult,senior,young",decelerating
video_0242,0,110,159,159,50,0,False,2,street,daytime,clear,2,"adult,senior,young",stopped
video_0242,0,120,169,169,50,0,False,2,street,daytime,clear,2,"adult,senior,young",stopped
video_0242,0,130,179,179,50,0,False,2,street,daytime,clear,2,"adult,senior,young",stopped
video_0242,0,140,189,179,40,0,False,2,street,daytime,clear,2,"adult,senior,young",stopped
video_0242,0,150,199,179,30,0,False,2,street,daytime,clear,2,"adult,senior,young",stopped
video_0242,0,160,209,179,20,0,False,2,street,daytime,clear,2,"adult,senior,young",stopped
video_0242,0,170,219,179,10,0,False,2,street,daytime,clear,2,"adult,senior,young",stopped
video_0242,1,0,49,29,30,0,False,2,street,daytime,clear,2,"adult,senior,young",decelerating
video_0242,1,10,59,29,20,0,False,2,street,daytime,clear,2,"adult,senior,young",decelerating
video_0242,1,20,69,69,20,0,False,2,street,daytime,clear,2,"adult,senior,young",decelerating
video_0242,1,30,79,79,20,0,False,2,street,daytime,clear,2,"adult,senior,young",decelerating
video_0242,1,40,89,89,30,0,False,2,street,daytime,clear,2,"adult,senior,young",decelerating
video_0242,1,50,99,99,40,0,False,2,street,daytime,clear,2,"adult,senior,young",decelerating
video_0242,1,60,109,109,50,0,False,2,street,daytime,clear,2,"adult,senior,young",decelerating
video_0242,1,70,119,119,50,0,False,2,street,daytime,clear,2,"adult,senior,young",decelerating
video_0242,1,80,129,129,50,0,False,2,street,daytime,clear,2,"adult,senior,young",decelerating
video_0242,1,90,139,139,50,0,False,2,street,daytime,clear,2,"adult,senior,young",decelerating
video_0242,1,100,149,149,50,0,False,2,street,daytime,clear,2,"adult,senior,young",decelerating
video_0242,1,110,159,159,50,0,False,2,street,daytime,clear,2,"adult,senior,young",stopped
video_0242,1,120,169,169,50,0,False,2,street,daytime,clear,2,"adult,senior,young",stopped
video_0242,1,130,179,179,50,0,False,2,street,daytime,clear,2,"adult,senior,young",stopped
video_0242,1,140,189,179,40,0,False,2,street,daytime,clear,2,"adult,senior,young",stopped
video_0242,1,150,199,179,30,0,False,2,street,daytime,clear,2,"adult,senior,young",stopped
video_0242,1,160,209,179,20,0,False,2,street,daytime,clear,2,"adult,senior,young",stopped
video_0242,1,170,219,179,10,0,False,2,street,daytime,clear,2,"adult,senior,young",stopped
video_0243,0,0,49,49,50,27,True,1,street,daytime,clear,3,adult,decelerating
video_0243,0,10,59,59,50,19,False,1,street,daytime,clear,3,adult,decelerating
video_0243,0,20,69,69,50,9,False,1,street,daytime,clear,3,adult,decelerating
video_0243,0,30,79,79,50,0,False,1,street,daytime,clear,3,adult,decelerating
video_0243,0,40,89,89,50,0,False,1,street,daytime,clear,3,adult,decelerating
video_0243,0,50,99,89,40,0,False,1,street,daytime,clear,3,adult,decelerating
video_0243,0,60,109,89,30,0,False,1,street,daytime,clear,3,adult,decelerating
video_0243,0,70,119,89,20,0,False,1,street,daytime,clear,3,adult,decelerating
video_0243,0,80,129,89,10,0,False,1,street,daytime,clear,3,adult,decelerating
video_0244,0,0,49,49,50,0,False,2,street,daytime,clear,2,"adult,senior,young",decelerating
video_0244,0,10,59,59,50,0,False,2,street,daytime,clear,2,"adult,senior,young",decelerating
video_0244,0,20,69,69,50,0,False,2,street,daytime,clear,2,"adult,senior,young",decelerating
video_0244,0,30,79,79,50,0,False,2,street,daytime,clear,2,"adult,senior,young",decelerating
video_0244,0,40,89,89,50,0,False,2,street,daytime,clear,2,"adult,senior,young",decelerating
video_0244,0,50,99,99,50,0,False,2,street,daytime,clear,2,"adult,senior,young",decelerating
video_0244,0,60,109,109,50,0,False,2,street,daytime,clear,2,"adult,senior,young",decelerating
video_0244,0,70,119,119,50,0,False,2,street,daytime,clear,2,"adult,senior,young",decelerating
video_0244,0,80,129,129,50,0,False,2,street,daytime,clear,2,"adult,senior,young",decelerating
video_0244,0,90,139,139,50,0,False,2,street,daytime,clear,2,"adult,senior,young",decelerating
video_0244,0,100,149,149,50,0,False,2,street,daytime,clear,2,"adult,senior,young",stopped
video_0244,0,110,159,159,50,0,False,2,street,daytime,clear,2,"adult,senior,young",stopped
video_0244,0,120,169,169,50,0,False,2,street,daytime,clear,2,"adult,senior,young",stopped
video_0244,0,130,179,179,50,0,False,2,street,daytime,clear,2,"adult,senior,young",accelerating
video_0244,0,140,189,189,50,0,False,2,street,daytime,clear,2,"adult,senior,young",accelerating
video_0244,0,150,199,199,50,0,False,2,street,daytime,clear,2,"adult,senior,young",decelerating
video_0244,0,160,209,209,50,0,False,2,street,daytime,clear,2,"adult,senior,young",decelerating
video_0244,0,170,219,219,50,0,False,2,street,daytime,clear,2,"adult,senior,young",decelerating
video_0244,0,180,229,229,50,0,False,2,street,daytime,clear,2,"adult,senior,young",decelerating
video_0244,0,190,239,239,50,0,False,2,street,daytime,clear,2,"adult,senior,young",decelerating
video_0244,0,200,249,239,40,0,False,2,street,daytime,clear,2,"adult,senior,young",decelerating
video_0244,0,210,259,239,30,0,False,1,street,daytime,clear,2,"adult,senior,young",decelerating
video_0244,0,220,269,239,20,0,False,1,street,daytime,clear,2,"adult,senior,young",decelerating
video_0244,0,230,279,239,10,0,False,1,street,daytime,clear,2,"adult,senior,young",decelerating
video_0244,1,0,49,49,50,0,False,2,street,daytime,clear,2,"adult,senior,young",decelerating
video_0244,1,10,59,59,50,0,False,2,street,daytime,clear,2,"adult,senior,young",decelerating
video_0244,1,20,69,69,50,0,False,2,street,daytime,clear,2,"adult,senior,young",decelerating
video_0244,1,30,79,79,50,0,False,2,street,daytime,clear,2,"adult,senior,young",decelerating
video_0244,1,40,89,89,50,0,False,2,street,daytime,clear,2,"adult,senior,young",decelerating
video_0244,1,50,99,99,50,0,False,2,street,daytime,clear,2,"adult,senior,young",decelerating
video_0244,1,60,109,109,50,0,False,2,street,daytime,clear,2,"adult,senior,young",decelerating
video_0244,1,70,119,119,50,0,False,2,street,daytime,clear,2,"adult,senior,young",decelerating
video_0244,1,80,129,129,50,0,False,2,street,daytime,clear,2,"adult,senior,young",decelerating
video_0244,1,90,139,139,50,0,False,2,street,daytime,clear,2,"adult,senior,young",decelerating
video_0244,1,100,149,149,50,0,False,2,street,daytime,clear,2,"adult,senior,young",stopped
video_0244,1,110,159,159,50,0,False,2,street,daytime,clear,2,"adult,senior,young",stopped
video_0244,1,120,169,169,50,0,False,2,street,daytime,clear,2,"adult,senior,young",stopped
video_0244,1,130,179,179,50,0,False,2,street,daytime,clear,2,"adult,senior,young",accelerating
video_0244,1,140,189,189,50,0,False,2,street,daytime,clear,2,"adult,senior,young",accelerating
video_0244,1,150,199,199,50,0,False,2,street,daytime,clear,2,"adult,senior,young",decelerating
video_0244,1,160,209,209,50,0,False,2,street,daytime,clear,2,"adult,senior,young",decelerating
video_0244,1,170,219,209,40,0,False,2,street,daytime,clear,2,"adult,senior,young",decelerating
video_0244,1,180,229,209,30,0,False,2,street,daytime,clear,2,"adult,senior,young",decelerating
video_0244,1,190,239,209,20,0,False,2,street,daytime,clear,2,"adult,senior,young",decelerating
video_0244,1,200,249,209,10,0,False,2,street,daytime,clear,2,"adult,senior,young",decelerating
video_0245,0,30,79,79,50,0,False,0,street,daytime,cloudy,3,"adult,young",accelerating
video_0245,0,40,89,89,50,0,False,0,street,daytime,cloudy,3,"adult,young",decelerating
video_0245,0,50,99,99,50,0,False,1,street,daytime,cloudy,3,"adult,young",decelerating
video_0245,0,60,109,109,50,0,False,1,street,daytime,cloudy,3,"adult,young",decelerating
video_0245,0,70,119,119,50,0,False,1,street,daytime,cloudy,3,"adult,young",decelerating
video_0245,0,80,129,119,40,0,False,1,street,daytime,cloudy,3,"adult,young",decelerating
video_0245,0,90,139,119,30,0,False,1,street,daytime,cloudy,3,"adult,young",decelerating
video_0245,0,100,149,119,20,0,False,1,street,daytime,cloudy,3,"adult,young",decelerating
video_0245,0,110,159,119,10,0,False,1,street,daytime,cloudy,3,"adult,young",decelerating
video_0245,1,90,139,119,30,0,False,1,street,daytime,cloudy,3,"adult,young",decelerating
video_0245,1,100,149,119,20,0,False,1,street,daytime,cloudy,3,"adult,young",decelerating
video_0245,1,110,159,119,10,0,False,1,street,daytime,cloudy,3,"adult,young",decelerating
video_0246,0,90,139,119,30,28,True,1,street,daytime,rain,4,adult,decelerating
video_0246,0,100,149,119,20,20,False,1,street,daytime,rain,4,adult,decelerating
video_0246,0,110,159,119,10,10,False,1,street,daytime,rain,4,adult,decelerating
video_0246,0,140,189,189,10,10,False,1,street,daytime,rain,4,adult,decelerating
video_0246,0,150,199,199,20,20,False,1,street,daytime,rain,4,adult,decelerating
video_0246,0,160,209,209,30,28,True,1,street,daytime,rain,4,adult,decelerating
video_0246,0,170,219,209,30,28,True,1,street,daytime,rain,4,adult,decelerating
video_0246,0,180,229,209,30,28,True,1,street,daytime,rain,4,adult,decelerating
video_0246,0,190,239,209,20,18,False,1,street,daytime,rain,4,adult,decelerating
video_0246,0,200,249,209,10,8,False,1,street,daytime,rain,4,adult,decelerating
video_0247,0,0,49,49,50,17,False,2,street,daytime,cloudy,4,adult,accelerating
video_0247,0,10,59,59,50,27,True,2,street,daytime,cloudy,4,adult,accelerating
video_0247,0,20,69,69,50,37,True,2,street,daytime,cloudy,4,adult,accelerating
video_0247,0,30,79,79,50,47,True,2,street,daytime,cloudy,4,adult,accelerating
video_0247,0,40,89,89,50,42,True,2,street,daytime,cloudy,4,adult,decelerating
video_0247,0,50,99,99,50,32,True,2,street,daytime,cloudy,4,adult,decelerating
video_0247,0,60,109,109,50,22,False,2,street,daytime,cloudy,4,adult,accelerating
video_0247,0,70,119,119,50,12,False,2,street,daytime,cloudy,4,adult,accelerating
video_0247,0,80,129,129,50,2,False,2,street,daytime,cloudy,4,adult,accelerating
video_0247,0,90,139,139,50,0,False,2,street,daytime,cloudy,4,adult,decelerating
video_0247,0,100,149,149,50,0,False,2,street,daytime,cloudy,4,adult,decelerating
video_0247,0,110,159,159,50,0,False,2,street,daytime,cloudy,4,adult,decelerating
video_0247,0,120,169,169,50,0,False,2,street,daytime,cloudy,4,adult,decelerating
video_0247,0,130,179,179,50,0,False,2,street,daytime,cloudy,4,adult,decelerating
video_0247,0,140,189,189,50,0,False,2,street,daytime,cloudy,4,adult,decelerating
video_0247,0,150,199,199,50,0,False,1,street,daytime,cloudy,4,adult,decelerating
video_0247,0,160,209,209,50,0,False,1,street,daytime,cloudy,4,adult,decelerating
video_0247,0,170,219,209,40,0,False,1,street,daytime,cloudy,4,adult,decelerating
video_0247,0,180,229,209,30,0,False,1,street,daytime,cloudy,4,adult,decelerating
video_0247,0,190,239,209,20,0,False,1,street,daytime,cloudy,4,adult,decelerating
video_0247,0,200,249,209,10,0,False,1,street,daytime,cloudy,4,adult,decelerating
video_0247,1,0,49,29,30,0,False,2,street,daytime,cloudy,4,adult,accelerating
video_0247,1,10,59,29,20,0,False,2,street,daytime,cloudy,4,adult,accelerating
video_0247,1,20,69,69,20,10,False,2,street,daytime,cloudy,4,adult,accelerating
video_0247,1,30,79,79,20,20,False,2,street,daytime,cloudy,4,adult,accelerating
video_0247,1,40,89,89,30,22,False,2,street,daytime,cloudy,4,adult,decelerating
video_0247,1,50,99,99,40,22,False,2,street,daytime,cloudy,4,adult,decelerating
video_0247,1,60,109,109,50,22,False,2,street,daytime,cloudy,4,adult,accelerating
video_0247,1,70,119,119,50,12,False,2,street,daytime,cloudy,4,adult,accelerating
video_0247,1,80,129,129,50,2,False,2,street,daytime,cloudy,4,adult,accelerating
video_0247,1,90,139,139,50,0,False,2,street,daytime,cloudy,4,adult,decelerating
video_0247,1,100,149,149,50,0,False,2,street,daytime,cloudy,4,adult,decelerating
video_0247,1,110,159,159,50,0,False,2,street,daytime,cloudy,4,adult,decelerating
video_0247,1,120,169,169,50,0,False,2,street,daytime,cloudy,4,adult,decelerating
video_0247,1,130,179,179,50,0,False,2,street,daytime,cloudy,4,adult,decelerating
video_0247,1,140,189,189,50,0,False,2,street,daytime,cloudy,4,adult,decelerating
video_0247,1,150,199,199,50,3,False,1,street,daytime,cloudy,4,adult,decelerating
video_0247,1,160,209,209,50,10,False,1,street,daytime,cloudy,4,adult,decelerating
video_0247,1,170,219,209,40,10,False,1,street,daytime,cloudy,4,adult,decelerating
video_0247,1,180,229,209,30,10,False,1,street,daytime,cloudy,4,adult,decelerating
video_0247,1,190,239,209,20,10,False,1,street,daytime,cloudy,4,adult,decelerating
video_0247,1,200,249,209,10,7,False,1,street,daytime,cloudy,4,adult,decelerating
video_0248,0,0,49,49,50,38,True,2,street,daytime,rain,4,adult,accelerating
video_0248,0,10,59,59,50,39,True,2,street,daytime,rain,4,adult,accelerating
video_0248,0,20,69,69,50,39,True,2,street,daytime,rain,4,adult,decelerating
video_0248,0,30,79,79,50,43,True,1,street,daytime,rain,4,adult,decelerating
video_0248,0,40,89,89,50,47,True,1,street,daytime,rain,4,adult,decelerating
video_0248,0,50,99,99,50,49,True,1,street,daytime,rain,4,adult,decelerating
video_0248,0,60,109,109,50,49,True,1,street,daytime,rain,4,adult,decelerating
video_0248,0,70,119,119,50,49,True,1,street,daytime,rain,4,adult,decelerating
video_0248,0,80,129,129,50,47,True,1,street,daytime,rain,4,adult,decelerating
video_0248,0,90,139,139,50,43,True,1,street,daytime,rain,4,adult,decelerating
video_0248,0,100,149,149,50,40,True,1,street,daytime,rain,4,adult,decelerating
video_0248,0,110,159,159,50,40,True,1,street,daytime,rain,4,adult,decelerating
video_0248,0,120,169,169,50,39,True,1,street,daytime,rain,4,adult,decelerating
video_0248,0,130,179,179,50,42,True,1,street,daytime,rain,4,adult,decelerating
video_0248,0,140,189,179,40,36,True,1,street,daytime,rain,4,adult,decelerating
video_0248,0,150,199,179,30,29,True,1,street,daytime,rain,4,adult,decelerating
video_0248,0,160,209,179,20,19,False,1,street,daytime,rain,4,adult,decelerating
video_0248,0,170,219,179,10,10,False,1,street,daytime,rain,4,adult,decelerating
video_0248,1,0,49,29,30,24,False,2,street,daytime,rain,4,adult,accelerating
video_0248,1,10,59,29,20,15,False,2,street,daytime,rain,4,adult,accelerating
video_0248,1,20,69,29,10,5,False,2,street,daytime,rain,4,adult,accelerating
video_0249,0,0,49,49,50,0,False,2,street,daytime,clear,2,adult,decelerating
video_0249,0,10,59,59,50,0,False,2,street,daytime,clear,2,adult,decelerating
video_0249,0,20,69,69,50,0,False,2,street,daytime,clear,2,adult,decelerating
video_0249,0,30,79,79,50,0,False,2,street,daytime,clear,2,adult,accelerating
video_0249,0,40,89,89,50,0,False,2,street,daytime,clear,2,adult,accelerating
video_0249,0,50,99,99,50,0,False,2,street,daytime,clear,2,adult,accelerating
video_0249,0,60,109,109,50,0,False,2,street,daytime,clear,2,adult,accelerating
video_0249,0,70,119,119,50,0,False,2,street,daytime,clear,2,adult,accelerating
video_0249,0,80,129,119,40,0,False,2,street,daytime,clear,2,adult,accelerating
video_0249,0,90,139,119,30,0,False,2,street,daytime,clear,2,adult,accelerating
video_0249,0,100,149,119,20,0,False,2,street,daytime,clear,2,adult,accelerating
video_0249,0,110,159,119,10,0,False,2,street,daytime,clear,2,adult,accelerating
video_0249,1,0,49,49,50,0,False,2,street,daytime,clear,2,adult,decelerating
video_0249,1,10,59,59,50,0,False,2,street,daytime,clear,2,adult,decelerating
video_0249,1,20,69,69,50,0,False,2,street,daytime,clear,2,adult,decelerating
video_0249,1,30,79,79,50,0,False,2,street,daytime,clear,2,adult,accelerating
video_0249,1,40,89,89,50,0,False,2,street,daytime,clear,2,adult,accelerating
video_0249,1,50,99,99,50,0,False,2,street,daytime,clear,2,adult,accelerating
video_0249,1,60,109,109,50,0,False,2,street,daytime,clear,2,adult,accelerating
video_0249,1,70,119,119,50,0,False,2,street,daytime,clear,2,adult,accelerating
video_0249,1,80,129,119,40,0,False,2,street,daytime,clear,2,adult,accelerating
video_0249,1,90,139,119,30,0,False,2,street,daytime,clear,2,adult,accelerating
video_0249,1,100,149,119,20,0,False,2,street,daytime,clear,2,adult,accelerating
video_0249,1,110,159,119,10,0,False,2,street,daytime,clear,2,adult,accelerating
video_0250,0,0,49,49,50,0,False,2,street,daytime,clear,2,adult,decelerating
video_0250,0,10,59,59,50,0,False,2,street,daytime,clear,2,adult,decelerating
video_0250,0,20,69,69,50,0,False,2,street,daytime,clear,2,adult,decelerating
video_0250,0,30,79,79,50,0,False,1,street,daytime,clear,2,adult,decelerating
video_0250,0,40,89,89,50,0,False,1,street,daytime,clear,2,adult,decelerating
video_0250,0,50,99,89,40,0,False,1,street,daytime,clear,2,adult,decelerating
video_0250,0,60,109,89,30,0,False,0,street,daytime,clear,2,adult,decelerating
video_0250,0,70,119,89,20,0,False,0,street,daytime,clear,2,adult,decelerating
video_0250,0,80,129,89,10,0,False,0,street,daytime,clear,2,adult,decelerating
video_0250,1,0,49,49,50,0,False,2,street,daytime,clear,2,adult,decelerating
video_0250,1,10,59,59,50,0,False,2,street,daytime,clear,2,adult,decelerating
video_0250,1,20,69,59,40,0,False,2,street,daytime,clear,2,adult,decelerating
video_0250,1,30,79,59,30,0,False,1,street,daytime,clear,2,adult,decelerating
video_0250,1,40,89,59,20,0,False,1,street,daytime,clear,2,adult,decelerating
video_0250,1,50,99,59,10,0,False,1,street,daytime,clear,2,adult,decelerating
video_0251,0,0,49,49,50,5,False,1,street,daytime,clear,4,adult,accelerating
video_0251,0,10,59,59,50,5,False,1,street,daytime,clear,4,adult,accelerating
video_0251,0,20,69,69,50,5,False,2,street,daytime,clear,4,adult,accelerating
video_0251,0,30,79,79,50,5,False,2,street,daytime,clear,4,adult,accelerating
video_0251,0,40,89,89,50,2,False,2,street,daytime,clear,4,adult,decelerating
video_0251,0,50,99,99,50,0,False,2,street,daytime,clear,4,adult,decelerating
video_0251,0,60,109,109,50,0,False,2,street,daytime,clear,4,adult,decelerating
video_0251,0,70,119,119,50,0,False,2,street,daytime,clear,4,adult,decelerating
video_0251,0,80,129,129,50,0,False,2,street,daytime,clear,4,adult,decelerating
video_0251,0,90,139,139,50,0,False,2,street,daytime,clear,4,adult,decelerating
video_0251,0,100,149,149,50,0,False,2,street,daytime,clear,4,adult,decelerating
video_0251,0,110,159,159,50,0,False,2,street,daytime,clear,4,adult,decelerating
video_0251,0,120,169,169,50,0,False,2,street,daytime,clear,4,adult,decelerating
video_0251,0,130,179,179,50,0,False,2,street,daytime,clear,4,adult,decelerating
video_0251,0,140,189,189,50,0,False,2,street,daytime,clear,4,adult,decelerating
video_0251,0,150,199,199,50,0,False,2,street,daytime,clear,4,adult,decelerating
video_0251,0,160,209,209,50,0,False,2,street,daytime,clear,4,adult,decelerating
video_0251,0,170,219,209,40,0,False,2,street,daytime,clear,4,adult,decelerating
video_0251,0,180,229,209,30,0,False,1,street,daytime,clear,4,adult,decelerating
video_0251,0,190,239,209,20,0,False,1,street,daytime,clear,4,adult,decelerating
video_0251,0,200,249,209,10,0,False,1,street,daytime,clear,4,adult,decelerating
video_0251,1,0,49,29,30,0,False,1,street,daytime,clear,4,adult,decelerating
video_0251,1,10,59,29,20,0,False,1,street,daytime,clear,4,adult,decelerating
video_0251,1,20,69,69,20,0,False,2,street,daytime,clear,4,adult,accelerating
video_0251,1,30,79,79,20,0,False,2,street,daytime,clear,4,adult,accelerating
video_0251,1,40,89,89,30,0,False,2,street,daytime,clear,4,adult,decelerating
video_0251,1,50,99,99,40,0,False,2,street,daytime,clear,4,adult,decelerating
video_0251,1,60,109,109,50,0,False,2,street,daytime,clear,4,adult,decelerating
video_0251,1,70,119,119,50,0,False,2,street,daytime,clear,4,adult,decelerating
video_0251,1,80,129,129,50,0,False,2,street,daytime,clear,4,adult,decelerating
video_0251,1,90,139,139,50,0,False,2,street,daytime,clear,4,adult,decelerating
video_0251,1,100,149,149,50,0,False,2,street,daytime,clear,4,adult,decelerating
video_0251,1,110,159,159,50,0,False,2,street,daytime,clear,4,adult,decelerating
video_0251,1,120,169,169,50,0,False,2,street,daytime,clear,4,adult,decelerating
video_0251,1,130,179,179,50,0,False,2,street,daytime,clear,4,adult,decelerating
video_0251,1,140,189,179,40,0,False,2,street,daytime,clear,4,adult,decelerating
video_0251,1,150,199,179,30,0,False,2,street,daytime,clear,4,adult,decelerating
video_0251,1,160,209,179,20,0,False,2,street,daytime,clear,4,adult,decelerating
video_0251,1,170,219,179,10,0,False,2,street,daytime,clear,4,adult,decelerating
video_0252,0,30,79,79,50,5,False,2,street,daytime,clear,3,adult,decelerating
video_0252,0,40,89,89,50,1,False,2,street,daytime,clear,3,adult,decelerating
video_0252,0,50,99,99,50,1,False,2,street,daytime,clear,3,adult,decelerating
video_0252,0,60,109,109,50,0,False,1,street,daytime,clear,3,adult,decelerating
video_0252,0,70,119,119,50,0,False,1,street,daytime,clear,3,adult,decelerating
video_0252,0,80,129,119,40,0,False,1,street,daytime,clear,3,adult,decelerating
video_0252,0,90,139,119,30,0,False,0,street,daytime,clear,3,adult,decelerating
video_0252,0,100,149,119,20,0,False,0,street,daytime,clear,3,adult,decelerating
video_0252,0,110,159,119,10,0,False,0,street,daytime,clear,3,adult,decelerating
video_0252,1,30,79,79,50,12,False,2,street,daytime,clear,3,adult,decelerating
video_0252,1,40,89,89,50,10,False,2,street,daytime,clear,3,adult,decelerating
video_0252,1,50,99,89,40,10,False,2,street,daytime,clear,3,adult,decelerating
video_0252,1,60,109,89,30,9,False,1,street,daytime,clear,3,adult,decelerating
video_0252,1,70,119,89,20,7,False,1,street,daytime,clear,3,adult,decelerating
video_0252,1,80,129,89,10,2,False,1,street,daytime,clear,3,adult,decelerating
video_0253,0,0,49,49,50,20,False,1,street,daytime,cloudy,2,adult,decelerating
video_0253,0,10,59,59,50,24,False,1,street,daytime,cloudy,2,adult,decelerating
video_0253,0,20,69,69,50,24,False,1,street,daytime,cloudy,2,adult,decelerating
video_0253,0,30,79,79,50,24,False,1,street,daytime,cloudy,2,adult,decelerating
video_0253,0,40,89,89,50,14,False,1,street,daytime,cloudy,2,adult,decelerating
video_0253,0,50,99,99,50,4,False,1,street,daytime,cloudy,2,adult,decelerating
video_0253,0,60,109,109,50,0,False,0,street,daytime,cloudy,2,adult,decelerating
video_0253,0,70,119,119,50,0,False,0,street,daytime,cloudy,2,adult,decelerating
video_0253,0,80,129,129,50,0,False,1,street,daytime,cloudy,2,adult,decelerating
video_0253,0,90,139,139,50,0,False,1,street,daytime,cloudy,2,adult,decelerating
video_0253,0,100,149,149,50,0,False,1,street,daytime,cloudy,2,adult,accelerating
video_0253,0,110,159,159,50,0,False,1,street,daytime,cloudy,2,adult,accelerating
video_0253,0,120,169,169,50,0,False,1,street,daytime,cloudy,2,adult,decelerating
video_0253,0,130,179,179,50,0,False,1,street,daytime,cloudy,2,adult,decelerating
video_0253,0,140,189,179,40,0,False,1,street,daytime,cloudy,2,adult,decelerating
video_0253,0,150,199,179,30,0,False,0,street,daytime,cloudy,2,adult,decelerating
video_0253,0,160,209,179,20,0,False,0,street,daytime,cloudy,2,adult,decelerating
video_0253,0,170,219,179,10,0,False,0,street,daytime,cloudy,2,adult,decelerating
video_0253,1,60,109,89,30,0,False,0,street,daytime,cloudy,2,adult,decelerating
video_0253,1,70,119,89,20,0,False,0,street,daytime,cloudy,2,adult,decelerating
video_0253,1,80,129,129,20,10,False,1,street,daytime,cloudy,2,adult,decelerating
video_0253,1,90,139,139,20,20,False,1,street,daytime,cloudy,2,adult,decelerating
video_0253,1,100,149,149,30,30,True,1,street,daytime,cloudy,2,adult,accelerating
video_0253,1,110,159,149,30,30,True,1,street,daytime,cloudy,2,adult,accelerating
video_0253,1,120,169,149,30,30,True,1,street,daytime,cloudy,2,adult,accelerating
video_0253,1,130,179,149,20,20,False,1,street,daytime,cloudy,2,adult,accelerating
video_0253,1,140,189,149,10,10,False,1,street,daytime,cloudy,2,adult,accelerating
video_0254,0,0,49,49,50,1,False,1,street,daytime,clear,2,adult,decelerating
video_0254,0,10,59,59,50,3,False,1,street,daytime,clear,2,adult,decelerating
video_0254,0,20,69,69,50,3,False,1,street,daytime,clear,2,adult,decelerating
video_0254,0,30,79,79,50,3,False,1,street,daytime,clear,2,adult,decelerating
video_0254,0,40,89,89,50,2,False,1,street,daytime,clear,2,adult,decelerating
video_0254,0,50,99,99,50,2,False,1,street,daytime,clear,2,adult,decelerating
video_0254,0,60,109,109,50,0,False,0,street,daytime,clear,2,adult,accelerating
video_0254,0,70,119,119,50,0,False,0,street,daytime,clear,2,adult,accelerating
video_0254,0,80,129,129,50,1,False,1,street,daytime,clear,2,adult,decelerating
video_0254,0,90,139,139,50,1,False,1,street,daytime,clear,2,adult,decelerating
video_0254,0,100,149,149,50,5,False,1,street,daytime,clear,2,adult,decelerating
video_0254,0,110,159,149,40,5,False,1,street,daytime,clear,2,adult,decelerating
video_0254,0,120,169,149,30,5,False,1,street,daytime,clear,2,adult,decelerating
video_0254,0,130,179,149,20,4,False,1,street,daytime,clear,2,adult,decelerating
video_0254,0,140,189,149,10,4,False,1,street,daytime,clear,2,adult,decelerating
video_0255,0,0,49,49,50,15,False,1,street,daytime,clear,2,adult,decelerating
video_0255,0,10,59,59,50,15,False,1,street,daytime,clear,2,adult,decelerating
video_0255,0,20,69,69,50,15,False,1,street,daytime,clear,2,adult,accelerating
video_0255,0,30,79,79,50,11,False,1,street,daytime,clear,2,adult,accelerating
video_0255,0,40,89,89,50,1,False,1,street,daytime,clear,2,adult,accelerating
video_0255,0,50,99,99,50,0,False,2,street,daytime,clear,2,adult,decelerating
video_0255,0,60,109,109,50,0,False,2,street,daytime,clear,2,adult,decelerating
video_0255,0,70,119,119,50,0,False,2,street,daytime,clear,2,adult,decelerating
video_0255,0,80,129,129,50,0,False,2,street,daytime,clear,2,adult,decelerating
video_0255,0,90,139,139,50,0,False,2,street,daytime,clear,2,adult,decelerating
video_0255,0,100,149,149,50,0,False,2,street,daytime,clear,2,adult,decelerating
video_0255,0,110,159,159,50,0,False,2,street,daytime,clear,2,adult,decelerating
video_0255,0,120,169,169,50,0,False,2,street,daytime,clear,2,adult,decelerating
video_0255,0,130,179,179,50,0,False,2,street,daytime,clear,2,adult,decelerating
video_0255,0,140,189,189,50,0,False,2,street,daytime,clear,2,adult,decelerating
video_0255,0,150,199,199,50,0,False,2,street,daytime,clear,2,adult,stopped
video_0255,0,160,209,209,50,0,False,2,street,daytime,clear,2,adult,stopped
video_0255,0,170,219,219,50,0,False,2,street,daytime,clear,2,adult,accelerating
video_0255,0,180,229,229,50,0,False,2,street,daytime,clear,2,adult,accelerating
video_0255,0,190,239,239,50,0,False,2,street,daytime,clear,2,adult,accelerating
video_0255,0,200,249,249,50,0,False,2,street,daytime,clear,2,adult,accelerating
video_0255,0,210,259,259,50,0,False,2,street,daytime,clear,2,adult,accelerating
video_0255,0,220,269,269,50,1,False,2,street,daytime,clear,2,adult,accelerating
video_0255,0,230,279,279,50,1,False,2,street,daytime,clear,2,adult,accelerating
video_0255,0,240,289,289,50,1,False,2,street,daytime,clear,2,adult,accelerating
video_0255,0,250,299,299,50,1,False,2,street,daytime,clear,2,adult,accelerating
video_0255,0,260,309,299,40,1,False,2,street,daytime,clear,2,adult,accelerating
video_0255,0,270,319,299,30,0,False,1,street,daytime,clear,2,adult,accelerating
video_0255,0,280,329,299,20,0,False,1,street,daytime,clear,2,adult,accelerating
video_0255,0,290,339,299,10,0,False,1,street,daytime,clear,2,adult,accelerating
video_0255,1,90,139,139,50,0,False,2,street,daytime,clear,2,adult,decelerating
video_0255,1,100,149,149,50,0,False,2,street,daytime,clear,2,adult,decelerating
video_0255,1,110,159,159,50,0,False,2,street,daytime,clear,2,adult,decelerating
video_0255,1,120,169,169,50,0,False,2,street,daytime,clear,2,adult,decelerating
video_0255,1,130,179,179,50,0,False,2,street,daytime,clear,2,adult,decelerating
video_0255,1,140,189,189,50,0,False,2,street,daytime,clear,2,adult,decelerating
video_0255,1,150,199,199,50,0,False,2,street,daytime,clear,2,adult,stopped
video_0255,1,160,209,209,50,0,False,2,street,daytime,clear,2,adult,stopped
video_0255,1,170,219,219,50,0,False,2,street,daytime,clear,2,adult,accelerating
video_0255,1,180,229,229,50,0,False,2,street,daytime,clear,2,adult,accelerating
video_0255,1,190,239,239,50,0,False,2,street,daytime,clear,2,adult,accelerating
video_0255,1,200,249,249,50,0,False,2,street,daytime,clear,2,adult,accelerating
video_0255,1,210,259,259,50,0,False,2,street,daytime,clear,2,adult,accelerating
video_0255,1,220,269,269,50,1,False,2,street,daytime,clear,2,adult,accelerating
video_0255,1,230,279,279,50,8,False,2,street,daytime,clear,2,adult,accelerating
video_0255,1,240,289,289,50,8,False,2,street,daytime,clear,2,adult,accelerating
video_0255,1,250,299,299,50,8,False,2,street,daytime,clear,2,adult,accelerating
video_0255,1,260,309,299,40,8,False,2,street,daytime,clear,2,adult,accelerating
video_0255,1,270,319,299,30,7,False,1,street,daytime,clear,2,adult,accelerating
video_0255,1,280,329,299,20,0,False,1,street,daytime,clear,2,adult,accelerating
video_0255,1,290,339,299,10,0,False,1,street,daytime,clear,2,adult,accelerating
video_0256,0,0,49,49,50,50,True,2,street,daytime,clear,4,adult,decelerating
video_0256,0,10,59,59,50,50,True,2,street,daytime,clear,4,adult,decelerating
video_0256,0,20,69,69,50,40,True,2,street,daytime,clear,4,adult,decelerating
video_0256,0,30,79,79,50,30,True,1,street,daytime,clear,4,adult,accelerating
video_0256,0,40,89,89,50,20,False,1,street,daytime,clear,4,adult,accelerating
video_0256,0,50,99,99,50,10,False,2,street,daytime,clear,4,adult,accelerating
video_0256,0,60,109,109,50,0,False,1,street,daytime,clear,4,adult,accelerating
video_0256,0,70,119,119,50,0,False,1,street,daytime,clear,4,adult,accelerating
video_0256,0,80,129,119,40,0,False,1,street,daytime,clear,4,adult,accelerating
video_0256,0,90,139,119,30,0,False,1,street,daytime,clear,4,adult,accelerating
video_0256,0,100,149,119,20,0,False,1,street,daytime,clear,4,adult,accelerating
video_0256,0,110,159,119,10,0,False,1,street,daytime,clear,4,adult,accelerating
video_0256,1,0,49,49,50,30,True,2,street,daytime,clear,4,adult,decelerating
video_0256,1,10,59,59,50,20,False,2,street,daytime,clear,4,adult,decelerating
video_0256,1,20,69,69,50,10,False,2,street,daytime,clear,4,adult,decelerating
video_0256,1,30,79,79,50,0,False,1,street,daytime,clear,4,adult,accelerating
video_0256,1,40,89,89,50,0,False,1,street,daytime,clear,4,adult,accelerating
video_0256,1,50,99,99,50,1,False,2,street,daytime,clear,4,adult,accelerating
video_0256,1,60,109,109,50,6,False,1,street,daytime,clear,4,adult,accelerating
video_0256,1,70,119,119,50,8,False,1,street,daytime,clear,4,adult,accelerating
video_0256,1,80,129,119,40,8,False,1,street,daytime,clear,4,adult,accelerating
video_0256,1,90,139,119,30,8,False,1,street,daytime,clear,4,adult,accelerating
video_0256,1,100,149,119,20,7,False,1,street,daytime,clear,4,adult,accelerating
video_0256,1,110,159,119,10,2,False,1,street,daytime,clear,4,adult,accelerating
video_0257,0,0,49,49,50,0,False,1,street,daytime,cloudy,3,adult,decelerating
video_0257,0,10,59,59,50,0,False,1,street,daytime,cloudy,3,adult,decelerating
video_0257,0,20,69,69,50,0,False,2,street,daytime,cloudy,3,adult,decelerating
video_0257,0,30,79,79,50,0,False,2,street,daytime,cloudy,3,adult,decelerating
video_0257,0,40,89,89,50,0,False,2,street,daytime,cloudy,3,adult,decelerating
video_0257,0,50,99,99,50,0,False,2,street,daytime,cloudy,3,adult,decelerating
video_0257,0,60,109,109,50,0,False,2,street,daytime,cloudy,3,adult,decelerating
video_0257,0,70,119,119,50,0,False,2,street,daytime,cloudy,3,adult,decelerating
video_0257,0,80,129,129,50,0,False,2,street,daytime,cloudy,3,adult,decelerating
video_0257,0,90,139,139,50,0,False,1,street,daytime,cloudy,3,adult,decelerating
video_0257,0,100,149,149,50,0,False,1,street,daytime,cloudy,3,adult,stopped
video_0257,0,110,159,159,50,0,False,1,street,daytime,cloudy,3,adult,stopped
video_0257,0,120,169,169,50,0,False,1,street,daytime,cloudy,3,adult,stopped
video_0257,0,130,179,179,50,0,False,1,street,daytime,cloudy,3,adult,stopped
video_0257,0,140,189,189,50,0,False,1,street,daytime,cloudy,3,adult,stopped
video_0257,0,150,199,199,50,0,False,1,street,daytime,cloudy,3,adult,stopped
video_0257,0,160,209,209,50,0,False,1,street,daytime,cloudy,3,adult,stopped
video_0257,0,170,219,209,40,0,False,1,street,daytime,cloudy,3,adult,stopped
video_0257,0,180,229,209,30,0,False,1,street,daytime,cloudy,3,adult,stopped
video_0257,0,190,239,209,20,0,False,1,street,daytime,cloudy,3,adult,stopped
video_0257,0,200,249,209,10,0,False,1,street,daytime,cloudy,3,adult,stopped
video_0257,1,60,109,89,30,0,False,2,street,daytime,cloudy,3,adult,decelerating
video_0257,1,70,119,89,20,0,False,2,street,daytime,cloudy,3,adult,decelerating
video_0257,1,80,129,89,10,0,False,2,street,daytime,cloudy,3,adult,decelerating
video_0258,0,30,79,59,30,0,False,1,street,daytime,rain,4,adult,accelerating
video_0258,0,40,89,59,20,0,False,1,street,daytime,rain,4,adult,accelerating
video_0258,0,50,99,99,20,0,False,2,street,daytime,rain,4,adult,decelerating
video_0258,0,60,109,109,20,0,False,2,street,daytime,rain,4,adult,decelerating
video_0258,0,70,119,119,30,0,False,2,street,daytime,rain,4,adult,decelerating
video_0258,0,80,129,129,40,0,False,2,street,daytime,rain,4,adult,decelerating
video_0258,0,90,139,139,50,0,False,2,street,daytime,rain,4,adult,decelerating
video_0258,0,100,149,149,50,0,False,2,street,daytime,rain,4,adult,decelerating
video_0258,0,110,159,159,50,0,False,2,street,daytime,rain,4,adult,decelerating
video_0258,0,120,169,169,50,0,False,2,street,daytime,rain,4,adult,decelerating
video_0258,0,130,179,179,50,0,False,2,street,daytime,rain,4,adult,decelerating
video_0258,0,140,189,179,40,0,False,2,street,daytime,rain,4,adult,decelerating
video_0258,0,150,199,179,30,0,False,2,street,daytime,rain,4,adult,decelerating
video_0258,0,160,209,179,20,0,False,2,street,daytime,rain,4,adult,decelerating
video_0258,0,170,219,179,10,0,False,2,street,daytime,rain,4,adult,decelerating
video_0258,1,90,139,119,30,0,False,2,street,daytime,rain,4,adult,decelerating
video_0258,1,100,149,119,20,0,False,2,street,daytime,rain,4,adult,decelerating
video_0258,1,110,159,159,20,0,False,2,street,daytime,rain,4,adult,decelerating
video_0258,1,120,169,169,20,0,False,2,street,daytime,rain,4,adult,decelerating
video_0258,1,130,179,179,30,0,False,2,street,daytime,rain,4,adult,decelerating
video_0258,1,140,189,179,30,0,False,2,street,daytime,rain,4,adult,decelerating
video_0258,1,150,199,179,30,0,False,2,street,daytime,rain,4,adult,decelerating
video_0258,1,160,209,179,20,0,False,2,street,daytime,rain,4,adult,decelerating
video_0258,1,170,219,179,10,0,False,2,street,daytime,rain,4,adult,decelerating
video_0259,0,30,79,59,30,0,False,2,street,daytime,clear,2,adult,decelerating
video_0259,0,40,89,59,20,0,False,2,street,daytime,clear,2,adult,decelerating
video_0259,0,50,99,99,20,0,False,2,street,daytime,clear,2,adult,decelerating
video_0259,0,60,109,109,20,0,False,1,street,daytime,clear,2,adult,decelerating
video_0259,0,70,119,119,30,0,False,1,street,daytime,clear,2,adult,accelerating
video_0259,0,80,129,119,30,0,False,1,street,daytime,clear,2,adult,accelerating
video_0259,0,90,139,119,30,0,False,1,street,daytime,clear,2,adult,accelerating
video_0259,0,100,149,119,20,0,False,1,street,daytime,clear,2,adult,accelerating
video_0259,0,110,159,119,10,0,False,1,street,daytime,clear,2,adult,accelerating
video_0259,1,30,79,59,30,0,False,2,street,daytime,clear,2,adult,decelerating
video_0259,1,40,89,59,20,0,False,2,street,daytime,clear,2,adult,decelerating
video_0259,1,50,99,59,10,0,False,2,street,daytime,clear,2,adult,decelerating
video_0260,0,0,49,49,50,0,False,0,street,daytime,rain,2,adult,accelerating
video_0260,0,10,59,59,50,0,False,0,street,daytime,rain,2,adult,accelerating
video_0260,0,20,69,69,50,0,False,0,street,daytime,rain,2,adult,accelerating
video_0260,0,30,79,79,50,0,False,0,street,daytime,rain,2,adult,decelerating
video_0260,0,40,89,89,50,0,False,0,street,daytime,rain,2,adult,decelerating
video_0260,0,50,99,99,50,0,False,0,street,daytime,rain,2,adult,decelerating
video_0260,0,60,109,109,50,0,False,0,street,daytime,rain,2,adult,decelerating
video_0260,0,70,119,119,50,0,False,0,street,daytime,rain,2,adult,decelerating
video_0260,0,80,129,129,50,0,False,1,street,daytime,rain,2,adult,decelerating
video_0260,0,90,139,139,50,0,False,1,street,daytime,rain,2,adult,accelerating
video_0260,0,100,149,149,50,0,False,1,street,daytime,rain,2,adult,accelerating
video_0260,0,110,159,159,50,0,False,2,street,daytime,rain,2,adult,accelerating
video_0260,0,120,169,169,50,0,False,2,street,daytime,rain,2,adult,accelerating
video_0260,0,130,179,179,50,0,False,2,street,daytime,rain,2,adult,accelerating
video_0260,0,140,189,189,50,0,False,2,street,daytime,rain,2,adult,accelerating
video_0260,0,150,199,199,50,0,False,2,street,daytime,rain,2,adult,decelerating
video_0260,0,160,209,209,50,0,False,2,street,daytime,rain,2,adult,decelerating
video_0260,0,170,219,209,40,0,False,2,street,daytime,rain,2,adult,decelerating
video_0260,0,180,229,209,30,0,False,2,street,daytime,rain,2,adult,decelerating
video_0260,0,190,239,209,20,0,False,2,street,daytime,rain,2,adult,decelerating
video_0260,0,200,249,209,10,0,False,2,street,daytime,rain,2,adult,decelerating
video_0260,1,0,49,49,50,0,False,0,street,daytime,rain,2,adult,accelerating
video_0260,1,10,59,59,50,0,False,0,street,daytime,rain,2,adult,accelerating
video_0260,1,20,69,69,50,0,False,0,street,daytime,rain,2,adult,accelerating
video_0260,1,30,79,79,50,0,False,0,street,daytime,rain,2,adult,decelerating
video_0260,1,40,89,89,50,0,False,0,street,daytime,rain,2,adult,decelerating
video_0260,1,50,99,99,50,0,False,0,street,daytime,rain,2,adult,decelerating
video_0260,1,60,109,109,50,0,False,0,street,daytime,rain,2,adult,decelerating
video_0260,1,70,119,119,50,0,False,0,street,daytime,rain,2,adult,decelerating
video_0260,1,80,129,129,50,0,False,1,street,daytime,rain,2,adult,decelerating
video_0260,1,90,139,139,50,0,False,1,street,daytime,rain,2,adult,accelerating
video_0260,1,100,149,149,50,0,False,1,street,daytime,rain,2,adult,accelerating
video_0260,1,110,159,159,50,0,False,2,street,daytime,rain,2,adult,accelerating
video_0260,1,120,169,169,50,0,False,2,street,daytime,rain,2,adult,accelerating
video_0260,1,130,179,179,50,0,False,2,street,daytime,rain,2,adult,accelerating
video_0260,1,140,189,189,50,0,False,2,street,daytime,rain,2,adult,accelerating
video_0260,1,150,199,199,50,0,False,2,street,daytime,rain,2,adult,decelerating
video_0260,1,160,209,209,50,0,False,2,street,daytime,rain,2,adult,decelerating
video_0260,1,170,219,209,40,0,False,2,street,daytime,rain,2,adult,decelerating
video_0260,1,180,229,209,30,0,False,2,street,daytime,rain,2,adult,decelerating
video_0260,1,190,239,209,20,0,False,2,street,daytime,rain,2,adult,decelerating
video_0260,1,200,249,209,10,0,False,2,street,daytime,rain,2,adult,decelerating
video_0261,0,90,139,139,50,35,True,2,street,daytime,cloudy,2,adult,accelerating
video_0261,0,100,149,149,50,35,True,2,street,daytime,cloudy,2,adult,accelerating
video_0261,0,110,159,149,40,33,True,2,street,daytime,cloudy,2,adult,accelerating
video_0261,0,120,169,149,30,23,False,2,street,daytime,cloudy,2,adult,accelerating
video_0261,0,130,179,149,20,13,False,2,street,daytime,cloudy,2,adult,accelerating
video_0261,0,140,189,149,10,8,False,2,street,daytime,cloudy,2,adult,accelerating
video_0261,1,90,139,139,50,35,True,2,street,daytime,cloudy,2,adult,accelerating
video_0261,1,100,149,149,50,35,True,2,street,daytime,cloudy,2,adult,accelerating
video_0261,1,110,159,149,40,33,True,2,street,daytime,cloudy,2,adult,accelerating
video_0261,1,120,169,149,30,23,False,2,street,daytime,cloudy,2,adult,accelerating
video_0261,1,130,179,149,20,13,False,2,street,daytime,cloudy,2,adult,accelerating
video_0261,1,140,189,149,10,8,False,2,street,daytime,cloudy,2,adult,accelerating
video_0262,0,0,49,49,50,41,True,2,street,daytime,cloudy,2,adult,decelerating
video_0262,0,10,59,59,50,39,True,2,street,daytime,cloudy,2,adult,accelerating
video_0262,0,20,69,69,50,29,True,2,street,daytime,cloudy,2,adult,accelerating
video_0262,0,30,79,79,50,24,False,1,street,daytime,cloudy,2,adult,accelerating
video_0262,0,40,89,89,50,18,False,1,street,daytime,cloudy,2,adult,accelerating
video_0262,0,50,99,99,50,18,False,2,street,daytime,cloudy,2,adult,accelerating
video_0262,0,60,109,109,50,20,False,2,street,daytime,cloudy,2,adult,accelerating
video_0262,0,70,119,119,50,30,True,2,street,daytime,cloudy,2,adult,accelerating
video_0262,0,80,129,129,50,40,True,2,street,daytime,cloudy,2,adult,accelerating
video_0262,0,90,139,139,50,48,True,2,street,daytime,cloudy,2,adult,decelerating
video_0262,0,100,149,149,50,48,True,2,street,daytime,cloudy,2,adult,decelerating
video_0262,0,110,159,159,50,48,True,2,street,daytime,cloudy,2,adult,decelerating
video_0262,0,120,169,169,50,48,True,1,street,daytime,cloudy,2,adult,decelerating
video_0262,0,130,179,179,50,48,True,1,street,daytime,cloudy,2,adult,accelerating
video_0262,0,140,189,189,50,50,True,1,street,daytime,cloudy,2,adult,accelerating
video_0262,0,150,199,199,50,50,True,1,street,daytime,cloudy,2,adult,accelerating
video_0262,0,160,209,209,50,41,True,1,street,daytime,cloudy,2,adult,accelerating
video_0262,0,170,219,209,40,31,True,1,street,daytime,cloudy,2,adult,accelerating
video_0262,0,180,229,209,30,21,False,1,street,daytime,cloudy,2,adult,accelerating
video_0262,0,190,239,209,20,11,False,1,street,daytime,cloudy,2,adult,accelerating
video_0262,0,200,249,209,10,1,False,1,street,daytime,cloudy,2,adult,accelerating
video_0262,1,0,49,29,30,25,True,2,street,daytime,cloudy,2,adult,decelerating
video_0262,1,10,59,29,20,15,False,2,street,daytime,cloudy,2,adult,decelerating
video_0262,1,20,69,29,10,5,False,2,street,daytime,cloudy,2,adult,decelerating
video_0262,1,50,99,99,10,10,False,2,street,daytime,cloudy,2,adult,accelerating
video_0262,1,60,109,109,20,20,False,2,street,daytime,cloudy,2,adult,accelerating
video_0262,1,70,119,119,30,30,True,2,street,daytime,cloudy,2,adult,accelerating
video_0262,1,80,129,119,30,30,True,2,street,daytime,cloudy,2,adult,accelerating
video_0262,1,90,139,119,30,30,True,2,street,daytime,cloudy,2,adult,accelerating
video_0262,1,100,149,119,20,20,False,2,street,daytime,cloudy,2,adult,accelerating
video_0262,1,110,159,119,10,10,False,2,street,daytime,cloudy,2,adult,accelerating
video_0263,0,30,79,79,50,3,False,2,street,daytime,clear,2,adult,decelerating
video_0263,0,40,89,89,50,0,False,2,street,daytime,clear,2,adult,decelerating
video_0263,0,50,99,99,50,0,False,2,street,daytime,clear,2,adult,decelerating
video_0263,0,60,109,109,50,0,False,1,street,daytime,clear,2,adult,decelerating
video_0263,0,70,119,119,50,0,False,1,street,daytime,clear,2,adult,decelerating
video_0263,0,80,129,119,40,0,False,1,street,daytime,clear,2,adult,decelerating
video_0263,0,90,139,119,30,0,False,1,street,daytime,clear,2,adult,decelerating
video_0263,0,100,149,119,20,0,False,1,street,daytime,clear,2,adult,decelerating
video_0263,0,110,159,119,10,0,False,1,street,daytime,clear,2,adult,decelerating
video_0263,1,30,79,59,30,3,False,2,street,daytime,clear,2,adult,decelerating
video_0263,1,40,89,59,20,0,False,2,street,daytime,clear,2,adult,decelerating
video_0263,1,50,99,59,10,0,False,2,street,daytime,clear,2,adult,decelerating
video_0264,0,0,49,49,50,0,False,2,street,daytime,clear,3,adult,decelerating
video_0264,0,10,59,59,50,0,False,2,street,daytime,clear,3,adult,decelerating
video_0264,0,20,69,69,50,0,False,2,street,daytime,clear,3,adult,decelerating
video_0264,0,30,79,79,50,1,False,2,street,daytime,clear,3,adult,accelerating
video_0264,0,40,89,89,50,3,False,2,street,daytime,clear,3,adult,accelerating
video_0264,0,50,99,99,50,6,False,2,street,daytime,clear,3,adult,accelerating
video_0264,0,60,109,109,50,11,False,2,street,daytime,clear,3,adult,accelerating
video_0264,0,70,119,119,50,17,False,2,street,daytime,clear,3,adult,accelerating
video_0264,0,80,129,129,50,19,False,2,street,daytime,clear,3,adult,decelerating
video_0264,0,90,139,139,50,17,False,2,street,daytime,clear,3,adult,decelerating
video_0264,0,100,149,149,50,14,False,2,street,daytime,clear,3,adult,decelerating
video_0264,0,110,159,149,40,9,False,2,street,daytime,clear,3,adult,decelerating
video_0264,0,120,169,149,30,3,False,1,street,daytime,clear,3,adult,decelerating
video_0264,0,130,179,149,20,0,False,1,street,daytime,clear,3,adult,decelerating
video_0264,0,140,189,149,10,0,False,1,street,daytime,clear,3,adult,decelerating
video_0264,1,0,49,49,50,0,False,2,street,daytime,clear,3,adult,decelerating
video_0264,1,10,59,59,50,0,False,2,street,daytime,clear,3,adult,decelerating
video_0264,1,20,69,69,50,0,False,2,street,daytime,clear,3,adult,decelerating
video_0264,1,30,79,79,50,1,False,2,street,daytime,clear,3,adult,accelerating
video_0264,1,40,89,89,50,3,False,2,street,daytime,clear,3,adult,accelerating
video_0264,1,50,99,99,50,6,False,2,street,daytime,clear,3,adult,accelerating
video_0264,1,60,109,109,50,11,False,2,street,daytime,clear,3,adult,accelerating
video_0264,1,70,119,119,50,17,False,2,street,daytime,clear,3,adult,accelerating
video_0264,1,80,129,119,40,16,False,2,street,daytime,clear,3,adult,accelerating
video_0264,1,90,139,119,30,14,False,2,street,daytime,clear,3,adult,accelerating
video_0264,1,100,149,119,20,11,False,2,street,daytime,clear,3,adult,accelerating
video_0264,1,110,159,119,10,6,False,2,street,daytime,clear,3,adult,accelerating
video_0265,0,30,79,79,50,0,False,2,street,daytime,cloudy,2,adult,decelerating
video_0265,0,40,89,89,50,0,False,2,street,daytime,cloudy,2,adult,decelerating
video_0265,0,50,99,99,50,0,False,2,street,daytime,cloudy,2,adult,decelerating
video_0265,0,60,109,109,50,0,False,2,street,daytime,cloudy,2,adult,decelerating
video_0265,0,70,119,119,50,0,False,2,street,daytime,cloudy,2,adult,decelerating
video_0265,0,80,129,129,50,0,False,2,street,daytime,cloudy,2,adult,decelerating
video_0265,0,90,139,139,50,0,False,2,street,daytime,cloudy,2,adult,decelerating
video_0265,0,100,149,149,50,0,False,2,street,daytime,cloudy,2,adult,decelerating
video_0265,0,110,159,149,40,0,False,2,street,daytime,cloudy,2,adult,decelerating
video_0265,0,120,169,149,30,0,False,2,street,daytime,cloudy,2,adult,decelerating
video_0265,0,130,179,149,20,0,False,2,street,daytime,cloudy,2,adult,decelerating
video_0265,0,140,189,149,10,0,False,2,street,daytime,cloudy,2,adult,decelerating
video_0265,1,30,79,79,50,0,False,2,street,daytime,cloudy,2,adult,decelerating
video_0265,1,40,89,89,50,0,False,2,street,daytime,cloudy,2,adult,decelerating
video_0265,1,50,99,99,50,0,False,2,street,daytime,cloudy,2,adult,decelerating
video_0265,1,60,109,109,50,0,False,2,street,daytime,cloudy,2,adult,decelerating
video_0265,1,70,119,119,50,0,False,2,street,daytime,cloudy,2,adult,decelerating
video_0265,1,80,129,129,50,0,False,2,street,daytime,cloudy,2,adult,decelerating
video_0265,1,90,139,139,50,0,False,2,street,daytime,cloudy,2,adult,decelerating
video_0265,1,100,149,149,50,0,False,2,street,daytime,cloudy,2,adult,decelerating
video_0265,1,110,159,149,40,0,False,2,street,daytime,cloudy,2,adult,decelerating
video_0265,1,120,169,149,30,0,False,2,street,daytime,cloudy,2,adult,decelerating
video_0265,1,130,179,149,20,0,False,2,street,daytime,cloudy,2,adult,decelerating
video_0265,1,140,189,149,10,0,False,2,street,daytime,cloudy,2,adult,decelerating
video_0266,0,0,49,49,50,0,False,2,street,daytime,cloudy,2,"adult,senior",decelerating
video_0266,0,10,59,59,50,0,False,2,street,daytime,cloudy,2,"adult,senior",decelerating
video_0266,0,20,69,69,50,0,False,2,street,daytime,cloudy,2,"adult,senior",decelerating
video_0266,0,30,79,79,50,0,False,2,street,daytime,cloudy,2,"adult,senior",decelerating
video_0266,0,40,89,89,50,0,False,2,street,daytime,cloudy,2,"adult,senior",decelerating
video_0266,0,50,99,99,50,0,False,2,street,daytime,cloudy,2,"adult,senior",decelerating
video_0266,0,60,109,109,50,0,False,2,street,daytime,cloudy,2,"adult,senior",decelerating
video_0266,0,70,119,119,50,0,False,2,street,daytime,cloudy,2,"adult,senior",decelerating
video_0266,0,80,129,129,50,0,False,2,street,daytime,cloudy,2,"adult,senior",decelerating
video_0266,0,90,139,139,50,0,False,2,street,daytime,cloudy,2,"adult,senior",decelerating
video_0266,0,100,149,149,50,0,False,2,street,daytime,cloudy,2,"adult,senior",accelerating
video_0266,0,110,159,159,50,0,False,2,street,daytime,cloudy,2,"adult,senior",accelerating
video_0266,0,120,169,169,50,0,False,2,street,daytime,cloudy,2,"adult,senior",accelerating
video_0266,0,130,179,179,50,0,False,2,street,daytime,cloudy,2,"adult,senior",accelerating
video_0266,0,140,189,189,50,0,False,2,street,daytime,cloudy,2,"adult,senior",accelerating
video_0266,0,150,199,199,50,0,False,1,street,daytime,cloudy,2,"adult,senior",accelerating
video_0266,0,160,209,209,50,0,False,1,street,daytime,cloudy,2,"adult,senior",accelerating
video_0266,0,170,219,219,50,0,False,2,street,daytime,cloudy,2,"adult,senior",accelerating
video_0266,0,180,229,229,50,0,False,2,street,daytime,cloudy,2,"adult,senior",accelerating
video_0266,0,190,239,239,50,0,False,2,street,daytime,cloudy,2,"adult,senior",accelerating
video_0266,0,200,249,249,50,0,False,2,street,daytime,cloudy,2,"adult,senior",accelerating
video_0266,0,210,259,259,50,0,False,2,street,daytime,cloudy,2,"adult,senior",accelerating
video_0266,0,220,269,269,50,0,False,2,street,daytime,cloudy,2,"adult,senior",accelerating
video_0266,0,230,279,279,50,0,False,2,street,daytime,cloudy,2,"adult,senior",accelerating
video_0266,0,240,289,289,50,0,False,2,street,daytime,cloudy,2,"adult,senior",decelerating
video_0266,0,250,299,299,50,0,False,2,street,daytime,cloudy,2,"adult,senior",decelerating
video_0266,0,260,309,309,50,0,False,2,street,daytime,cloudy,2,"adult,senior",decelerating
video_0266,0,270,319,319,50,0,False,2,street,daytime,cloudy,2,"adult,senior",decelerating
video_0266,0,280,329,329,50,0,False,2,street,daytime,cloudy,2,"adult,senior",decelerating
video_0266,0,290,339,339,50,0,False,2,street,daytime,cloudy,2,"adult,senior",decelerating
video_0266,0,300,349,349,50,0,False,2,street,daytime,cloudy,2,"adult,senior",decelerating
video_0266,0,310,359,359,50,0,False,2,street,daytime,cloudy,2,"adult,senior",decelerating
video_0266,0,320,369,359,40,0,False,2,street,daytime,cloudy,2,"adult,senior",decelerating
video_0266,0,330,379,359,30,0,False,2,street,daytime,cloudy,2,"adult,senior",decelerating
video_0266,0,340,389,359,20,0,False,2,street,daytime,cloudy,2,"adult,senior",decelerating
video_0266,0,350,399,359,10,0,False,2,street,daytime,cloudy,2,"adult,senior",decelerating
video_0266,1,0,49,49,50,0,False,2,street,daytime,cloudy,2,"adult,senior",decelerating
video_0266,1,10,59,59,50,0,False,2,street,daytime,cloudy,2,"adult,senior",decelerating
video_0266,1,20,69,69,50,0,False,2,street,daytime,cloudy,2,"adult,senior",decelerating
video_0266,1,30,79,79,50,0,False,2,street,daytime,cloudy,2,"adult,senior",decelerating
video_0266,1,40,89,89,50,0,False,2,street,daytime,cloudy,2,"adult,senior",decelerating
video_0266,1,50,99,99,50,0,False,2,street,daytime,cloudy,2,"adult,senior",decelerating
video_0266,1,60,109,109,50,0,False,2,street,daytime,cloudy,2,"adult,senior",decelerating
video_0266,1,70,119,119,50,0,False,2,street,daytime,cloudy,2,"adult,senior",decelerating
video_0266,1,80,129,129,50,0,False,2,street,daytime,cloudy,2,"adult,senior",decelerating
video_0266,1,90,139,139,50,0,False,2,street,daytime,cloudy,2,"adult,senior",decelerating
video_0266,1,100,149,149,50,0,False,2,street,daytime,cloudy,2,"adult,senior",accelerating
video_0266,1,110,159,159,50,0,False,2,street,daytime,cloudy,2,"adult,senior",accelerating
video_0266,1,120,169,169,50,0,False,2,street,daytime,cloudy,2,"adult,senior",accelerating
video_0266,1,130,179,179,50,0,False,2,street,daytime,cloudy,2,"adult,senior",accelerating
video_0266,1,140,189,189,50,0,False,2,street,daytime,cloudy,2,"adult,senior",accelerating
video_0266,1,150,199,199,50,0,False,1,street,daytime,cloudy,2,"adult,senior",accelerating
video_0266,1,160,209,209,50,0,False,1,street,daytime,cloudy,2,"adult,senior",accelerating
video_0266,1,170,219,219,50,0,False,2,street,daytime,cloudy,2,"adult,senior",accelerating
video_0266,1,180,229,229,50,0,False,2,street,daytime,cloudy,2,"adult,senior",accelerating
video_0266,1,190,239,239,50,0,False,2,street,daytime,cloudy,2,"adult,senior",accelerating
video_0266,1,200,249,249,50,0,False,2,street,daytime,cloudy,2,"adult,senior",accelerating
video_0266,1,210,259,259,50,0,False,2,street,daytime,cloudy,2,"adult,senior",accelerating
video_0266,1,220,269,269,50,0,False,2,street,daytime,cloudy,2,"adult,senior",accelerating
video_0266,1,230,279,269,40,0,False,2,street,daytime,cloudy,2,"adult,senior",accelerating
video_0266,1,240,289,269,30,0,False,2,street,daytime,cloudy,2,"adult,senior",accelerating
video_0266,1,250,299,269,20,0,False,2,street,daytime,cloudy,2,"adult,senior",accelerating
video_0266,1,260,309,309,20,0,False,2,street,daytime,cloudy,2,"adult,senior",decelerating
video_0266,1,270,319,319,20,0,False,2,street,daytime,cloudy,2,"adult,senior",decelerating
video_0266,1,280,329,329,30,0,False,2,street,daytime,cloudy,2,"adult,senior",decelerating
video_0266,1,290,339,339,40,0,False,2,street,daytime,cloudy,2,"adult,senior",decelerating
video_0266,1,300,349,349,50,0,False,2,street,daytime,cloudy,2,"adult,senior",decelerating
video_0266,1,310,359,359,50,0,False,2,street,daytime,cloudy,2,"adult,senior",decelerating
video_0266,1,320,369,359,40,0,False,2,street,daytime,cloudy,2,"adult,senior",decelerating
video_0266,1,330,379,359,30,0,False,2,street,daytime,cloudy,2,"adult,senior",decelerating
video_0266,1,340,389,359,20,0,False,2,street,daytime,cloudy,2,"adult,senior",decelerating
video_0266,1,350,399,359,10,0,False,2,street,daytime,cloudy,2,"adult,senior",decelerating
video_0267,0,0,49,49,50,0,False,2,street,daytime,cloudy,2,"adult,senior",decelerating
video_0267,0,10,59,59,50,0,False,2,street,daytime,cloudy,2,"adult,senior",decelerating
video_0267,0,20,69,69,50,0,False,2,street,daytime,cloudy,2,"adult,senior",decelerating
video_0267,0,30,79,79,50,0,False,2,street,daytime,cloudy,2,"adult,senior",decelerating
video_0267,0,40,89,89,50,0,False,2,street,daytime,cloudy,2,"adult,senior",decelerating
video_0267,0,50,99,99,50,0,False,2,street,daytime,cloudy,2,"adult,senior",decelerating
video_0267,0,60,109,109,50,0,False,2,street,daytime,cloudy,2,"adult,senior",decelerating
video_0267,0,70,119,119,50,0,False,2,street,daytime,cloudy,2,"adult,senior",decelerating
video_0267,0,80,129,129,50,0,False,2,street,daytime,cloudy,2,"adult,senior",decelerating
video_0267,0,90,139,139,50,0,False,2,street,daytime,cloudy,2,"adult,senior",decelerating
video_0267,0,100,149,149,50,0,False,2,street,daytime,cloudy,2,"adult,senior",accelerating
video_0267,0,110,159,159,50,0,False,2,street,daytime,cloudy,2,"adult,senior",accelerating
video_0267,0,120,169,169,50,0,False,2,street,daytime,cloudy,2,"adult,senior",accelerating
video_0267,0,130,179,179,50,0,False,2,street,daytime,cloudy,2,"adult,senior",accelerating
video_0267,0,140,189,189,50,0,False,2,street,daytime,cloudy,2,"adult,senior",accelerating
video_0267,0,150,199,199,50,0,False,2,street,daytime,cloudy,2,"adult,senior",decelerating
video_0267,0,160,209,209,50,0,False,2,street,daytime,cloudy,2,"adult,senior",decelerating
video_0267,0,170,219,219,50,0,False,2,street,daytime,cloudy,2,"adult,senior",decelerating
video_0267,0,180,229,229,50,0,False,2,street,daytime,cloudy,2,"adult,senior",decelerating
video_0267,0,190,239,239,50,0,False,2,street,daytime,cloudy,2,"adult,senior",decelerating
video_0267,0,200,249,239,40,0,False,2,street,daytime,cloudy,2,"adult,senior",decelerating
video_0267,0,210,259,239,30,0,False,2,street,daytime,cloudy,2,"adult,senior",decelerating
video_0267,0,220,269,239,20,0,False,2,street,daytime,cloudy,2,"adult,senior",decelerating
video_0267,0,230,279,239,10,0,False,2,street,daytime,cloudy,2,"adult,senior",decelerating
video_0267,1,0,49,49,50,0,False,2,street,daytime,cloudy,2,"adult,senior",decelerating
video_0267,1,10,59,59,50,0,False,2,street,daytime,cloudy,2,"adult,senior",decelerating
video_0267,1,20,69,69,50,0,False,2,street,daytime,cloudy,2,"adult,senior",decelerating
video_0267,1,30,79,79,50,0,False,2,street,daytime,cloudy,2,"adult,senior",decelerating
video_0267,1,40,89,89,50,0,False,2,street,daytime,cloudy,2,"adult,senior",decelerating
video_0267,1,50,99,99,50,0,False,2,street,daytime,cloudy,2,"adult,senior",decelerating
video_0267,1,60,109,109,50,0,False,2,street,daytime,cloudy,2,"adult,senior",decelerating
video_0267,1,70,119,119,50,0,False,2,street,daytime,cloudy,2,"adult,senior",decelerating
video_0267,1,80,129,129,50,0,False,2,street,daytime,cloudy,2,"adult,senior",decelerating
video_0267,1,90,139,139,50,0,False,2,street,daytime,cloudy,2,"adult,senior",decelerating
video_0267,1,100,149,149,50,0,False,2,street,daytime,cloudy,2,"adult,senior",accelerating
video_0267,1,110,159,159,50,0,False,2,street,daytime,cloudy,2,"adult,senior",accelerating
video_0267,1,120,169,169,50,0,False,2,street,daytime,cloudy,2,"adult,senior",accelerating
video_0267,1,130,179,179,50,0,False,2,street,daytime,cloudy,2,"adult,senior",accelerating
video_0267,1,140,189,179,40,0,False,2,street,daytime,cloudy,2,"adult,senior",accelerating
video_0267,1,150,199,179,30,0,False,2,street,daytime,cloudy,2,"adult,senior",accelerating
video_0267,1,160,209,179,20,0,False,2,street,daytime,cloudy,2,"adult,senior",accelerating
video_0267,1,170,219,219,20,0,False,2,street,daytime,cloudy,2,"adult,senior",decelerating
video_0267,1,180,229,229,20,0,False,2,street,daytime,cloudy,2,"adult,senior",decelerating
video_0267,1,190,239,239,30,0,False,2,street,daytime,cloudy,2,"adult,senior",decelerating
video_0267,1,200,249,239,30,0,False,2,street,daytime,cloudy,2,"adult,senior",decelerating
video_0267,1,210,259,239,30,0,False,2,street,daytime,cloudy,2,"adult,senior",decelerating
video_0267,1,220,269,239,20,0,False,2,street,daytime,cloudy,2,"adult,senior",decelerating
video_0267,1,230,279,239,10,0,False,2,street,daytime,cloudy,2,"adult,senior",decelerating
video_0268,0,0,49,49,50,0,False,2,street,daytime,cloudy,3,adult,decelerating
video_0268,0,10,59,59,50,0,False,2,street,daytime,cloudy,3,adult,decelerating
video_0268,0,20,69,69,50,0,False,2,street,daytime,cloudy,3,adult,accelerating
video_0268,0,30,79,79,50,0,False,2,street,daytime,cloudy,3,adult,accelerating
video_0268,0,40,89,89,50,0,False,2,street,daytime,cloudy,3,adult,accelerating
video_0268,0,50,99,99,50,0,False,2,street,daytime,cloudy,3,adult,accelerating
video_0268,0,60,109,109,50,0,False,2,street,daytime,cloudy,3,adult,accelerating
video_0268,0,70,119,119,50,0,False,2,street,daytime,cloudy,3,adult,accelerating
video_0268,0,80,129,129,50,0,False,2,street,daytime,cloudy,3,adult,decelerating
video_0268,0,90,139,139,50,0,False,2,street,daytime,cloudy,3,adult,decelerating
video_0268,0,100,149,149,50,0,False,2,street,daytime,cloudy,3,adult,decelerating
video_0268,0,110,159,159,50,0,False,2,street,daytime,cloudy,3,adult,decelerating
video_0268,0,120,169,169,50,0,False,2,street,daytime,cloudy,3,adult,stopped
video_0268,0,130,179,179,50,0,False,2,street,daytime,cloudy,3,adult,stopped
video_0268,0,140,189,189,50,0,False,2,street,daytime,cloudy,3,adult,stopped
video_0268,0,150,199,199,50,0,False,2,street,daytime,cloudy,3,adult,stopped
video_0268,0,160,209,209,50,0,False,2,street,daytime,cloudy,3,adult,stopped
video_0268,0,170,219,219,50,0,False,2,street,daytime,cloudy,3,adult,stopped
video_0268,0,180,229,229,50,0,False,2,street,daytime,cloudy,3,adult,stopped
video_0268,0,190,239,239,50,0,False,2,street,daytime,cloudy,3,adult,stopped
video_0268,0,200,249,239,40,0,False,2,street,daytime,cloudy,3,adult,stopped
video_0268,0,210,259,239,30,0,False,2,street,daytime,cloudy,3,adult,stopped
video_0268,0,220,269,239,20,0,False,2,street,daytime,cloudy,3,adult,stopped
video_0268,0,230,279,239,10,0,False,2,street,daytime,cloudy,3,adult,stopped
video_0268,1,0,49,49,50,0,False,2,street,daytime,cloudy,3,adult,decelerating
video_0268,1,10,59,59,50,0,False,2,street,daytime,cloudy,3,adult,decelerating
video_0268,1,20,69,69,50,0,False,2,street,daytime,cloudy,3,adult,accelerating
video_0268,1,30,79,79,50,0,False,2,street,daytime,cloudy,3,adult,accelerating
video_0268,1,40,89,89,50,0,False,2,street,daytime,cloudy,3,adult,accelerating
video_0268,1,50,99,99,50,0,False,2,street,daytime,cloudy,3,adult,accelerating
video_0268,1,60,109,109,50,0,False,2,street,daytime,cloudy,3,adult,accelerating
video_0268,1,70,119,119,50,0,False,2,street,daytime,cloudy,3,adult,accelerating
video_0268,1,80,129,129,50,0,False,2,street,daytime,cloudy,3,adult,decelerating
video_0268,1,90,139,139,50,0,False,2,street,daytime,cloudy,3,adult,decelerating
video_0268,1,100,149,149,50,0,False,2,street,daytime,cloudy,3,adult,decelerating
video_0268,1,110,159,159,50,0,False,2,street,daytime,cloudy,3,adult,decelerating
video_0268,1,120,169,169,50,0,False,2,street,daytime,cloudy,3,adult,stopped
video_0268,1,130,179,179,50,0,False,2,street,daytime,cloudy,3,adult,stopped
video_0268,1,140,189,189,50,0,False,2,street,daytime,cloudy,3,adult,stopped
video_0268,1,150,199,199,50,0,False,2,street,daytime,cloudy,3,adult,stopped
video_0268,1,160,209,209,50,0,False,2,street,daytime,cloudy,3,adult,stopped
video_0268,1,170,219,219,50,0,False,2,street,daytime,cloudy,3,adult,stopped
video_0268,1,180,229,229,50,0,False,2,street,daytime,cloudy,3,adult,stopped
video_0268,1,190,239,239,50,0,False,2,street,daytime,cloudy,3,adult,stopped
video_0268,1,200,249,239,40,0,False,2,street,daytime,cloudy,3,adult,stopped
video_0268,1,210,259,239,30,0,False,2,street,daytime,cloudy,3,adult,stopped
video_0268,1,220,269,239,20,0,False,2,street,daytime,cloudy,3,adult,stopped
video_0268,1,230,279,239,10,0,False,2,street,daytime,cloudy,3,adult,stopped
video_0269,0,0,49,49,50,0,False,2,street,daytime,cloudy,2,senior,decelerating
video_0269,0,10,59,59,50,0,False,2,street,daytime,cloudy,2,senior,decelerating
video_0269,0,20,69,69,50,0,False,2,street,daytime,cloudy,2,senior,decelerating
video_0269,0,30,79,79,50,0,False,2,street,daytime,cloudy,2,senior,decelerating
video_0269,0,40,89,89,50,0,False,2,street,daytime,cloudy,2,senior,accelerating
video_0269,0,50,99,99,50,0,False,2,street,daytime,cloudy,2,senior,accelerating
video_0269,0,60,109,109,50,0,False,1,street,daytime,cloudy,2,senior,decelerating
video_0269,0,70,119,119,50,0,False,1,street,daytime,cloudy,2,senior,stopped
video_0269,0,80,129,129,50,0,False,1,street,daytime,cloudy,2,senior,stopped
video_0269,0,90,139,139,50,0,False,1,street,daytime,cloudy,2,senior,stopped
video_0269,0,100,149,149,50,0,False,1,street,daytime,cloudy,2,senior,stopped
video_0269,0,110,159,159,50,0,False,1,street,daytime,cloudy,2,senior,stopped
video_0269,0,120,169,169,50,0,False,0,street,daytime,cloudy,2,senior,stopped
video_0269,0,130,179,179,50,0,False,0,street,daytime,cloudy,2,senior,stopped
video_0269,0,140,189,189,50,0,False,0,street,daytime,cloudy,2,senior,stopped
video_0269,0,150,199,199,50,0,False,0,street,daytime,cloudy,2,senior,stopped
video_0269,0,160,209,209,50,0,False,0,street,daytime,cloudy,2,senior,stopped
video_0269,0,170,219,219,50,0,False,0,street,daytime,cloudy,2,senior,stopped
video_0269,0,180,229,229,50,0,False,0,street,daytime,cloudy,2,senior,stopped
video_0269,0,190,239,239,50,0,False,0,street,daytime,cloudy,2,senior,stopped
video_0269,0,200,249,249,50,0,False,0,street,daytime,cloudy,2,senior,stopped
video_0269,0,210,259,259,50,0,False,0,street,daytime,cloudy,2,senior,stopped
video_0269,0,220,269,269,50,0,False,0,street,daytime,cloudy,2,senior,stopped
video_0269,0,230,279,279,50,0,False,0,street,daytime,cloudy,2,senior,stopped
video_0269,0,240,289,289,50,0,False,0,street,daytime,cloudy,2,senior,stopped
video_0269,0,250,299,299,50,0,False,0,street,daytime,cloudy,2,senior,stopped
video_0269,0,260,309,309,50,0,False,1,street,daytime,cloudy,2,senior,stopped
video_0269,0,270,319,319,50,0,False,1,street,daytime,cloudy,2,senior,stopped
video_0269,0,280,329,329,50,0,False,1,street,daytime,cloudy,2,senior,stopped
video_0269,0,290,339,339,50,0,False,1,street,daytime,cloudy,2,senior,stopped
video_0269,0,300,349,349,50,0,False,1,street,daytime,cloudy,2,senior,stopped
video_0269,0,310,359,359,50,0,False,1,street,daytime,cloudy,2,senior,stopped
video_0269,0,320,369,369,50,0,False,1,street,daytime,cloudy,2,senior,stopped
video_0269,0,330,379,379,50,0,False,1,street,daytime,cloudy,2,senior,stopped
video_0269,0,340,389,389,50,0,False,1,street,daytime,cloudy,2,senior,stopped
video_0269,0,350,399,389,40,0,False,1,street,daytime,cloudy,2,senior,stopped
video_0269,0,360,409,389,30,0,False,1,street,daytime,cloudy,2,senior,stopped
video_0269,0,370,419,389,20,0,False,1,street,daytime,cloudy,2,senior,stopped
video_0269,0,380,429,389,10,0,False,1,street,daytime,cloudy,2,senior,stopped
video_0269,1,0,49,49,50,0,False,2,street,daytime,cloudy,2,senior,decelerating
video_0269,1,10,59,59,50,0,False,2,street,daytime,cloudy,2,senior,decelerating
video_0269,1,20,69,69,50,0,False,2,street,daytime,cloudy,2,senior,decelerating
video_0269,1,30,79,79,50,0,False,2,street,daytime,cloudy,2,senior,decelerating
video_0269,1,40,89,89,50,0,False,2,street,daytime,cloudy,2,senior,accelerating
video_0269,1,50,99,99,50,0,False,2,street,daytime,cloudy,2,senior,accelerating
video_0269,1,60,109,109,50,0,False,1,street,daytime,cloudy,2,senior,decelerating
video_0269,1,70,119,119,50,0,False,1,street,daytime,cloudy,2,senior,stopped
video_0269,1,80,129,129,50,0,False,1,street,daytime,cloudy,2,senior,stopped
video_0269,1,90,139,139,50,0,False,1,street,daytime,cloudy,2,senior,stopped
video_0269,1,100,149,149,50,0,False,1,street,daytime,cloudy,2,senior,stopped
video_0269,1,110,159,159,50,0,False,1,street,daytime,cloudy,2,senior,stopped
video_0269,1,120,169,169,50,0,False,0,street,daytime,cloudy,2,senior,stopped
video_0269,1,130,179,179,50,0,False,0,street,daytime,cloudy,2,senior,stopped
video_0269,1,140,189,189,50,0,False,0,street,daytime,cloudy,2,senior,stopped
video_0269,1,150,199,199,50,0,False,0,street,daytime,cloudy,2,senior,stopped
video_0269,1,160,209,209,50,0,False,0,street,daytime,cloudy,2,senior,stopped
video_0269,1,170,219,219,50,0,False,0,street,daytime,cloudy,2,senior,stopped
video_0269,1,180,229,229,50,0,False,0,street,daytime,cloudy,2,senior,stopped
video_0269,1,190,239,239,50,0,False,0,street,daytime,cloudy,2,senior,stopped
video_0269,1,200,249,249,50,0,False,0,street,daytime,cloudy,2,senior,stopped
video_0269,1,210,259,259,50,0,False,0,street,daytime,cloudy,2,senior,stopped
video_0269,1,220,269,269,50,0,False,0,street,daytime,cloudy,2,senior,stopped
video_0269,1,230,279,279,50,0,False,0,street,daytime,cloudy,2,senior,stopped
video_0269,1,240,289,289,50,0,False,0,street,daytime,cloudy,2,senior,stopped
video_0269,1,250,299,299,50,0,False,0,street,daytime,cloudy,2,senior,stopped
video_0269,1,260,309,309,50,0,False,1,street,daytime,cloudy,2,senior,stopped
video_0269,1,270,319,319,50,0,False,1,street,daytime,cloudy,2,senior,stopped
video_0269,1,280,329,329,50,0,False,1,street,daytime,cloudy,2,senior,stopped
video_0269,1,290,339,339,50,0,False,1,street,daytime,cloudy,2,senior,stopped
video_0269,1,300,349,349,50,0,False,1,street,daytime,cloudy,2,senior,stopped
video_0269,1,310,359,359,50,0,False,1,street,daytime,cloudy,2,senior,stopped
video_0269,1,320,369,369,50,0,False,1,street,daytime,cloudy,2,senior,stopped
video_0269,1,330,379,379,50,0,False,1,street,daytime,cloudy,2,senior,stopped
video_0269,1,340,389,389,50,0,False,1,street,daytime,cloudy,2,senior,stopped
video_0269,1,350,399,389,40,0,False,1,street,daytime,cloudy,2,senior,stopped
video_0269,1,360,409,389,30,0,False,1,street,daytime,cloudy,2,senior,stopped
video_0269,1,370,419,389,20,0,False,1,street,daytime,cloudy,2,senior,stopped
video_0269,1,380,429,389,10,0,False,1,street,daytime,cloudy,2,senior,stopped
video_0270,0,30,79,79,50,0,False,2,street,daytime,clear,3,adult,decelerating
video_0270,0,40,89,89,50,0,False,2,street,daytime,clear,3,adult,decelerating
video_0270,0,50,99,99,50,0,False,2,street,daytime,clear,3,adult,decelerating
video_0270,0,60,109,109,50,0,False,1,street,daytime,clear,3,adult,accelerating
video_0270,0,70,119,119,50,0,False,1,street,daytime,clear,3,adult,accelerating
video_0270,0,80,129,129,50,0,False,1,street,daytime,clear,3,adult,accelerating
video_0270,0,90,139,139,50,0,False,1,street,daytime,clear,3,adult,decelerating
video_0270,0,100,149,149,50,0,False,1,street,daytime,clear,3,adult,decelerating
video_0270,0,110,159,159,50,0,False,2,street,daytime,clear,3,adult,decelerating
video_0270,0,120,169,169,50,0,False,2,street,daytime,clear,3,adult,decelerating
video_0270,0,130,179,179,50,0,False,2,street,daytime,clear,3,adult,decelerating
video_0270,0,140,189,179,40,0,False,2,street,daytime,clear,3,adult,decelerating
video_0270,0,150,199,179,30,0,False,2,street,daytime,clear,3,adult,decelerating
video_0270,0,160,209,179,20,0,False,2,street,daytime,clear,3,adult,decelerating
video_0270,0,170,219,179,10,0,False,2,street,daytime,clear,3,adult,decelerating
video_0270,1,30,79,59,30,0,False,2,street,daytime,clear,3,adult,accelerating
video_0270,1,40,89,59,20,0,False,2,street,daytime,clear,3,adult,accelerating
video_0270,1,50,99,59,10,0,False,2,street,daytime,clear,3,adult,accelerating
video_0270,1,110,159,159,10,0,False,2,street,daytime,clear,3,adult,decelerating
video_0270,1,120,169,169,20,0,False,2,street,daytime,clear,3,adult,decelerating
video_0270,1,130,179,179,30,0,False,2,street,daytime,clear,3,adult,decelerating
video_0270,1,140,189,179,30,0,False,2,street,daytime,clear,3,adult,decelerating
video_0270,1,150,199,179,30,0,False,2,street,daytime,clear,3,adult,decelerating
video_0270,1,160,209,179,20,0,False,2,street,daytime,clear,3,adult,decelerating
video_0270,1,170,219,179,10,0,False,2,street,daytime,clear,3,adult,decelerating
video_0271,0,0,49,49,50,0,False,1,street,daytime,clear,2,adult,decelerating
video_0271,0,10,59,59,50,0,False,1,street,daytime,clear,2,adult,decelerating
video_0271,0,20,69,69,50,0,False,1,street,daytime,clear,2,adult,decelerating
video_0271,0,30,79,79,50,0,False,1,street,daytime,clear,2,adult,decelerating
video_0271,0,40,89,89,50,0,False,1,street,daytime,clear,2,adult,decelerating
video_0271,0,50,99,99,50,0,False,2,street,daytime,clear,2,adult,decelerating
video_0271,0,60,109,109,50,0,False,2,street,daytime,clear,2,adult,decelerating
video_0271,0,70,119,119,50,0,False,2,street,daytime,clear,2,adult,decelerating
video_0271,0,80,129,119,40,0,False,2,street,daytime,clear,2,adult,decelerating
video_0271,0,90,139,119,30,0,False,2,street,daytime,clear,2,adult,decelerating
video_0271,0,100,149,119,20,0,False,2,street,daytime,clear,2,adult,decelerating
video_0271,0,110,159,159,20,0,False,2,street,daytime,clear,2,adult,decelerating
video_0271,0,120,169,169,20,0,False,2,street,daytime,clear,2,adult,accelerating
video_0271,0,130,179,179,30,0,False,2,street,daytime,clear,2,adult,accelerating
video_0271,0,140,189,179,30,0,False,2,street,daytime,clear,2,adult,accelerating
video_0271,0,150,199,179,30,0,False,2,street,daytime,clear,2,adult,accelerating
video_0271,0,160,209,179,20,0,False,2,street,daytime,clear,2,adult,accelerating
video_0271,0,170,219,219,20,0,False,2,street,daytime,clear,2,adult,accelerating
video_0271,0,180,229,229,20,0,False,2,street,daytime,clear,2,adult,accelerating
video_0271,0,190,239,239,30,0,False,2,street,daytime,clear,2,adult,accelerating
video_0271,0,200,249,249,40,0,False,2,street,daytime,clear,2,adult,accelerating
video_0271,0,210,259,259,50,0,False,2,street,daytime,clear,2,adult,accelerating
video_0271,0,220,269,269,50,0,False,2,street,daytime,clear,2,adult,accelerating
video_0271,0,230,279,269,40,0,False,2,street,daytime,clear,2,adult,accelerating
video_0271,0,240,289,269,30,0,False,1,street,daytime,clear,2,adult,accelerating
video_0271,0,250,299,269,20,0,False,1,street,daytime,clear,2,adult,accelerating
video_0271,0,260,309,269,10,0,False,1,street,daytime,clear,2,adult,accelerating
video_0271,1,90,139,119,30,0,False,2,street,daytime,clear,2,adult,decelerating
video_0271,1,100,149,119,20,0,False,2,street,daytime,clear,2,adult,decelerating
video_0271,1,110,159,159,20,0,False,2,street,daytime,clear,2,adult,decelerating
video_0271,1,120,169,169,20,0,False,2,street,daytime,clear,2,adult,accelerating
video_0271,1,130,179,179,30,0,False,2,street,daytime,clear,2,adult,accelerating
video_0271,1,140,189,179,30,0,False,2,street,daytime,clear,2,adult,accelerating
video_0271,1,150,199,179,30,0,False,2,street,daytime,clear,2,adult,accelerating
video_0271,1,160,209,179,20,0,False,2,street,daytime,clear,2,adult,accelerating
video_0271,1,170,219,219,20,0,False,2,street,daytime,clear,2,adult,accelerating
video_0271,1,180,229,229,20,0,False,2,street,daytime,clear,2,adult,accelerating
video_0271,1,190,239,239,30,0,False,2,street,daytime,clear,2,adult,accelerating
video_0271,1,200,249,239,30,0,False,2,street,daytime,clear,2,adult,accelerating
video_0271,1,210,259,239,30,0,False,2,street,daytime,clear,2,adult,accelerating
video_0271,1,220,269,239,20,0,False,2,street,daytime,clear,2,adult,accelerating
video_0271,1,230,279,239,10,0,False,2,street,daytime,clear,2,adult,accelerating
video_0272,0,0,49,49,50,0,False,1,street,daytime,clear,1,adult,accelerating
video_0272,0,10,59,59,50,0,False,1,street,daytime,clear,1,adult,decelerating
video_0272,0,20,69,69,50,0,False,1,street,daytime,clear,1,adult,decelerating
video_0272,0,30,79,79,50,0,False,1,street,daytime,clear,1,adult,decelerating
video_0272,0,40,89,89,50,0,False,1,street,daytime,clear,1,adult,decelerating
video_0272,0,50,99,99,50,0,False,1,street,daytime,clear,1,adult,decelerating
video_0272,0,60,109,109,50,0,False,0,street,daytime,clear,1,adult,decelerating
video_0272,0,70,119,119,50,0,False,0,street,daytime,clear,1,adult,decelerating
video_0272,0,80,129,129,50,0,False,0,street,daytime,clear,1,adult,decelerating
video_0272,0,90,139,139,50,0,False,0,street,daytime,clear,1,adult,decelerating
video_0272,0,100,149,149,50,0,False,0,street,daytime,clear,1,adult,decelerating
video_0272,0,110,159,159,50,0,False,0,street,daytime,clear,1,adult,decelerating
video_0272,0,120,169,169,50,0,False,0,street,daytime,clear,1,adult,decelerating
video_0272,0,130,179,179,50,0,False,0,street,daytime,clear,1,adult,decelerating
video_0272,0,140,189,189,50,0,False,2,street,daytime,clear,1,adult,decelerating
video_0272,0,150,199,199,50,0,False,2,street,daytime,clear,1,adult,decelerating
video_0272,0,160,209,209,50,0,False,2,street,daytime,clear,1,adult,decelerating
video_0272,0,170,219,219,50,0,False,2,street,daytime,clear,1,adult,accelerating
video_0272,0,180,229,229,50,0,False,2,street,daytime,clear,1,adult,accelerating
video_0272,0,190,239,239,50,0,False,2,street,daytime,clear,1,adult,accelerating
video_0272,0,200,249,239,40,0,False,2,street,daytime,clear,1,adult,accelerating
video_0272,0,210,259,239,30,0,False,0,street,daytime,clear,1,adult,accelerating
video_0272,0,220,269,239,20,0,False,0,street,daytime,clear,1,adult,accelerating
video_0272,0,230,279,239,10,0,False,0,street,daytime,clear,1,adult,accelerating
video_0272,1,0,49,49,50,0,False,1,street,daytime,clear,1,adult,accelerating
video_0272,1,10,59,59,50,0,False,1,street,daytime,clear,1,adult,decelerating
video_0272,1,20,69,69,50,0,False,1,street,daytime,clear,1,adult,decelerating
video_0272,1,30,79,79,50,0,False,1,street,daytime,clear,1,adult,decelerating
video_0272,1,40,89,89,50,0,False,1,street,daytime,clear,1,adult,decelerating
video_0272,1,50,99,99,50,0,False,1,street,daytime,clear,1,adult,decelerating
video_0272,1,60,109,109,50,0,False,0,street,daytime,clear,1,adult,decelerating
video_0272,1,70,119,119,50,0,False,0,street,daytime,clear,1,adult,decelerating
video_0272,1,80,129,129,50,0,False,0,street,daytime,clear,1,adult,decelerating
video_0272,1,90,139,139,50,0,False,0,street,daytime,clear,1,adult,decelerating
video_0272,1,100,149,149,50,0,False,0,street,daytime,clear,1,adult,decelerating
video_0272,1,110,159,159,50,0,False,0,street,daytime,clear,1,adult,decelerating
video_0272,1,120,169,169,50,0,False,0,street,daytime,clear,1,adult,decelerating
video_0272,1,130,179,179,50,0,False,0,street,daytime,clear,1,adult,decelerating
video_0272,1,140,189,189,50,0,False,2,street,daytime,clear,1,adult,decelerating
video_0272,1,150,199,199,50,0,False,2,street,daytime,clear,1,adult,decelerating
video_0272,1,160,209,209,50,0,False,2,street,daytime,clear,1,adult,decelerating
video_0272,1,170,219,219,50,0,False,2,street,daytime,clear,1,adult,accelerating
video_0272,1,180,229,229,50,0,False,2,street,daytime,clear,1,adult,accelerating
video_0272,1,190,239,239,50,0,False,2,street,daytime,clear,1,adult,accelerating
video_0272,1,200,249,239,40,0,False,2,street,daytime,clear,1,adult,accelerating
video_0272,1,210,259,239,30,0,False,0,street,daytime,clear,1,adult,accelerating
video_0272,1,220,269,239,20,0,False,0,street,daytime,clear,1,adult,accelerating
video_0272,1,230,279,239,10,0,False,0,street,daytime,clear,1,adult,accelerating
video_0273,0,30,79,59,30,20,False,2,street,daytime,rain,3,adult,decelerating
video_0273,0,40,89,59,20,14,False,2,street,daytime,rain,3,adult,decelerating
video_0273,0,50,99,59,10,8,False,2,street,daytime,rain,3,adult,decelerating
video_0273,1,30,79,59,30,20,False,2,street,daytime,rain,3,adult,decelerating
video_0273,1,40,89,59,20,14,False,2,street,daytime,rain,3,adult,decelerating
video_0273,1,50,99,59,10,8,False,2,street,daytime,rain,3,adult,decelerating
video_0274,0,90,139,139,50,0,False,2,street,daytime,rain,2,"adult,young",decelerating
video_0274,0,100,149,149,50,0,False,2,street,daytime,rain,2,"adult,young",decelerating
video_0274,0,110,159,159,50,0,False,2,street,daytime,rain,2,"adult,young",decelerating
video_0274,0,120,169,169,50,0,False,2,street,daytime,rain,2,"adult,young",decelerating
video_0274,0,130,179,179,50,0,False,2,street,daytime,rain,2,"adult,young",stopped
video_0274,0,140,189,189,50,0,False,2,street,daytime,rain,2,"adult,young",stopped
video_0274,0,150,199,199,50,0,False,2,street,daytime,rain,2,"adult,young",stopped
video_0274,0,160,209,209,50,0,False,2,street,daytime,rain,2,"adult,young",stopped
video_0274,0,170,219,209,40,0,False,2,street,daytime,rain,2,"adult,young",stopped
video_0274,0,180,229,209,30,0,False,2,street,daytime,rain,2,"adult,young",stopped
video_0274,0,190,239,209,20,0,False,2,street,daytime,rain,2,"adult,young",stopped
video_0274,0,200,249,209,10,0,False,2,street,daytime,rain,2,"adult,young",stopped
video_0274,1,90,139,119,30,0,False,2,street,daytime,rain,2,"adult,young",decelerating
video_0274,1,100,149,119,20,0,False,2,street,daytime,rain,2,"adult,young",decelerating
video_0274,1,110,159,159,20,0,False,2,street,daytime,rain,2,"adult,young",decelerating
video_0274,1,120,169,169,20,0,False,2,street,daytime,rain,2,"adult,young",decelerating
video_0274,1,130,179,179,30,0,False,2,street,daytime,rain,2,"adult,young",stopped
video_0274,1,140,189,189,40,0,False,2,street,daytime,rain,2,"adult,young",stopped
video_0274,1,150,199,199,50,0,False,2,street,daytime,rain,2,"adult,young",stopped
video_0274,1,160,209,209,50,0,False,2,street,daytime,rain,2,"adult,young",stopped
video_0274,1,170,219,209,40,0,False,2,street,daytime,rain,2,"adult,young",stopped
video_0274,1,180,229,209,30,0,False,2,street,daytime,rain,2,"adult,young",stopped
video_0274,1,190,239,209,20,0,False,2,street,daytime,rain,2,"adult,young",stopped
video_0274,1,200,249,209,10,0,False,2,street,daytime,rain,2,"adult,young",stopped
video_0275,0,60,109,109,50,0,False,2,street,daytime,rain,2,adult,decelerating
video_0275,0,70,119,119,50,0,False,2,street,daytime,rain,2,adult,decelerating
video_0275,0,80,129,129,50,0,False,2,street,daytime,rain,2,adult,decelerating
video_0275,0,90,139,139,50,0,False,2,street,daytime,rain,2,adult,decelerating
video_0275,0,100,149,149,50,0,False,2,street,daytime,rain,2,adult,decelerating
video_0275,0,110,159,149,40,0,False,2,street,daytime,rain,2,adult,decelerating
video_0275,0,120,169,149,30,0,False,2,street,daytime,rain,2,adult,decelerating
video_0275,0,130,179,149,20,0,False,2,street,daytime,rain,2,adult,decelerating
video_0275,0,140,189,149,10,0,False,2,street,daytime,rain,2,adult,decelerating
video_0275,1,90,139,139,50,0,False,2,street,daytime,rain,2,adult,decelerating
video_0275,1,100,149,149,50,0,False,2,street,daytime,rain,2,adult,decelerating
video_0275,1,110,159,149,40,0,False,2,street,daytime,rain,2,adult,decelerating
video_0275,1,120,169,149,30,0,False,2,street,daytime,rain,2,adult,decelerating
video_0275,1,130,179,149,20,0,False,2,street,daytime,rain,2,adult,decelerating
video_0275,1,140,189,149,10,0,False,2,street,daytime,rain,2,adult,decelerating
video_0276,0,0,49,49,50,0,False,1,street,daytime,cloudy,2,adult,decelerating
video_0276,0,10,59,59,50,0,False,1,street,daytime,cloudy,2,adult,decelerating
video_0276,0,20,69,69,50,0,False,1,street,daytime,cloudy,2,adult,decelerating
video_0276,0,30,79,79,50,0,False,1,street,daytime,cloudy,2,adult,accelerating
video_0276,0,40,89,89,50,0,False,1,street,daytime,cloudy,2,adult,accelerating
video_0276,0,50,99,89,40,0,False,1,street,daytime,cloudy,2,adult,accelerating
video_0276,0,60,109,89,30,0,False,0,street,daytime,cloudy,2,adult,accelerating
video_0276,0,70,119,89,20,0,False,0,street,daytime,cloudy,2,adult,accelerating
video_0276,0,80,129,89,10,0,False,0,street,daytime,cloudy,2,adult,accelerating
video_0276,0,140,189,189,10,9,False,1,street,daytime,cloudy,2,adult,decelerating
video_0276,0,150,199,199,20,15,False,1,street,daytime,cloudy,2,adult,decelerating
video_0276,0,160,209,209,30,23,False,1,street,daytime,cloudy,2,adult,decelerating
video_0276,0,170,219,219,40,32,True,1,street,daytime,cloudy,2,adult,decelerating
video_0276,0,180,229,229,50,38,True,1,street,daytime,cloudy,2,adult,decelerating
video_0276,0,190,239,239,50,38,True,1,street,daytime,cloudy,2,adult,decelerating
video_0276,0,200,249,239,40,32,True,1,street,daytime,cloudy,2,adult,decelerating
video_0276,0,210,259,239,30,24,False,1,street,daytime,cloudy,2,adult,decelerating
video_0276,0,220,269,239,20,15,False,1,street,daytime,cloudy,2,adult,decelerating
video_0276,0,230,279,239,10,9,False,1,street,daytime,cloudy,2,adult,decelerating
video_0277,0,0,49,49,50,0,False,2,street,daytime,cloudy,2,senior,decelerating
video_0277,0,10,59,59,50,0,False,2,street,daytime,cloudy,2,senior,decelerating
video_0277,0,20,69,69,50,0,False,2,street,daytime,cloudy,2,senior,decelerating
video_0277,0,30,79,79,50,0,False,2,street,daytime,cloudy,2,senior,decelerating
video_0277,0,40,89,89,50,0,False,2,street,daytime,cloudy,2,senior,decelerating
video_0277,0,50,99,99,50,0,False,2,street,daytime,cloudy,2,senior,decelerating
video_0277,0,60,109,109,50,0,False,2,street,daytime,cloudy,2,senior,decelerating
video_0277,0,70,119,119,50,0,False,2,street,daytime,cloudy,2,senior,decelerating
video_0277,0,80,129,129,50,0,False,2,street,daytime,cloudy,2,senior,decelerating
video_0277,0,90,139,139,50,0,False,2,street,daytime,cloudy,2,senior,accelerating
video_0277,0,100,149,149,50,0,False,2,street,daytime,cloudy,2,senior,accelerating
video_0277,0,110,159,159,50,0,False,2,street,daytime,cloudy,2,senior,accelerating
video_0277,0,120,169,169,50,0,False,2,street,daytime,cloudy,2,senior,decelerating
video_0277,0,130,179,179,50,0,False,2,street,daytime,cloudy,2,senior,decelerating
video_0277,0,140,189,189,50,0,False,2,street,daytime,cloudy,2,senior,decelerating
video_0277,0,150,199,199,50,0,False,2,street,daytime,cloudy,2,senior,decelerating
video_0277,0,160,209,209,50,0,False,2,street,daytime,cloudy,2,senior,decelerating
video_0277,0,170,219,219,50,0,False,2,street,daytime,cloudy,2,senior,accelerating
video_0277,0,180,229,229,50,0,False,2,street,daytime,cloudy,2,senior,accelerating
video_0277,0,190,239,239,50,0,False,2,street,daytime,cloudy,2,senior,accelerating
video_0277,0,200,249,249,50,0,False,2,street,daytime,cloudy,2,senior,accelerating
video_0277,0,210,259,259,50,0,False,2,street,daytime,cloudy,2,senior,accelerating
video_0277,0,220,269,269,50,0,False,2,street,daytime,cloudy,2,senior,accelerating
video_0277,0,230,279,279,50,0,False,2,street,daytime,cloudy,2,senior,decelerating
video_0277,0,240,289,289,50,0,False,2,street,daytime,cloudy,2,senior,decelerating
video_0277,0,250,299,299,50,0,False,2,street,daytime,cloudy,2,senior,decelerating
video_0277,0,260,309,309,50,0,False,2,street,daytime,cloudy,2,senior,decelerating
video_0277,0,270,319,319,50,0,False,2,street,daytime,cloudy,2,senior,decelerating
video_0277,0,280,329,329,50,0,False,2,street,daytime,cloudy,2,senior,decelerating
video_0277,0,290,339,329,40,0,False,2,street,daytime,cloudy,2,senior,decelerating
video_0277,0,300,349,329,30,0,False,2,street,daytime,cloudy,2,senior,decelerating
video_0277,0,310,359,329,20,0,False,2,street,daytime,cloudy,2,senior,decelerating
video_0277,0,320,369,329,10,0,False,2,street,daytime,cloudy,2,senior,decelerating
video_0277,1,30,79,79,50,0,False,2,street,daytime,cloudy,2,senior,decelerating
video_0277,1,40,89,89,50,0,False,2,street,daytime,cloudy,2,senior,decelerating
video_0277,1,50,99,99,50,0,False,2,street,daytime,cloudy,2,senior,decelerating
video_0277,1,60,109,109,50,0,False,2,street,daytime,cloudy,2,senior,decelerating
video_0277,1,70,119,119,50,0,False,2,street,daytime,cloudy,2,senior,decelerating
video_0277,1,80,129,129,50,0,False,2,street,daytime,cloudy,2,senior,decelerating
video_0277,1,90,139,139,50,0,False,2,street,daytime,cloudy,2,senior,accelerating
video_0277,1,100,149,149,50,0,False,2,street,daytime,cloudy,2,senior,accelerating
video_0277,1,110,159,159,50,0,False,2,street,daytime,cloudy,2,senior,accelerating
video_0277,1,120,169,169,50,0,False,2,street,daytime,cloudy,2,senior,decelerating
video_0277,1,130,179,179,50,0,False,2,street,daytime,cloudy,2,senior,decelerating
video_0277,1,140,189,189,50,0,False,2,street,daytime,cloudy,2,senior,decelerating
video_0277,1,150,199,199,50,0,False,2,street,daytime,cloudy,2,senior,decelerating
video_0277,1,160,209,209,50,0,False,2,street,daytime,cloudy,2,senior,decelerating
video_0277,1,170,219,219,50,0,False,2,street,daytime,cloudy,2,senior,accelerating
video_0277,1,180,229,229,50,0,False,2,street,daytime,cloudy,2,senior,accelerating
video_0277,1,190,239,239,50,0,False,2,street,daytime,cloudy,2,senior,accelerating
video_0277,1,200,249,249,50,0,False,2,street,daytime,cloudy,2,senior,accelerating
video_0277,1,210,259,259,50,0,False,2,street,daytime,cloudy,2,senior,accelerating
video_0277,1,220,269,269,50,0,False,2,street,daytime,cloudy,2,senior,accelerating
video_0277,1,230,279,279,50,0,False,2,street,daytime,cloudy,2,senior,decelerating
video_0277,1,240,289,289,50,0,False,2,street,daytime,cloudy,2,senior,decelerating
video_0277,1,250,299,299,50,0,False,2,street,daytime,cloudy,2,senior,decelerating
video_0277,1,260,309,309,50,0,False,2,street,daytime,cloudy,2,senior,decelerating
video_0277,1,270,319,319,50,0,False,2,street,daytime,cloudy,2,senior,decelerating
video_0277,1,280,329,329,50,0,False,2,street,daytime,cloudy,2,senior,decelerating
video_0277,1,290,339,329,40,0,False,2,street,daytime,cloudy,2,senior,decelerating
video_0277,1,300,349,329,30,0,False,2,street,daytime,cloudy,2,senior,decelerating
video_0277,1,310,359,329,20,0,False,2,street,daytime,cloudy,2,senior,decelerating
video_0277,1,320,369,329,10,0,False,2,street,daytime,cloudy,2,senior,decelerating
video_0278,0,30,79,79,50,24,False,2,street,daytime,clear,2,adult,decelerating
video_0278,0,40,89,89,50,17,False,2,street,daytime,clear,2,adult,decelerating
video_0278,0,50,99,99,50,15,False,2,street,daytime,clear,2,adult,decelerating
video_0278,0,60,109,109,50,13,False,2,street,daytime,clear,2,adult,decelerating
video_0278,0,70,119,119,50,16,False,2,street,daytime,clear,2,adult,decelerating
video_0278,0,80,129,119,40,16,False,2,street,daytime,clear,2,adult,decelerating
video_0278,0,90,139,119,30,16,False,1,street,daytime,clear,2,adult,decelerating
video_0278,0,100,149,119,20,11,False,1,street,daytime,clear,2,adult,decelerating
video_0278,0,110,159,119,10,3,False,1,street,daytime,clear,2,adult,decelerating
video_0278,1,60,109,89,30,20,False,2,street,daytime,clear,2,adult,decelerating
video_0278,1,70,119,89,20,13,False,2,street,daytime,clear,2,adult,decelerating
video_0278,1,80,129,89,10,3,False,2,street,daytime,clear,2,adult,decelerating
video_0279,0,0,49,49,50,0,False,2,street,daytime,clear,2,"adult,senior",decelerating
video_0279,0,10,59,59,50,0,False,2,street,daytime,clear,2,"adult,senior",decelerating
video_0279,0,20,69,69,50,0,False,2,street,daytime,clear,2,"adult,senior",decelerating
video_0279,0,30,79,79,50,0,False,2,street,daytime,clear,2,"adult,senior",decelerating
video_0279,0,40,89,89,50,0,False,2,street,daytime,clear,2,"adult,senior",decelerating
video_0279,0,50,99,99,50,0,False,2,street,daytime,clear,2,"adult,senior",decelerating
video_0279,0,60,109,109,50,0,False,2,street,daytime,clear,2,"adult,senior",accelerating
video_0279,0,70,119,119,50,0,False,2,street,daytime,clear,2,"adult,senior",accelerating
video_0279,0,80,129,129,50,0,False,2,street,daytime,clear,2,"adult,senior",accelerating
video_0279,0,90,139,139,50,0,False,2,street,daytime,clear,2,"adult,senior",accelerating
video_0279,0,100,149,149,50,0,False,2,street,daytime,clear,2,"adult,senior",accelerating
video_0279,0,110,159,149,40,0,False,2,street,daytime,clear,2,"adult,senior",accelerating
video_0279,0,120,169,149,30,0,False,2,street,daytime,clear,2,"adult,senior",accelerating
video_0279,0,130,179,149,20,0,False,2,street,daytime,clear,2,"adult,senior",accelerating
video_0279,0,140,189,149,10,0,False,2,street,daytime,clear,2,"adult,senior",accelerating
video_0279,1,30,79,79,50,0,False,2,street,daytime,clear,2,"adult,senior",decelerating
video_0279,1,40,89,89,50,0,False,2,street,daytime,clear,2,"adult,senior",decelerating
video_0279,1,50,99,89,40,0,False,2,street,daytime,clear,2,"adult,senior",decelerating
video_0279,1,60,109,89,30,0,False,2,street,daytime,clear,2,"adult,senior",decelerating
video_0279,1,70,119,89,20,0,False,2,street,daytime,clear,2,"adult,senior",decelerating
video_0279,1,80,129,129,20,0,False,2,street,daytime,clear,2,"adult,senior",accelerating
video_0279,1,90,139,139,20,0,False,2,street,daytime,clear,2,"adult,senior",accelerating
video_0279,1,100,149,149,30,0,False,2,street,daytime,clear,2,"adult,senior",accelerating
video_0279,1,110,159,149,30,0,False,2,street,daytime,clear,2,"adult,senior",accelerating
video_0279,1,120,169,149,30,0,False,2,street,daytime,clear,2,"adult,senior",accelerating
video_0279,1,130,179,149,20,0,False,2,street,daytime,clear,2,"adult,senior",accelerating
video_0279,1,140,189,149,10,0,False,2,street,daytime,clear,2,"adult,senior",accelerating
video_0280,0,90,139,139,50,0,False,2,street,daytime,clear,4,adult,accelerating
video_0280,0,100,149,149,50,0,False,2,street,daytime,clear,4,adult,accelerating
video_0280,0,110,159,149,40,0,False,2,street,daytime,clear,4,adult,accelerating
video_0280,0,120,169,149,30,0,False,2,street,daytime,clear,4,adult,accelerating
video_0280,0,130,179,149,20,0,False,2,street,daytime,clear,4,adult,accelerating
video_0280,0,140,189,149,10,0,False,2,street,daytime,clear,4,adult,accelerating
video_0280,1,120,169,149,30,0,False,2,street,daytime,clear,4,adult,accelerating
video_0280,1,130,179,149,20,0,False,2,street,daytime,clear,4,adult,accelerating
video_0280,1,140,189,149,10,0,False,2,street,daytime,clear,4,adult,accelerating
video_0281,0,90,139,139,50,20,False,2,street,daytime,cloudy,3,"adult,senior",decelerating
video_0281,0,100,149,149,50,30,True,2,street,daytime,cloudy,3,"adult,senior",decelerating
video_0281,0,110,159,159,50,40,True,2,street,daytime,cloudy,3,"adult,senior",decelerating
video_0281,0,120,169,169,50,50,True,1,street,daytime,cloudy,3,"adult,senior",decelerating
video_0281,0,130,179,179,50,50,True,1,street,daytime,cloudy,3,"adult,senior",decelerating
video_0281,0,140,189,179,40,40,True,1,street,daytime,cloudy,3,"adult,senior",decelerating
video_0281,0,150,199,179,30,30,True,1,street,daytime,cloudy,3,"adult,senior",decelerating
video_0281,0,160,209,179,20,20,False,1,street,daytime,cloudy,3,"adult,senior",decelerating
video_0281,0,170,219,219,20,20,False,1,street,daytime,cloudy,3,"adult,senior",decelerating
video_0281,0,180,229,229,20,20,False,1,street,daytime,cloudy,3,"adult,senior",decelerating
video_0281,0,190,239,239,30,30,True,1,street,daytime,cloudy,3,"adult,senior",decelerating
video_0281,0,200,249,239,30,30,True,1,street,daytime,cloudy,3,"adult,senior",decelerating
video_0281,0,210,259,239,30,30,True,1,street,daytime,cloudy,3,"adult,senior",decelerating
video_0281,0,220,269,239,20,20,False,1,street,daytime,cloudy,3,"adult,senior",decelerating
video_0281,0,230,279,239,10,10,False,1,street,daytime,cloudy,3,"adult,senior",decelerating
video_0281,1,90,139,119,30,30,True,2,street,daytime,cloudy,3,"adult,senior",decelerating
video_0281,1,100,149,119,20,20,False,2,street,daytime,cloudy,3,"adult,senior",decelerating
video_0281,1,110,159,119,10,10,False,2,street,daytime,cloudy,3,"adult,senior",decelerating
video_0283,0,0,49,49,50,50,True,2,street,daytime,clear,4,adult,accelerating
video_0283,0,10,59,59,50,50,True,2,street,daytime,clear,4,adult,decelerating
video_0283,0,20,69,69,50,50,True,2,street,daytime,clear,4,adult,decelerating
video_0283,0,30,79,79,50,50,True,2,street,daytime,clear,4,adult,decelerating
video_0283,0,40,89,89,50,50,True,2,street,daytime,clear,4,adult,decelerating
video_0283,0,50,99,89,40,40,True,2,street,daytime,clear,4,adult,decelerating
video_0283,0,60,109,89,30,30,True,2,street,daytime,clear,4,adult,decelerating
video_0283,0,70,119,89,20,20,False,2,street,daytime,clear,4,adult,decelerating
video_0283,0,80,129,89,10,10,False,2,street,daytime,clear,4,adult,decelerating
video_0283,1,30,79,79,50,50,True,2,street,daytime,clear,4,adult,decelerating
video_0283,1,40,89,89,50,50,True,2,street,daytime,clear,4,adult,decelerating
video_0283,1,50,99,89,40,40,True,2,street,daytime,clear,4,adult,decelerating
video_0283,1,60,109,89,30,30,True,2,street,daytime,clear,4,adult,decelerating
video_0283,1,70,119,89,20,20,False,2,street,daytime,clear,4,adult,decelerating
video_0283,1,80,129,89,10,10,False,2,street,daytime,clear,4,adult,decelerating
video_0284,0,0,49,49,50,0,False,0,street,daytime,clear,4,senior,decelerating
video_0284,0,10,59,59,50,0,False,0,street,daytime,clear,4,senior,decelerating
video_0284,0,20,69,59,40,0,False,0,street,daytime,clear,4,senior,decelerating
video_0284,0,30,79,59,30,0,False,0,street,daytime,clear,4,senior,decelerating
video_0284,0,40,89,59,20,0,False,0,street,daytime,clear,4,senior,decelerating
video_0284,0,50,99,59,10,0,False,0,street,daytime,clear,4,senior,decelerating
video_0285,0,150,199,179,30,30,True,1,street,daytime,clear,2,adult,decelerating
video_0285,0,160,209,179,20,20,False,1,street,daytime,clear,2,adult,decelerating
video_0285,0,170,219,179,10,10,False,1,street,daytime,clear,2,adult,decelerating
video_0286,0,30,79,79,50,0,False,2,street,daytime,clear,2,adult,decelerating
video_0286,0,40,89,89,50,0,False,2,street,daytime,clear,2,adult,decelerating
video_0286,0,50,99,99,50,0,False,2,street,daytime,clear,2,adult,decelerating
video_0286,0,60,109,109,50,0,False,2,street,daytime,clear,2,adult,decelerating
video_0286,0,70,119,119,50,0,False,2,street,daytime,clear,2,adult,decelerating
video_0286,0,80,129,119,40,0,False,2,street,daytime,clear,2,adult,decelerating
video_0286,0,90,139,119,30,0,False,2,street,daytime,clear,2,adult,decelerating
video_0286,0,100,149,119,20,0,False,2,street,daytime,clear,2,adult,decelerating
video_0286,0,110,159,159,20,0,False,2,street,daytime,clear,2,adult,stopped
video_0286,0,120,169,169,20,0,False,1,street,daytime,clear,2,adult,stopped
video_0286,0,130,179,179,30,0,False,1,street,daytime,clear,2,adult,stopped
video_0286,0,140,189,179,30,0,False,1,street,daytime,clear,2,adult,stopped
video_0286,0,150,199,179,30,0,False,1,street,daytime,clear,2,adult,stopped
video_0286,0,160,209,179,20,0,False,1,street,daytime,clear,2,adult,stopped
video_0286,0,170,219,179,10,0,False,1,street,daytime,clear,2,adult,stopped
video_0286,1,30,79,59,30,0,False,2,street,daytime,clear,2,adult,decelerating
video_0286,1,40,89,59,20,0,False,2,street,daytime,clear,2,adult,decelerating
video_0286,1,50,99,99,20,0,False,2,street,daytime,clear,2,adult,decelerating
video_0286,1,60,109,109,20,0,False,2,street,daytime,clear,2,adult,decelerating
video_0286,1,70,119,119,30,0,False,2,street,daytime,clear,2,adult,decelerating
video_0286,1,80,129,119,30,0,False,2,street,daytime,clear,2,adult,decelerating
video_0286,1,90,139,119,30,0,False,2,street,daytime,clear,2,adult,decelerating
video_0286,1,100,149,119,20,0,False,2,street,daytime,clear,2,adult,decelerating
video_0286,1,110,159,119,10,0,False,2,street,daytime,clear,2,adult,decelerating
video_0287,0,30,79,59,30,0,False,2,street,daytime,clear,2,adult,decelerating
video_0287,0,40,89,59,20,0,False,2,street,daytime,clear,2,adult,decelerating
video_0287,0,50,99,59,10,0,False,2,street,daytime,clear,2,adult,decelerating
video_0287,1,30,79,59,30,0,False,2,street,daytime,clear,2,adult,decelerating
video_0287,1,40,89,59,20,0,False,2,street,daytime,clear,2,adult,decelerating
video_0287,1,50,99,59,10,0,False,2,street,daytime,clear,2,adult,decelerating
video_0289,0,0,49,49,50,1,False,1,street,daytime,clear,2,senior,decelerating
video_0289,0,10,59,59,50,9,False,1,street,daytime,clear,2,senior,decelerating
video_0289,0,20,69,59,40,8,False,1,street,daytime,clear,2,senior,decelerating
video_0289,0,30,79,59,30,8,False,1,street,daytime,clear,2,senior,decelerating
video_0289,0,40,89,59,20,8,False,1,street,daytime,clear,2,senior,decelerating
video_0289,0,50,99,59,10,8,False,1,street,daytime,clear,2,senior,decelerating
video_0290,0,0,49,49,50,0,False,2,street,daytime,clear,2,adult,decelerating
video_0290,0,10,59,59,50,0,False,2,street,daytime,clear,2,adult,decelerating
video_0290,0,20,69,69,50,0,False,2,street,daytime,clear,2,adult,decelerating
video_0290,0,30,79,79,50,0,False,2,street,daytime,clear,2,adult,decelerating
video_0290,0,40,89,89,50,0,False,2,street,daytime,clear,2,adult,decelerating
video_0290,0,50,99,99,50,0,False,2,street,daytime,clear,2,adult,stopped
video_0290,0,60,109,109,50,0,False,2,street,daytime,clear,2,adult,stopped
video_0290,0,70,119,119,50,0,False,2,street,daytime,clear,2,adult,stopped
video_0290,0,80,129,119,40,0,False,2,street,daytime,clear,2,adult,stopped
video_0290,0,90,139,119,30,0,False,2,street,daytime,clear,2,adult,stopped
video_0290,0,100,149,119,20,0,False,2,street,daytime,clear,2,adult,stopped
video_0290,0,110,159,119,10,0,False,2,street,daytime,clear,2,adult,stopped
video_0290,1,30,79,79,50,0,False,2,street,daytime,clear,2,adult,decelerating
video_0290,1,40,89,89,50,0,False,2,street,daytime,clear,2,adult,decelerating
video_0290,1,50,99,99,50,0,False,2,street,daytime,clear,2,adult,stopped
video_0290,1,60,109,109,50,0,False,2,street,daytime,clear,2,adult,stopped
video_0290,1,70,119,119,50,0,False,2,street,daytime,clear,2,adult,stopped
video_0290,1,80,129,119,40,0,False,2,street,daytime,clear,2,adult,stopped
video_0290,1,90,139,119,30,0,False,2,street,daytime,clear,2,adult,stopped
video_0290,1,100,149,119,20,0,False,2,street,daytime,clear,2,adult,stopped
video_0290,1,110,159,119,10,0,False,2,street,daytime,clear,2,adult,stopped
video_0291,0,0,49,49,50,0,False,2,street,daytime,cloudy,3,young,decelerating
video_0291,0,10,59,59,50,0,False,2,street,daytime,cloudy,3,young,decelerating
video_0291,0,20,69,69,50,0,False,2,street,daytime,cloudy,3,young,decelerating
video_0291,0,30,79,79,50,0,False,2,street,daytime,cloudy,3,young,decelerating
video_0291,0,40,89,89,50,0,False,2,street,daytime,cloudy,3,young,decelerating
video_0291,0,50,99,99,50,0,False,2,street,daytime,cloudy,3,young,decelerating
video_0291,0,60,109,109,50,0,False,2,street,daytime,cloudy,3,young,decelerating
video_0291,0,70,119,119,50,0,False,2,street,daytime,cloudy,3,young,decelerating
video_0291,0,80,129,129,50,0,False,2,street,daytime,cloudy,3,young,decelerating
video_0291,0,90,139,139,50,0,False,2,street,daytime,cloudy,3,young,stopped
video_0291,0,100,149,149,50,0,False,2,street,daytime,cloudy,3,young,stopped
video_0291,0,110,159,159,50,0,False,2,street,daytime,cloudy,3,young,stopped
video_0291,0,120,169,169,50,0,False,2,street,daytime,cloudy,3,young,stopped
video_0291,0,130,179,179,50,0,False,2,street,daytime,cloudy,3,young,stopped
video_0291,0,140,189,189,50,0,False,2,street,daytime,cloudy,3,young,stopped
video_0291,0,150,199,199,50,0,False,2,street,daytime,cloudy,3,young,stopped
video_0291,0,160,209,209,50,0,False,2,street,daytime,cloudy,3,young,stopped
video_0291,0,170,219,209,40,0,False,2,street,daytime,cloudy,3,young,stopped
video_0291,0,180,229,209,30,0,False,2,street,daytime,cloudy,3,young,stopped
video_0291,0,190,239,209,20,0,False,2,street,daytime,cloudy,3,young,stopped
video_0291,0,200,249,209,10,0,False,2,street,daytime,cloudy,3,young,stopped
video_0291,1,0,49,49,50,0,False,2,street,daytime,cloudy,3,young,decelerating
video_0291,1,10,59,59,50,0,False,2,street,daytime,cloudy,3,young,decelerating
video_0291,1,20,69,69,50,0,False,2,street,daytime,cloudy,3,young,decelerating
video_0291,1,30,79,79,50,0,False,2,street,daytime,cloudy,3,young,decelerating
video_0291,1,40,89,89,50,0,False,2,street,daytime,cloudy,3,young,decelerating
video_0291,1,50,99,99,50,0,False,2,street,daytime,cloudy,3,young,decelerating
video_0291,1,60,109,109,50,0,False,2,street,daytime,cloudy,3,young,decelerating
video_0291,1,70,119,119,50,0,False,2,street,daytime,cloudy,3,young,decelerating
video_0291,1,80,129,129,50,0,False,2,street,daytime,cloudy,3,young,decelerating
video_0291,1,90,139,139,50,0,False,2,street,daytime,cloudy,3,young,stopped
video_0291,1,100,149,149,50,0,False,2,street,daytime,cloudy,3,young,stopped
video_0291,1,110,159,159,50,0,False,2,street,daytime,cloudy,3,young,stopped
video_0291,1,120,169,169,50,0,False,2,street,daytime,cloudy,3,young,stopped
video_0291,1,130,179,179,50,0,False,2,street,daytime,cloudy,3,young,stopped
video_0291,1,140,189,189,50,0,False,2,street,daytime,cloudy,3,young,stopped
video_0291,1,150,199,199,50,0,False,2,street,daytime,cloudy,3,young,stopped
video_0291,1,160,209,209,50,0,False,2,street,daytime,cloudy,3,young,stopped
video_0291,1,170,219,209,40,0,False,2,street,daytime,cloudy,3,young,stopped
video_0291,1,180,229,209,30,0,False,2,street,daytime,cloudy,3,young,stopped
video_0291,1,190,239,209,20,0,False,2,street,daytime,cloudy,3,young,stopped
video_0291,1,200,249,209,10,0,False,2,street,daytime,cloudy,3,young,stopped
video_0292,0,60,109,89,30,4,False,1,street,daytime,clear,2,adult,decelerating
video_0292,0,70,119,89,20,2,False,1,street,daytime,clear,2,adult,decelerating
video_0292,0,80,129,129,20,1,False,1,street,daytime,clear,2,adult,accelerating
video_0292,0,90,139,139,20,0,False,1,street,daytime,clear,2,adult,accelerating
video_0292,0,100,149,149,30,0,False,1,street,daytime,clear,2,adult,accelerating
video_0292,0,110,159,159,40,0,False,2,street,daytime,clear,2,adult,accelerating
video_0292,0,120,169,169,50,0,False,2,street,daytime,clear,2,adult,accelerating
video_0292,0,130,179,179,50,0,False,2,street,daytime,clear,2,adult,accelerating
video_0292,0,140,189,179,40,0,False,2,street,daytime,clear,2,adult,accelerating
video_0292,0,150,199,179,30,0,False,2,street,daytime,clear,2,adult,accelerating
video_0292,0,160,209,179,20,0,False,2,street,daytime,clear,2,adult,accelerating
video_0292,0,170,219,179,10,0,False,2,street,daytime,clear,2,adult,accelerating
video_0292,1,150,199,179,30,0,False,2,street,daytime,clear,2,adult,accelerating
video_0292,1,160,209,179,20,0,False,2,street,daytime,clear,2,adult,accelerating
video_0292,1,170,219,179,10,0,False,2,street,daytime,clear,2,adult,accelerating
video_0293,0,0,49,49,50,7,False,2,street,daytime,clear,2,"adult,senior",decelerating
video_0293,0,10,59,59,50,17,False,2,street,daytime,clear,2,"adult,senior",decelerating
video_0293,0,20,69,69,50,17,False,2,street,daytime,clear,2,"adult,senior",decelerating
video_0293,0,30,79,79,50,17,False,2,street,daytime,clear,2,"adult,senior",decelerating
video_0293,0,40,89,89,50,12,False,2,street,daytime,clear,2,"adult,senior",decelerating
video_0293,0,50,99,89,40,10,False,2,street,daytime,clear,2,"adult,senior",decelerating
video_0293,0,60,109,89,30,0,False,1,street,daytime,clear,2,"adult,senior",decelerating
video_0293,0,70,119,89,20,0,False,1,street,daytime,clear,2,"adult,senior",decelerating
video_0293,0,80,129,129,20,0,False,2,street,daytime,clear,2,"adult,senior",decelerating
video_0293,0,90,139,139,20,0,False,2,street,daytime,clear,2,"adult,senior",decelerating
video_0293,0,100,149,149,30,0,False,2,street,daytime,clear,2,"adult,senior",decelerating
video_0293,0,110,159,159,40,0,False,2,street,daytime,clear,2,"adult,senior",decelerating
video_0293,0,120,169,169,50,0,False,2,street,daytime,clear,2,"adult,senior",decelerating
video_0293,0,130,179,179,50,0,False,2,street,daytime,clear,2,"adult,senior",decelerating
video_0293,0,140,189,189,50,0,False,2,street,daytime,clear,2,"adult,senior",decelerating
video_0293,0,150,199,199,50,0,False,2,street,daytime,clear,2,"adult,senior",decelerating
video_0293,0,160,209,209,50,0,False,2,street,daytime,clear,2,"adult,senior",decelerating
video_0293,0,170,219,219,50,0,False,2,street,daytime,clear,2,"adult,senior",decelerating
video_0293,0,180,229,229,50,0,False,2,street,daytime,clear,2,"adult,senior",decelerating
video_0293,0,190,239,239,50,0,False,2,street,daytime,clear,2,"adult,senior",decelerating
video_0293,0,200,249,249,50,0,False,2,street,daytime,clear,2,"adult,senior",decelerating
video_0293,0,210,259,259,50,0,False,2,street,daytime,clear,2,"adult,senior",decelerating
video_0293,0,220,269,269,50,0,False,2,street,daytime,clear,2,"adult,senior",decelerating
video_0293,0,230,279,269,40,0,False,2,street,daytime,clear,2,"adult,senior",decelerating
video_0293,0,240,289,269,30,0,False,2,street,daytime,clear,2,"adult,senior",decelerating
video_0293,0,250,299,269,20,0,False,2,street,daytime,clear,2,"adult,senior",decelerating
video_0293,0,260,309,269,10,0,False,2,street,daytime,clear,2,"adult,senior",decelerating
video_0293,1,0,49,29,30,25,True,2,street,daytime,clear,2,"adult,senior",decelerating
video_0293,1,10,59,29,20,15,False,2,street,daytime,clear,2,"adult,senior",decelerating
video_0293,1,20,69,69,20,9,False,2,street,daytime,clear,2,"adult,senior",decelerating
video_0293,1,30,79,79,20,4,False,2,street,daytime,clear,2,"adult,senior",decelerating
video_0293,1,40,89,89,30,4,False,2,street,daytime,clear,2,"adult,senior",decelerating
video_0293,1,50,99,89,30,4,False,2,street,daytime,clear,2,"adult,senior",decelerating
video_0293,1,60,109,89,30,4,False,1,street,daytime,clear,2,"adult,senior",decelerating
video_0293,1,70,119,89,20,0,False,1,street,daytime,clear,2,"adult,senior",decelerating
video_0293,1,80,129,129,20,0,False,2,street,daytime,clear,2,"adult,senior",decelerating
video_0293,1,90,139,139,20,0,False,2,street,daytime,clear,2,"adult,senior",decelerating
video_0293,1,100,149,149,30,0,False,2,street,daytime,clear,2,"adult,senior",decelerating
video_0293,1,110,159,159,40,0,False,2,street,daytime,clear,2,"adult,senior",decelerating
video_0293,1,120,169,169,50,0,False,2,street,daytime,clear,2,"adult,senior",decelerating
video_0293,1,130,179,179,50,0,False,2,street,daytime,clear,2,"adult,senior",decelerating
video_0293,1,140,189,189,50,0,False,2,street,daytime,clear,2,"adult,senior",decelerating
video_0293,1,150,199,199,50,0,False,2,street,daytime,clear,2,"adult,senior",decelerating
video_0293,1,160,209,209,50,0,False,2,street,daytime,clear,2,"adult,senior",decelerating
video_0293,1,170,219,219,50,0,False,2,street,daytime,clear,2,"adult,senior",decelerating
video_0293,1,180,229,229,50,0,False,2,street,daytime,clear,2,"adult,senior",decelerating
video_0293,1,190,239,239,50,0,False,2,street,daytime,clear,2,"adult,senior",decelerating
video_0293,1,200,249,249,50,0,False,2,street,daytime,clear,2,"adult,senior",decelerating
video_0293,1,210,259,259,50,0,False,2,street,daytime,clear,2,"adult,senior",decelerating
video_0293,1,220,269,269,50,0,False,2,street,daytime,clear,2,"adult,senior",decelerating
video_0293,1,230,279,269,40,0,False,2,street,daytime,clear,2,"adult,senior",decelerating
video_0293,1,240,289,269,30,0,False,2,street,daytime,clear,2,"adult,senior",decelerating
video_0293,1,250,299,269,20,0,False,2,street,daytime,clear,2,"adult,senior",decelerating
video_0293,1,260,309,269,10,0,False,2,street,daytime,clear,2,"adult,senior",decelerating
video_0294,0,60,109,109,50,30,True,1,street,daytime,cloudy,1,adult,decelerating
video_0294,0,70,119,119,50,20,False,1,street,daytime,cloudy,1,adult,decelerating
video_0294,0,80,129,129,50,20,False,1,street,daytime,cloudy,1,adult,decelerating
video_0294,0,90,139,139,50,20,False,1,street,daytime,cloudy,1,adult,decelerating
video_0294,0,100,149,149,50,30,True,1,street,daytime,cloudy,1,adult,decelerating
video_0294,0,110,159,159,50,40,True,1,street,daytime,cloudy,1,adult,decelerating
video_0294,0,120,169,169,50,50,True,1,street,daytime,cloudy,1,adult,decelerating
video_0294,0,130,179,179,50,50,True,1,street,daytime,cloudy,1,adult,decelerating
video_0294,0,140,189,189,50,50,True,1,street,daytime,cloudy,1,adult,decelerating
video_0294,0,150,199,199,50,50,True,1,street,daytime,cloudy,1,adult,decelerating
video_0294,0,160,209,209,50,50,True,1,street,daytime,cloudy,1,adult,decelerating
video_0294,0,170,219,209,40,40,True,1,street,daytime,cloudy,1,adult,decelerating
video_0294,0,180,229,209,30,30,True,1,street,daytime,cloudy,1,adult,decelerating
video_0294,0,190,239,209,20,20,False,1,street,daytime,cloudy,1,adult,decelerating
video_0294,0,200,249,209,10,10,False,1,street,daytime,cloudy,1,adult,decelerating
video_0295,0,30,79,79,50,37,True,2,street,daytime,cloudy,2,adult,accelerating
video_0295,0,40,89,89,50,36,True,2,street,daytime,cloudy,2,adult,decelerating
video_0295,0,50,99,99,50,36,True,2,street,daytime,cloudy,2,adult,decelerating
video_0295,0,60,109,109,50,36,True,2,street,daytime,cloudy,2,adult,decelerating
video_0295,0,70,119,119,50,34,True,2,street,daytime,cloudy,2,adult,accelerating
video_0295,0,80,129,129,50,40,True,2,street,daytime,cloudy,2,adult,accelerating
video_0295,0,90,139,139,50,31,True,2,street,daytime,cloudy,2,adult,decelerating
video_0295,0,100,149,149,50,26,True,2,street,daytime,cloudy,2,adult,decelerating
video_0295,0,110,159,159,50,17,False,2,street,daytime,cloudy,2,adult,decelerating
video_0295,0,120,169,169,50,12,False,2,street,daytime,cloudy,2,adult,decelerating
video_0295,0,130,179,179,50,6,False,2,street,daytime,cloudy,2,adult,accelerating
video_0295,0,140,189,189,50,6,False,2,street,daytime,cloudy,2,adult,accelerating
video_0295,0,150,199,199,50,1,False,2,street,daytime,cloudy,2,adult,decelerating
video_0295,0,160,209,209,50,0,False,2,street,daytime,cloudy,2,adult,decelerating
video_0295,0,170,219,219,50,0,False,2,street,daytime,cloudy,2,adult,decelerating
video_0295,0,180,229,229,50,0,False,2,street,daytime,cloudy,2,adult,decelerating
video_0295,0,190,239,239,50,0,False,2,street,daytime,cloudy,2,adult,decelerating
video_0295,0,200,249,249,50,0,False,2,street,daytime,cloudy,2,adult,stopped
video_0295,0,210,259,259,50,0,False,2,street,daytime,cloudy,2,adult,stopped
video_0295,0,220,269,269,50,0,False,2,street,daytime,cloudy,2,adult,stopped
video_0295,0,230,279,279,50,0,False,2,street,daytime,cloudy,2,adult,stopped
video_0295,0,240,289,289,50,0,False,2,street,daytime,cloudy,2,adult,stopped
video_0295,0,250,299,299,50,0,False,2,street,daytime,cloudy,2,adult,stopped
video_0295,0,260,309,309,50,0,False,2,street,daytime,cloudy,2,adult,stopped
video_0295,0,270,319,319,50,0,False,2,street,daytime,cloudy,2,adult,stopped
video_0295,0,280,329,329,50,0,False,2,street,daytime,cloudy,2,adult,stopped
video_0295,0,290,339,329,40,0,False,2,street,daytime,cloudy,2,adult,stopped
video_0295,0,300,349,329,30,0,False,1,street,daytime,cloudy,2,adult,stopped
video_0295,0,310,359,329,20,0,False,1,street,daytime,cloudy,2,adult,stopped
video_0295,0,320,369,329,10,0,False,1,street,daytime,cloudy,2,adult,stopped
video_0295,1,30,79,59,30,30,True,2,street,daytime,cloudy,2,adult,accelerating
video_0295,1,40,89,59,20,20,False,2,street,daytime,cloudy,2,adult,accelerating
video_0295,1,50,99,99,20,20,False,2,street,daytime,cloudy,2,adult,decelerating
video_0295,1,60,109,109,20,20,False,2,street,daytime,cloudy,2,adult,decelerating
video_0295,1,70,119,119,30,25,True,2,street,daytime,cloudy,2,adult,accelerating
video_0295,1,80,129,129,40,31,True,2,street,daytime,cloudy,2,adult,accelerating
video_0295,1,90,139,139,50,31,True,2,street,daytime,cloudy,2,adult,decelerating
video_0295,1,100,149,149,50,26,True,2,street,daytime,cloudy,2,adult,decelerating
video_0295,1,110,159,159,50,17,False,2,street,daytime,cloudy,2,adult,decelerating
video_0295,1,120,169,169,50,12,False,2,street,daytime,cloudy,2,adult,decelerating
video_0295,1,130,179,179,50,6,False,2,street,daytime,cloudy,2,adult,accelerating
video_0295,1,140,189,189,50,6,False,2,street,daytime,cloudy,2,adult,accelerating
video_0295,1,150,199,199,50,1,False,2,street,daytime,cloudy,2,adult,decelerating
video_0295,1,160,209,209,50,0,False,2,street,daytime,cloudy,2,adult,decelerating
video_0295,1,170,219,219,50,0,False,2,street,daytime,cloudy,2,adult,decelerating
video_0295,1,180,229,229,50,0,False,2,street,daytime,cloudy,2,adult,decelerating
video_0295,1,190,239,239,50,0,False,2,street,daytime,cloudy,2,adult,decelerating
video_0295,1,200,249,249,50,0,False,2,street,daytime,cloudy,2,adult,stopped
video_0295,1,210,259,259,50,0,False,2,street,daytime,cloudy,2,adult,stopped
video_0295,1,220,269,269,50,0,False,2,street,daytime,cloudy,2,adult,stopped
video_0295,1,230,279,279,50,0,False,2,street,daytime,cloudy,2,adult,stopped
video_0295,1,240,289,289,50,0,False,2,street,daytime,cloudy,2,adult,stopped
video_0295,1,250,299,299,50,0,False,2,street,daytime,cloudy,2,adult,stopped
video_0295,1,260,309,309,50,0,False,2,street,daytime,cloudy,2,adult,stopped
video_0295,1,270,319,319,50,0,False,2,street,daytime,cloudy,2,adult,stopped
video_0295,1,280,329,329,50,0,False,2,street,daytime,cloudy,2,adult,stopped
video_0295,1,290,339,329,40,0,False,2,street,daytime,cloudy,2,adult,stopped
video_0295,1,300,349,329,30,0,False,1,street,daytime,cloudy,2,adult,stopped
video_0295,1,310,359,329,20,0,False,1,street,daytime,cloudy,2,adult,stopped
video_0295,1,320,369,329,10,0,False,1,street,daytime,cloudy,2,adult,stopped
video_0297,0,0,49,49,50,50,True,1,street,daytime,cloudy,2,"adult,senior",stopped
video_0297,0,10,59,59,50,50,True,1,street,daytime,cloudy,2,"adult,senior",stopped
video_0297,0,20,69,69,50,50,True,2,street,daytime,cloudy,2,"adult,senior",stopped
video_0297,0,30,79,79,50,49,True,2,street,daytime,cloudy,2,"adult,senior",stopped
video_0297,0,40,89,89,50,41,True,2,street,daytime,cloudy,2,"adult,senior",stopped
video_0297,0,50,99,99,50,31,True,2,street,daytime,cloudy,2,"adult,senior",stopped
video_0297,0,60,109,109,50,21,False,2,street,daytime,cloudy,2,"adult,senior",stopped
video_0297,0,70,119,119,50,11,False,2,street,daytime,cloudy,2,"adult,senior",stopped
video_0297,0,80,129,129,50,11,False,2,street,daytime,cloudy,2,"adult,senior",stopped
video_0297,0,90,139,139,50,9,False,2,street,daytime,cloudy,2,"adult,senior",stopped
video_0297,0,100,149,149,50,9,False,2,street,daytime,cloudy,2,"adult,senior",stopped
video_0297,0,110,159,159,50,9,False,2,street,daytime,cloudy,2,"adult,senior",stopped
video_0297,0,120,169,169,50,14,False,2,street,daytime,cloudy,2,"adult,senior",stopped
video_0297,0,130,179,179,50,12,False,2,street,daytime,cloudy,2,"adult,senior",stopped
video_0297,0,140,189,189,50,22,False,2,street,daytime,cloudy,2,"adult,senior",stopped
video_0297,0,150,199,199,50,30,True,2,street,daytime,cloudy,2,"adult,senior",stopped
video_0297,0,160,209,209,50,30,True,2,street,daytime,cloudy,2,"adult,senior",stopped
video_0297,0,170,219,219,50,25,True,2,street,daytime,cloudy,2,"adult,senior",stopped
video_0297,0,180,229,229,50,18,False,2,street,daytime,cloudy,2,"adult,senior",stopped
video_0297,0,190,239,239,50,8,False,2,street,daytime,cloudy,2,"adult,senior",stopped
video_0297,0,200,249,249,50,0,False,2,street,daytime,cloudy,2,"adult,senior",stopped
video_0297,0,210,259,259,50,0,False,2,street,daytime,cloudy,2,"adult,senior",stopped
video_0297,0,220,269,269,50,0,False,2,street,daytime,cloudy,2,"adult,senior",stopped
video_0297,0,230,279,279,50,4,False,2,street,daytime,cloudy,2,"adult,senior",stopped
video_0297,0,240,289,289,50,14,False,2,street,daytime,cloudy,2,"adult,senior",stopped
video_0297,0,250,299,299,50,18,False,2,street,daytime,cloudy,2,"adult,senior",stopped
video_0297,0,260,309,309,50,19,False,2,street,daytime,cloudy,2,"adult,senior",stopped
video_0297,0,270,319,319,50,22,False,2,street,daytime,cloudy,2,"adult,senior",stopped
video_0297,0,280,329,329,50,27,True,2,street,daytime,cloudy,2,"adult,senior",stopped
video_0297,0,290,339,339,50,27,True,2,street,daytime,cloudy,2,"adult,senior",stopped
video_0297,0,300,349,349,50,33,True,2,street,daytime,cloudy,2,"adult,senior",stopped
video_0297,0,310,359,359,50,38,True,2,street,daytime,cloudy,2,"adult,senior",stopped
video_0297,0,320,369,369,50,36,True,2,street,daytime,cloudy,2,"adult,senior",stopped
video_0297,0,330,379,379,50,36,True,1,street,daytime,cloudy,2,"adult,senior",stopped
video_0297,0,340,389,389,50,36,True,1,street,daytime,cloudy,2,"adult,senior",stopped
video_0297,0,350,399,389,40,26,True,1,street,daytime,cloudy,2,"adult,senior",stopped
video_0297,0,360,409,389,30,20,False,1,street,daytime,cloudy,2,"adult,senior",stopped
video_0297,0,370,419,389,20,19,False,1,street,daytime,cloudy,2,"adult,senior",stopped
video_0297,0,380,429,389,10,10,False,1,street,daytime,cloudy,2,"adult,senior",stopped
video_0297,1,60,109,109,50,26,True,2,street,daytime,cloudy,2,"adult,senior",stopped
video_0297,1,70,119,119,50,25,True,2,street,daytime,cloudy,2,"adult,senior",stopped
video_0297,1,80,129,129,50,25,True,2,street,daytime,cloudy,2,"adult,senior",stopped
video_0297,1,90,139,139,50,23,False,2,street,daytime,cloudy,2,"adult,senior",stopped
video_0297,1,100,149,149,50,23,False,2,street,daytime,cloudy,2,"adult,senior",stopped
video_0297,1,110,159,159,50,18,False,2,street,daytime,cloudy,2,"adult,senior",stopped
video_0297,1,120,169,169,50,14,False,2,street,daytime,cloudy,2,"adult,senior",stopped
video_0297,1,130,179,179,50,12,False,2,street,daytime,cloudy,2,"adult,senior",stopped
video_0297,1,140,189,189,50,22,False,2,street,daytime,cloudy,2,"adult,senior",stopped
video_0297,1,150,199,199,50,30,True,2,street,daytime,cloudy,2,"adult,senior",stopped
video_0297,1,160,209,209,50,30,True,2,street,daytime,cloudy,2,"adult,senior",stopped
video_0297,1,170,219,219,50,25,True,2,street,daytime,cloudy,2,"adult,senior",stopped
video_0297,1,180,229,229,50,18,False,2,street,daytime,cloudy,2,"adult,senior",stopped
video_0297,1,190,239,239,50,8,False,2,street,daytime,cloudy,2,"adult,senior",stopped
video_0297,1,200,249,249,50,0,False,2,street,daytime,cloudy,2,"adult,senior",stopped
video_0297,1,210,259,259,50,0,False,2,street,daytime,cloudy,2,"adult,senior",stopped
video_0297,1,220,269,269,50,0,False,2,street,daytime,cloudy,2,"adult,senior",stopped
video_0297,1,230,279,279,50,4,False,2,street,daytime,cloudy,2,"adult,senior",stopped
video_0297,1,240,289,289,50,14,False,2,street,daytime,cloudy,2,"adult,senior",stopped
video_0297,1,250,299,299,50,18,False,2,street,daytime,cloudy,2,"adult,senior",stopped
video_0297,1,260,309,309,50,19,False,2,street,daytime,cloudy,2,"adult,senior",stopped
video_0297,1,270,319,319,50,22,False,2,street,daytime,cloudy,2,"adult,senior",stopped
video_0297,1,280,329,329,50,27,True,2,street,daytime,cloudy,2,"adult,senior",stopped
video_0297,1,290,339,329,40,17,False,2,street,daytime,cloudy,2,"adult,senior",stopped
video_0297,1,300,349,329,30,13,False,2,street,daytime,cloudy,2,"adult,senior",stopped
video_0297,1,310,359,329,20,12,False,2,street,daytime,cloudy,2,"adult,senior",stopped
video_0297,1,320,369,329,10,9,False,2,street,daytime,cloudy,2,"adult,senior",stopped
video_0298,0,0,49,49,50,0,False,1,street,daytime,clear,2,"adult,young",accelerating
video_0298,0,10,59,59,50,0,False,1,street,daytime,clear,2,"adult,young",accelerating
video_0298,0,20,69,69,50,0,False,2,street,daytime,clear,2,"adult,young",decelerating
video_0298,0,30,79,79,50,0,False,1,street,daytime,clear,2,"adult,young",decelerating
video_0298,0,40,89,89,50,0,False,1,street,daytime,clear,2,"adult,young",decelerating
video_0298,0,50,99,99,50,0,False,2,street,daytime,clear,2,"adult,young",decelerating
video_0298,0,60,109,109,50,0,False,2,street,daytime,clear,2,"adult,young",stopped
video_0298,0,70,119,119,50,0,False,2,street,daytime,clear,2,"adult,young",stopped
video_0298,0,80,129,129,50,0,False,2,street,daytime,clear,2,"adult,young",stopped
video_0298,0,90,139,139,50,0,False,1,street,daytime,clear,2,"adult,young",stopped
video_0298,0,100,149,149,50,0,False,1,street,daytime,clear,2,"adult,young",stopped
video_0298,0,110,159,159,50,0,False,1,street,daytime,clear,2,"adult,young",stopped
video_0298,0,120,169,169,50,0,False,1,street,daytime,clear,2,"adult,young",stopped
video_0298,0,130,179,179,50,0,False,1,street,daytime,clear,2,"adult,young",stopped
video_0298,0,140,189,189,50,0,False,2,street,daytime,clear,2,"adult,young",stopped
video_0298,0,150,199,199,50,0,False,2,street,daytime,clear,2,"adult,young",stopped
video_0298,0,160,209,209,50,0,False,2,street,daytime,clear,2,"adult,young",stopped
video_0298,0,170,219,219,50,0,False,2,street,daytime,clear,2,"adult,young",stopped
video_0298,0,180,229,229,50,0,False,2,street,daytime,clear,2,"adult,young",stopped
video_0298,0,190,239,239,50,0,False,2,street,daytime,clear,2,"adult,young",stopped
video_0298,0,200,249,249,50,0,False,2,street,daytime,clear,2,"adult,young",stopped
video_0298,0,210,259,259,50,0,False,2,street,daytime,clear,2,"adult,young",stopped
video_0298,0,220,269,269,50,0,False,2,street,daytime,clear,2,"adult,young",stopped
video_0298,0,230,279,269,40,0,False,2,street,daytime,clear,2,"adult,young",stopped
video_0298,0,240,289,269,30,0,False,2,street,daytime,clear,2,"adult,young",stopped
video_0298,0,250,299,269,20,0,False,2,street,daytime,clear,2,"adult,young",stopped
video_0298,0,260,309,269,10,0,False,2,street,daytime,clear,2,"adult,young",stopped
video_0298,1,0,49,49,50,0,False,1,street,daytime,clear,2,"adult,young",accelerating
video_0298,1,10,59,59,50,0,False,1,street,daytime,clear,2,"adult,young",accelerating
video_0298,1,20,69,69,50,0,False,2,street,daytime,clear,2,"adult,young",decelerating
video_0298,1,30,79,79,50,0,False,1,street,daytime,clear,2,"adult,young",decelerating
video_0298,1,40,89,89,50,0,False,1,street,daytime,clear,2,"adult,young",decelerating
video_0298,1,50,99,99,50,0,False,2,street,daytime,clear,2,"adult,young",decelerating
video_0298,1,60,109,109,50,0,False,2,street,daytime,clear,2,"adult,young",stopped
video_0298,1,70,119,119,50,0,False,2,street,daytime,clear,2,"adult,young",stopped
video_0298,1,80,129,129,50,0,False,2,street,daytime,clear,2,"adult,young",stopped
video_0298,1,90,139,139,50,0,False,1,street,daytime,clear,2,"adult,young",stopped
video_0298,1,100,149,149,50,0,False,1,street,daytime,clear,2,"adult,young",stopped
video_0298,1,110,159,159,50,0,False,1,street,daytime,clear,2,"adult,young",stopped
video_0298,1,120,169,169,50,0,False,1,street,daytime,clear,2,"adult,young",stopped
video_0298,1,130,179,179,50,0,False,1,street,daytime,clear,2,"adult,young",stopped
video_0298,1,140,189,189,50,0,False,2,street,daytime,clear,2,"adult,young",stopped
video_0298,1,150,199,199,50,0,False,2,street,daytime,clear,2,"adult,young",stopped
video_0298,1,160,209,209,50,0,False,2,street,daytime,clear,2,"adult,young",stopped
video_0298,1,170,219,219,50,0,False,2,street,daytime,clear,2,"adult,young",stopped
video_0298,1,180,229,229,50,0,False,2,street,daytime,clear,2,"adult,young",stopped
video_0298,1,190,239,239,50,0,False,2,street,daytime,clear,2,"adult,young",stopped
video_0298,1,200,249,249,50,0,False,2,street,daytime,clear,2,"adult,young",stopped
video_0298,1,210,259,259,50,0,False,2,street,daytime,clear,2,"adult,young",stopped
video_0298,1,220,269,269,50,0,False,2,street,daytime,clear,2,"adult,young",stopped
video_0298,1,230,279,269,40,0,False,2,street,daytime,clear,2,"adult,young",stopped
video_0298,1,240,289,269,30,0,False,2,street,daytime,clear,2,"adult,young",stopped
video_0298,1,250,299,269,20,0,False,2,street,daytime,clear,2,"adult,young",stopped
video_0298,1,260,309,269,10,0,False,2,street,daytime,clear,2,"adult,young",stopped
video_0299,0,0,49,49,50,0,False,2,street,daytime,cloudy,2,"adult,young",decelerating
video_0299,0,10,59,59,50,0,False,2,street,daytime,cloudy,2,"adult,young",decelerating
video_0299,0,20,69,69,50,0,False,2,street,daytime,cloudy,2,"adult,young",decelerating
video_0299,0,30,79,79,50,0,False,2,street,daytime,cloudy,2,"adult,young",decelerating
video_0299,0,40,89,89,50,0,False,2,street,daytime,cloudy,2,"adult,young",decelerating
video_0299,0,50,99,99,50,0,False,2,street,daytime,cloudy,2,"adult,young",decelerating
video_0299,0,60,109,109,50,0,False,1,street,daytime,cloudy,2,"adult,young",decelerating
video_0299,0,70,119,119,50,0,False,1,street,daytime,cloudy,2,"adult,young",decelerating
video_0299,0,80,129,129,50,0,False,2,street,daytime,cloudy,2,"adult,young",decelerating
video_0299,0,90,139,139,50,0,False,2,street,daytime,cloudy,2,"adult,young",accelerating
video_0299,0,100,149,149,50,0,False,2,street,daytime,cloudy,2,"adult,young",accelerating
video_0299,0,110,159,159,50,0,False,2,street,daytime,cloudy,2,"adult,young",accelerating
video_0299,0,120,169,169,50,0,False,2,street,daytime,cloudy,2,"adult,young",accelerating
video_0299,0,130,179,179,50,0,False,2,street,daytime,cloudy,2,"adult,young",accelerating
video_0299,0,140,189,179,40,0,False,2,street,daytime,cloudy,2,"adult,young",accelerating
video_0299,0,150,199,179,30,0,False,2,street,daytime,cloudy,2,"adult,young",accelerating
video_0299,0,160,209,179,20,0,False,2,street,daytime,cloudy,2,"adult,young",accelerating
video_0299,0,170,219,179,10,0,False,2,street,daytime,cloudy,2,"adult,young",accelerating
video_0299,1,30,79,59,30,0,False,2,street,daytime,cloudy,2,"adult,young",decelerating
video_0299,1,40,89,59,20,0,False,2,street,daytime,cloudy,2,"adult,young",decelerating
video_0299,1,50,99,59,10,0,False,2,street,daytime,cloudy,2,"adult,young",decelerating
video_0299,1,80,129,129,10,0,False,2,street,daytime,cloudy,2,"adult,young",decelerating
video_0299,1,90,139,139,20,0,False,2,street,daytime,cloudy,2,"adult,young",accelerating
video_0299,1,100,149,149,30,0,False,2,street,daytime,cloudy,2,"adult,young",accelerating
video_0299,1,110,159,159,40,0,False,2,street,daytime,cloudy,2,"adult,young",accelerating
video_0299,1,120,169,169,50,0,False,2,street,daytime,cloudy,2,"adult,young",accelerating
video_0299,1,130,179,179,50,0,False,2,street,daytime,cloudy,2,"adult,young",accelerating
video_0299,1,140,189,179,40,0,False,2,street,daytime,cloudy,2,"adult,young",accelerating
video_0299,1,150,199,179,30,0,False,2,street,daytime,cloudy,2,"adult,young",accelerating
video_0299,1,160,209,179,20,0,False,2,street,daytime,cloudy,2,"adult,young",accelerating
video_0299,1,170,219,179,10,0,False,2,street,daytime,cloudy,2,"adult,young",accelerating
video_0300,0,0,49,49,50,30,True,1,plaza,daytime,cloudy,1,adult,accelerating
video_0300,0,10,59,59,50,20,False,1,plaza,daytime,cloudy,1,adult,accelerating
video_0300,0,20,69,69,50,10,False,1,plaza,daytime,cloudy,1,adult,decelerating
video_0300,0,30,79,79,50,0,False,0,plaza,daytime,cloudy,1,adult,decelerating
video_0300,0,40,89,89,50,0,False,0,plaza,daytime,cloudy,1,adult,decelerating
video_0300,0,50,99,99,50,0,False,0,plaza,daytime,cloudy,1,adult,decelerating
video_0300,0,60,109,109,50,0,False,0,plaza,daytime,cloudy,1,adult,decelerating
video_0300,0,70,119,119,50,0,False,0,plaza,daytime,cloudy,1,adult,accelerating
video_0300,0,80,129,129,50,0,False,0,plaza,daytime,cloudy,1,adult,accelerating
video_0300,0,90,139,139,50,0,False,0,plaza,daytime,cloudy,1,adult,accelerating
video_0300,0,100,149,149,50,0,False,0,plaza,daytime,cloudy,1,adult,accelerating
video_0300,0,110,159,149,40,0,False,0,plaza,daytime,cloudy,1,adult,accelerating
video_0300,0,120,169,149,30,0,False,0,plaza,daytime,cloudy,1,adult,accelerating
video_0300,0,130,179,149,20,0,False,0,plaza,daytime,cloudy,1,adult,accelerating
video_0300,0,140,189,149,10,0,False,0,plaza,daytime,cloudy,1,adult,accelerating
video_0301,0,0,49,49,50,0,False,2,street,daytime,clear,2,adult,decelerating
video_0301,0,10,59,59,50,0,False,2,street,daytime,clear,2,adult,decelerating
video_0301,0,20,69,69,50,0,False,2,street,daytime,clear,2,adult,decelerating
video_0301,0,30,79,79,50,0,False,1,street,daytime,clear,2,adult,decelerating
video_0301,0,40,89,89,50,0,False,1,street,daytime,clear,2,adult,decelerating
video_0301,0,50,99,99,50,0,False,2,street,daytime,clear,2,adult,decelerating
video_0301,0,60,109,109,50,0,False,2,street,daytime,clear,2,adult,decelerating
video_0301,0,70,119,119,50,0,False,2,street,daytime,clear,2,adult,decelerating
video_0301,0,80,129,129,50,0,False,2,street,daytime,clear,2,adult,decelerating
video_0301,0,90,139,139,50,0,False,2,street,daytime,clear,2,adult,decelerating
video_0301,0,100,149,149,50,0,False,2,street,daytime,clear,2,adult,stopped
video_0301,0,110,159,159,50,0,False,2,street,daytime,clear,2,adult,stopped
video_0301,0,120,169,169,50,0,False,2,street,daytime,clear,2,adult,stopped
video_0301,0,130,179,179,50,0,False,2,street,daytime,clear,2,adult,stopped
video_0301,0,140,189,189,50,0,False,2,street,daytime,clear,2,adult,stopped
video_0301,0,150,199,199,50,0,False,2,street,daytime,clear,2,adult,stopped
video_0301,0,160,209,209,50,0,False,2,street,daytime,clear,2,adult,stopped
video_0301,0,170,219,209,40,0,False,2,street,daytime,clear,2,adult,stopped
video_0301,0,180,229,209,30,0,False,2,street,daytime,clear,2,adult,stopped
video_0301,0,190,239,209,20,0,False,2,street,daytime,clear,2,adult,stopped
video_0301,0,200,249,209,10,0,False,2,street,daytime,clear,2,adult,stopped
video_0301,1,0,49,49,50,0,False,2,street,daytime,clear,2,adult,decelerating
video_0301,1,10,59,59,50,0,False,2,street,daytime,clear,2,adult,decelerating
video_0301,1,20,69,69,50,0,False,2,street,daytime,clear,2,adult,decelerating
video_0301,1,30,79,79,50,0,False,1,street,daytime,clear,2,adult,decelerating
video_0301,1,40,89,89,50,0,False,1,street,daytime,clear,2,adult,decelerating
video_0301,1,50,99,99,50,0,False,2,street,daytime,clear,2,adult,decelerating
video_0301,1,60,109,109,50,0,False,2,street,daytime,clear,2,adult,decelerating
video_0301,1,70,119,119,50,0,False,2,street,daytime,clear,2,adult,decelerating
video_0301,1,80,129,129,50,0,False,2,street,daytime,clear,2,adult,decelerating
video_0301,1,90,139,139,50,0,False,2,street,daytime,clear,2,adult,decelerating
video_0301,1,100,149,149,50,0,False,2,street,daytime,clear,2,adult,stopped
video_0301,1,110,159,159,50,0,False,2,street,daytime,clear,2,adult,stopped
video_0301,1,120,169,169,50,0,False,2,street,daytime,clear,2,adult,stopped
video_0301,1,130,179,179,50,0,False,2,street,daytime,clear,2,adult,stopped
video_0301,1,140,189,189,50,0,False,2,street,daytime,clear,2,adult,stopped
video_0301,1,150,199,199,50,0,False,2,street,daytime,clear,2,adult,stopped
video_0301,1,160,209,209,50,0,False,2,street,daytime,clear,2,adult,stopped
video_0301,1,170,219,209,40,0,False,2,street,daytime,clear,2,adult,stopped
video_0301,1,180,229,209,30,0,False,2,street,daytime,clear,2,adult,stopped
video_0301,1,190,239,209,20,0,False,2,street,daytime,clear,2,adult,stopped
video_0301,1,200,249,209,10,0,False,2,street,daytime,clear,2,adult,stopped
video_0302,0,0,49,49,50,0,False,2,street,daytime,cloudy,4,"adult,senior",decelerating
video_0302,0,10,59,59,50,0,False,2,street,daytime,cloudy,4,"adult,senior",decelerating
video_0302,0,20,69,69,50,0,False,2,street,daytime,cloudy,4,"adult,senior",decelerating
video_0302,0,30,79,79,50,0,False,2,street,daytime,cloudy,4,"adult,senior",accelerating
video_0302,0,40,89,89,50,0,False,2,street,daytime,cloudy,4,"adult,senior",accelerating
video_0302,0,50,99,99,50,0,False,2,street,daytime,cloudy,4,"adult,senior",accelerating
video_0302,0,60,109,109,50,0,False,2,street,daytime,cloudy,4,"adult,senior",decelerating
video_0302,0,70,119,119,50,0,False,2,street,daytime,cloudy,4,"adult,senior",decelerating
video_0302,0,80,129,129,50,0,False,2,street,daytime,cloudy,4,"adult,senior",decelerating
video_0302,0,90,139,139,50,0,False,1,street,daytime,cloudy,4,"adult,senior",decelerating
video_0302,0,100,149,149,50,0,False,1,street,daytime,cloudy,4,"adult,senior",decelerating
video_0302,0,110,159,159,50,0,False,1,street,daytime,cloudy,4,"adult,senior",decelerating
video_0302,0,120,169,169,50,0,False,1,street,daytime,cloudy,4,"adult,senior",decelerating
video_0302,0,130,179,179,50,0,False,1,street,daytime,cloudy,4,"adult,senior",decelerating
video_0302,0,140,189,179,40,0,False,1,street,daytime,cloudy,4,"adult,senior",decelerating
video_0302,0,150,199,179,30,0,False,1,street,daytime,cloudy,4,"adult,senior",decelerating
video_0302,0,160,209,179,20,0,False,1,street,daytime,cloudy,4,"adult,senior",decelerating
video_0302,0,170,219,179,10,0,False,1,street,daytime,cloudy,4,"adult,senior",decelerating
video_0302,1,30,79,79,50,0,False,2,street,daytime,cloudy,4,"adult,senior",accelerating
video_0302,1,40,89,89,50,0,False,2,street,daytime,cloudy,4,"adult,senior",accelerating
video_0302,1,50,99,99,50,0,False,2,street,daytime,cloudy,4,"adult,senior",accelerating
video_0302,1,60,109,109,50,0,False,2,street,daytime,cloudy,4,"adult,senior",decelerating
video_0302,1,70,119,119,50,0,False,2,street,daytime,cloudy,4,"adult,senior",decelerating
video_0302,1,80,129,129,50,0,False,2,street,daytime,cloudy,4,"adult,senior",decelerating
video_0302,1,90,139,139,50,0,False,1,street,daytime,cloudy,4,"adult,senior",decelerating
video_0302,1,100,149,149,50,0,False,1,street,daytime,cloudy,4,"adult,senior",decelerating
video_0302,1,110,159,159,50,0,False,1,street,daytime,cloudy,4,"adult,senior",decelerating
video_0302,1,120,169,169,50,0,False,1,street,daytime,cloudy,4,"adult,senior",decelerating
video_0302,1,130,179,179,50,0,False,1,street,daytime,cloudy,4,"adult,senior",decelerating
video_0302,1,140,189,179,40,0,False,1,street,daytime,cloudy,4,"adult,senior",decelerating
video_0302,1,150,199,179,30,0,False,1,street,daytime,cloudy,4,"adult,senior",decelerating
video_0302,1,160,209,179,20,0,False,1,street,daytime,cloudy,4,"adult,senior",decelerating
video_0302,1,170,219,179,10,0,False,1,street,daytime,cloudy,4,"adult,senior",decelerating
video_0303,0,0,49,49,50,0,False,2,street,daytime,clear,2,adult,decelerating
video_0303,0,10,59,59,50,0,False,2,street,daytime,clear,2,adult,decelerating
video_0303,0,20,69,69,50,0,False,2,street,daytime,clear,2,adult,decelerating
video_0303,0,30,79,79,50,0,False,2,street,daytime,clear,2,adult,decelerating
video_0303,0,40,89,89,50,0,False,2,street,daytime,clear,2,adult,decelerating
video_0303,0,50,99,99,50,0,False,2,street,daytime,clear,2,adult,stopped
video_0303,0,60,109,109,50,0,False,2,street,daytime,clear,2,adult,stopped
video_0303,0,70,119,119,50,0,False,2,street,daytime,clear,2,adult,stopped
video_0303,0,80,129,129,50,0,False,2,street,daytime,clear,2,adult,stopped
video_0303,0,90,139,139,50,0,False,2,street,daytime,clear,2,adult,stopped
video_0303,0,100,149,149,50,0,False,2,street,daytime,clear,2,adult,stopped
video_0303,0,110,159,149,40,0,False,2,street,daytime,clear,2,adult,stopped
video_0303,0,120,169,149,30,0,False,2,street,daytime,clear,2,adult,stopped
video_0303,0,130,179,149,20,0,False,2,street,daytime,clear,2,adult,stopped
video_0303,0,140,189,149,10,0,False,2,street,daytime,clear,2,adult,stopped
video_0303,1,0,49,49,50,0,False,2,street,daytime,clear,2,adult,decelerating
video_0303,1,10,59,59,50,0,False,2,street,daytime,clear,2,adult,decelerating
video_0303,1,20,69,69,50,0,False,2,street,daytime,clear,2,adult,decelerating
video_0303,1,30,79,79,50,0,False,2,street,daytime,clear,2,adult,decelerating
video_0303,1,40,89,89,50,0,False,2,street,daytime,clear,2,adult,decelerating
video_0303,1,50,99,99,50,0,False,2,street,daytime,clear,2,adult,stopped
video_0303,1,60,109,109,50,0,False,2,street,daytime,clear,2,adult,stopped
video_0303,1,70,119,119,50,0,False,2,street,daytime,clear,2,adult,stopped
video_0303,1,80,129,129,50,0,False,2,street,daytime,clear,2,adult,stopped
video_0303,1,90,139,139,50,0,False,2,street,daytime,clear,2,adult,stopped
video_0303,1,100,149,149,50,0,False,2,street,daytime,clear,2,adult,stopped
video_0303,1,110,159,149,40,0,False,2,street,daytime,clear,2,adult,stopped
video_0303,1,120,169,149,30,0,False,2,street,daytime,clear,2,adult,stopped
video_0303,1,130,179,149,20,0,False,2,street,daytime,clear,2,adult,stopped
video_0303,1,140,189,149,10,0,False,2,street,daytime,clear,2,adult,stopped
video_0304,0,0,49,49,50,5,False,1,street,daytime,clear,1,senior,decelerating
video_0304,0,10,59,59,50,5,False,1,street,daytime,clear,1,senior,decelerating
video_0304,0,20,69,59,40,5,False,1,street,daytime,clear,1,senior,decelerating
video_0304,0,30,79,59,30,5,False,1,street,daytime,clear,1,senior,decelerating
video_0304,0,40,89,59,20,0,False,1,street,daytime,clear,1,senior,decelerating
video_0304,0,50,99,59,10,0,False,1,street,daytime,clear,1,senior,decelerating
video_0305,0,0,49,49,50,0,False,2,street,daytime,cloudy,2,"adult,child",decelerating
video_0305,0,10,59,59,50,0,False,2,street,daytime,cloudy,2,"adult,child",decelerating
video_0305,0,20,69,69,50,0,False,2,street,daytime,cloudy,2,"adult,child",decelerating
video_0305,0,30,79,79,50,0,False,2,street,daytime,cloudy,2,"adult,child",decelerating
video_0305,0,40,89,89,50,0,False,2,street,daytime,cloudy,2,"adult,child",decelerating
video_0305,0,50,99,99,50,0,False,2,street,daytime,cloudy,2,"adult,child",decelerating
video_0305,0,60,109,109,50,0,False,1,street,daytime,cloudy,2,"adult,child",stopped
video_0305,0,70,119,119,50,0,False,1,street,daytime,cloudy,2,"adult,child",stopped
video_0305,0,80,129,129,50,0,False,1,street,daytime,cloudy,2,"adult,child",stopped
video_0305,0,90,139,139,50,0,False,1,street,daytime,cloudy,2,"adult,child",stopped
video_0305,0,100,149,149,50,0,False,1,street,daytime,cloudy,2,"adult,child",stopped
video_0305,0,110,159,149,40,0,False,1,street,daytime,cloudy,2,"adult,child",stopped
video_0305,0,120,169,149,30,0,False,1,street,daytime,cloudy,2,"adult,child",stopped
video_0305,0,130,179,149,20,0,False,1,street,daytime,cloudy,2,"adult,child",stopped
video_0305,0,140,189,149,10,0,False,1,street,daytime,cloudy,2,"adult,child",stopped
video_0305,1,0,49,49,50,0,False,2,street,daytime,cloudy,2,"adult,child",decelerating
video_0305,1,10,59,59,50,0,False,2,street,daytime,cloudy,2,"adult,child",decelerating
video_0305,1,20,69,69,50,0,False,2,street,daytime,cloudy,2,"adult,child",decelerating
video_0305,1,30,79,79,50,0,False,2,street,daytime,cloudy,2,"adult,child",decelerating
video_0305,1,40,89,89,50,0,False,2,street,daytime,cloudy,2,"adult,child",decelerating
video_0305,1,50,99,99,50,0,False,2,street,daytime,cloudy,2,"adult,child",decelerating
video_0305,1,60,109,109,50,0,False,1,street,daytime,cloudy,2,"adult,child",stopped
video_0305,1,70,119,119,50,0,False,1,street,daytime,cloudy,2,"adult,child",stopped
video_0305,1,80,129,129,50,0,False,1,street,daytime,cloudy,2,"adult,child",stopped
video_0305,1,90,139,139,50,0,False,1,street,daytime,cloudy,2,"adult,child",stopped
video_0305,1,100,149,149,50,0,False,1,street,daytime,cloudy,2,"adult,child",stopped
video_0305,1,110,159,149,40,0,False,1,street,daytime,cloudy,2,"adult,child",stopped
video_0305,1,120,169,149,30,0,False,1,street,daytime,cloudy,2,"adult,child",stopped
video_0305,1,130,179,149,20,0,False,1,street,daytime,cloudy,2,"adult,child",stopped
video_0305,1,140,189,149,10,0,False,1,street,daytime,cloudy,2,"adult,child",stopped
video_0306,0,0,49,49,50,0,False,2,street,daytime,cloudy,2,"adult,senior",decelerating
video_0306,0,10,59,59,50,0,False,2,street,daytime,cloudy,2,"adult,senior",decelerating
video_0306,0,20,69,69,50,0,False,2,street,daytime,cloudy,2,"adult,senior",decelerating
video_0306,0,30,79,79,50,0,False,2,street,daytime,cloudy,2,"adult,senior",decelerating
video_0306,0,40,89,89,50,0,False,2,street,daytime,cloudy,2,"adult,senior",decelerating
video_0306,0,50,99,99,50,0,False,2,street,daytime,cloudy,2,"adult,senior",decelerating
video_0306,0,60,109,109,50,0,False,2,street,daytime,cloudy,2,"adult,senior",decelerating
video_0306,0,70,119,119,50,0,False,2,street,daytime,cloudy,2,"adult,senior",stopped
video_0306,0,80,129,129,50,0,False,2,street,daytime,cloudy,2,"adult,senior",stopped
video_0306,0,90,139,139,50,0,False,2,street,daytime,cloudy,2,"adult,senior",stopped
video_0306,0,100,149,149,50,0,False,2,street,daytime,cloudy,2,"adult,senior",stopped
video_0306,0,110,159,159,50,0,False,2,street,daytime,cloudy,2,"adult,senior",accelerating
video_0306,0,120,169,169,50,0,False,2,street,daytime,cloudy,2,"adult,senior",accelerating
video_0306,0,130,179,179,50,0,False,2,street,daytime,cloudy,2,"adult,senior",accelerating
video_0306,0,140,189,189,50,0,False,2,street,daytime,cloudy,2,"adult,senior",accelerating
video_0306,0,150,199,199,50,0,False,2,street,daytime,cloudy,2,"adult,senior",accelerating
video_0306,0,160,209,209,50,0,False,2,street,daytime,cloudy,2,"adult,senior",accelerating
video_0306,0,170,219,219,50,0,False,2,street,daytime,cloudy,2,"adult,senior",accelerating
video_0306,0,180,229,229,50,0,False,2,street,daytime,cloudy,2,"adult,senior",accelerating
video_0306,0,190,239,239,50,0,False,2,street,daytime,cloudy,2,"adult,senior",accelerating
video_0306,0,200,249,239,40,0,False,2,street,daytime,cloudy,2,"adult,senior",accelerating
video_0306,0,210,259,239,30,0,False,2,street,daytime,cloudy,2,"adult,senior",accelerating
video_0306,0,220,269,239,20,0,False,2,street,daytime,cloudy,2,"adult,senior",accelerating
video_0306,0,230,279,239,10,0,False,2,street,daytime,cloudy,2,"adult,senior",accelerating
video_0306,1,0,49,49,50,0,False,2,street,daytime,cloudy,2,"adult,senior",decelerating
video_0306,1,10,59,59,50,0,False,2,street,daytime,cloudy,2,"adult,senior",decelerating
video_0306,1,20,69,69,50,0,False,2,street,daytime,cloudy,2,"adult,senior",decelerating
video_0306,1,30,79,79,50,0,False,2,street,daytime,cloudy,2,"adult,senior",decelerating
video_0306,1,40,89,89,50,0,False,2,street,daytime,cloudy,2,"adult,senior",decelerating
video_0306,1,50,99,99,50,0,False,2,street,daytime,cloudy,2,"adult,senior",decelerating
video_0306,1,60,109,109,50,0,False,2,street,daytime,cloudy,2,"adult,senior",decelerating
video_0306,1,70,119,119,50,0,False,2,street,daytime,cloudy,2,"adult,senior",stopped
video_0306,1,80,129,129,50,0,False,2,street,daytime,cloudy,2,"adult,senior",stopped
video_0306,1,90,139,139,50,0,False,2,street,daytime,cloudy,2,"adult,senior",stopped
video_0306,1,100,149,149,50,0,False,2,street,daytime,cloudy,2,"adult,senior",stopped
video_0306,1,110,159,159,50,0,False,2,street,daytime,cloudy,2,"adult,senior",accelerating
video_0306,1,120,169,169,50,0,False,2,street,daytime,cloudy,2,"adult,senior",accelerating
video_0306,1,130,179,179,50,0,False,2,street,daytime,cloudy,2,"adult,senior",accelerating
video_0306,1,140,189,189,50,0,False,2,street,daytime,cloudy,2,"adult,senior",accelerating
video_0306,1,150,199,199,50,0,False,2,street,daytime,cloudy,2,"adult,senior",accelerating
video_0306,1,160,209,209,50,0,False,2,street,daytime,cloudy,2,"adult,senior",accelerating
video_0306,1,170,219,219,50,0,False,2,street,daytime,cloudy,2,"adult,senior",accelerating
video_0306,1,180,229,229,50,0,False,2,street,daytime,cloudy,2,"adult,senior",accelerating
video_0306,1,190,239,239,50,0,False,2,street,daytime,cloudy,2,"adult,senior",accelerating
video_0306,1,200,249,239,40,0,False,2,street,daytime,cloudy,2,"adult,senior",accelerating
video_0306,1,210,259,239,30,0,False,2,street,daytime,cloudy,2,"adult,senior",accelerating
video_0306,1,220,269,239,20,0,False,2,street,daytime,cloudy,2,"adult,senior",accelerating
video_0306,1,230,279,239,10,0,False,2,street,daytime,cloudy,2,"adult,senior",accelerating
video_0307,0,0,49,49,50,0,False,1,street,daytime,clear,2,"adult,young",decelerating
video_0307,0,10,59,59,50,0,False,1,street,daytime,clear,2,"adult,young",decelerating
video_0307,0,20,69,69,50,0,False,1,street,daytime,clear,2,"adult,young",decelerating
video_0307,0,30,79,79,50,0,False,1,street,daytime,clear,2,"adult,young",decelerating
video_0307,0,40,89,89,50,0,False,1,street,daytime,clear,2,"adult,young",decelerating
video_0307,0,50,99,99,50,0,False,2,street,daytime,clear,2,"adult,young",decelerating
video_0307,0,60,109,109,50,0,False,2,street,daytime,clear,2,"adult,young",decelerating
video_0307,0,70,119,119,50,0,False,2,street,daytime,clear,2,"adult,young",decelerating
video_0307,0,80,129,129,50,0,False,2,street,daytime,clear,2,"adult,young",decelerating
video_0307,0,90,139,139,50,0,False,2,street,daytime,clear,2,"adult,young",decelerating
video_0307,0,100,149,149,50,0,False,2,street,daytime,clear,2,"adult,young",decelerating
video_0307,0,110,159,159,50,0,False,2,street,daytime,clear,2,"adult,young",decelerating
video_0307,0,120,169,169,50,0,False,2,street,daytime,clear,2,"adult,young",decelerating
video_0307,0,130,179,179,50,0,False,2,street,daytime,clear,2,"adult,young",accelerating
video_0307,0,140,189,189,50,0,False,2,street,daytime,clear,2,"adult,young",accelerating
video_0307,0,150,199,199,50,0,False,2,street,daytime,clear,2,"adult,young",accelerating
video_0307,0,160,209,209,50,0,False,2,street,daytime,clear,2,"adult,young",accelerating
video_0307,0,170,219,209,40,0,False,2,street,daytime,clear,2,"adult,young",accelerating
video_0307,0,180,229,209,30,0,False,2,street,daytime,clear,2,"adult,young",accelerating
video_0307,0,190,239,209,20,0,False,2,street,daytime,clear,2,"adult,young",accelerating
video_0307,0,200,249,249,20,0,False,2,street,daytime,clear,2,"adult,young",accelerating
video_0307,0,210,259,259,20,0,False,0,street,daytime,clear,2,"adult,young",accelerating
video_0307,0,220,269,269,30,0,False,0,street,daytime,clear,2,"adult,young",accelerating
video_0307,0,230,279,269,30,0,False,0,street,daytime,clear,2,"adult,young",accelerating
video_0307,0,240,289,269,30,0,False,0,street,daytime,clear,2,"adult,young",accelerating
video_0307,0,250,299,269,20,0,False,0,street,daytime,clear,2,"adult,young",accelerating
video_0307,0,260,309,269,10,0,False,0,street,daytime,clear,2,"adult,young",accelerating
video_0307,1,90,139,139,50,0,False,2,street,daytime,clear,2,"adult,young",decelerating
video_0307,1,100,149,149,50,0,False,2,street,daytime,clear,2,"adult,young",decelerating
video_0307,1,110,159,159,50,0,False,2,street,daytime,clear,2,"adult,young",decelerating
video_0307,1,120,169,169,50,0,False,2,street,daytime,clear,2,"adult,young",decelerating
video_0307,1,130,179,179,50,0,False,2,street,daytime,clear,2,"adult,young",accelerating
video_0307,1,140,189,189,50,0,False,2,street,daytime,clear,2,"adult,young",accelerating
video_0307,1,150,199,199,50,0,False,2,street,daytime,clear,2,"adult,young",accelerating
video_0307,1,160,209,209,50,0,False,2,street,daytime,clear,2,"adult,young",accelerating
video_0307,1,170,219,209,40,0,False,2,street,daytime,clear,2,"adult,young",accelerating
video_0307,1,180,229,209,30,0,False,2,street,daytime,clear,2,"adult,young",accelerating
video_0307,1,190,239,209,20,0,False,2,street,daytime,clear,2,"adult,young",accelerating
video_0307,1,200,249,209,10,0,False,2,street,daytime,clear,2,"adult,young",accelerating
video_0308,0,0,49,49,50,0,False,0,street,daytime,cloudy,2,adult,decelerating
video_0308,0,10,59,59,50,0,False,0,street,daytime,cloudy,2,adult,decelerating
video_0308,0,20,69,69,50,0,False,0,street,daytime,cloudy,2,adult,decelerating
video_0308,0,30,79,79,50,0,False,0,street,daytime,cloudy,2,adult,decelerating
video_0308,0,40,89,89,50,0,False,0,street,daytime,cloudy,2,adult,decelerating
video_0308,0,50,99,99,50,9,False,1,street,daytime,cloudy,2,adult,accelerating
video_0308,0,60,109,109,50,19,False,1,street,daytime,cloudy,2,adult,accelerating
video_0308,0,70,119,119,50,29,True,1,street,daytime,cloudy,2,adult,accelerating
video_0308,0,80,129,129,50,39,True,1,street,daytime,cloudy,2,adult,accelerating
video_0308,0,90,139,139,50,47,True,1,street,daytime,cloudy,2,adult,decelerating
video_0308,0,100,149,149,50,48,True,1,street,daytime,cloudy,2,adult,decelerating
video_0308,0,110,159,159,50,38,True,1,street,daytime,cloudy,2,adult,decelerating
video_0308,0,120,169,169,50,28,True,1,street,daytime,cloudy,2,adult,decelerating
video_0308,0,130,179,179,50,18,False,1,street,daytime,cloudy,2,adult,decelerating
video_0308,0,140,189,179,40,10,False,1,street,daytime,cloudy,2,adult,decelerating
video_0308,0,150,199,179,30,0,False,0,street,daytime,cloudy,2,adult,decelerating
video_0308,0,160,209,179,20,0,False,0,street,daytime,cloudy,2,adult,decelerating
video_0308,0,170,219,179,10,0,False,0,street,daytime,cloudy,2,adult,decelerating
video_0309,0,0,49,49,50,0,False,1,street,daytime,cloudy,3,adult,decelerating
video_0309,0,10,59,59,50,0,False,1,street,daytime,cloudy,3,adult,decelerating
video_0309,0,20,69,69,50,0,False,2,street,daytime,cloudy,3,adult,decelerating
video_0309,0,30,79,79,50,0,False,1,street,daytime,cloudy,3,adult,decelerating
video_0309,0,40,89,89,50,1,False,1,street,daytime,cloudy,3,adult,decelerating
video_0309,0,50,99,89,40,1,False,1,street,daytime,cloudy,3,adult,decelerating
video_0309,0,60,109,89,30,1,False,1,street,daytime,cloudy,3,adult,decelerating
video_0309,0,70,119,89,20,1,False,1,street,daytime,cloudy,3,adult,decelerating
video_0309,0,80,129,89,10,1,False,1,street,daytime,cloudy,3,adult,decelerating
video_0309,1,0,49,49,50,0,False,1,street,daytime,cloudy,3,adult,decelerating
video_0309,1,10,59,59,50,0,False,1,street,daytime,cloudy,3,adult,decelerating
video_0309,1,20,69,59,40,0,False,2,street,daytime,cloudy,3,adult,decelerating
video_0309,1,30,79,59,30,0,False,1,street,daytime,cloudy,3,adult,decelerating
video_0309,1,40,89,59,20,0,False,1,street,daytime,cloudy,3,adult,decelerating
video_0309,1,50,99,59,10,0,False,1,street,daytime,cloudy,3,adult,decelerating
video_0310,0,0,49,49,50,0,False,2,street,daytime,cloudy,4,adult,decelerating
video_0310,0,10,59,59,50,0,False,2,street,daytime,cloudy,4,adult,decelerating
video_0310,0,20,69,69,50,0,False,2,street,daytime,cloudy,4,adult,decelerating
video_0310,0,30,79,79,50,0,False,2,street,daytime,cloudy,4,adult,decelerating
video_0310,0,40,89,89,50,0,False,2,street,daytime,cloudy,4,adult,decelerating
video_0310,0,50,99,99,50,0,False,2,street,daytime,cloudy,4,adult,decelerating
video_0310,0,60,109,109,50,0,False,1,street,daytime,cloudy,4,adult,decelerating
video_0310,0,70,119,119,50,0,False,1,street,daytime,cloudy,4,adult,decelerating
video_0310,0,80,129,129,50,0,False,2,street,daytime,cloudy,4,adult,decelerating
video_0310,0,90,139,139,50,0,False,1,street,daytime,cloudy,4,adult,decelerating
video_0310,0,100,149,149,50,0,False,1,street,daytime,cloudy,4,adult,decelerating
video_0310,0,110,159,149,40,0,False,1,street,daytime,cloudy,4,adult,decelerating
video_0310,0,120,169,149,30,0,False,1,street,daytime,cloudy,4,adult,decelerating
video_0310,0,130,179,149,20,0,False,1,street,daytime,cloudy,4,adult,decelerating
video_0310,0,140,189,149,10,0,False,1,street,daytime,cloudy,4,adult,decelerating
video_0310,1,0,49,49,50,0,False,2,street,daytime,cloudy,4,adult,decelerating
video_0310,1,10,59,59,50,0,False,2,street,daytime,cloudy,4,adult,decelerating
video_0310,1,20,69,69,50,0,False,2,street,daytime,cloudy,4,adult,decelerating
video_0310,1,30,79,79,50,0,False,2,street,daytime,cloudy,4,adult,decelerating
video_0310,1,40,89,89,50,0,False,2,street,daytime,cloudy,4,adult,decelerating
video_0310,1,50,99,99,50,0,False,2,street,daytime,cloudy,4,adult,decelerating
video_0310,1,60,109,109,50,0,False,1,street,daytime,cloudy,4,adult,decelerating
video_0310,1,70,119,119,50,0,False,1,street,daytime,cloudy,4,adult,decelerating
video_0310,1,80,129,129,50,0,False,2,street,daytime,cloudy,4,adult,decelerating
video_0310,1,90,139,139,50,0,False,1,street,daytime,cloudy,4,adult,decelerating
video_0310,1,100,149,149,50,0,False,1,street,daytime,cloudy,4,adult,decelerating
video_0310,1,110,159,149,40,0,False,1,street,daytime,cloudy,4,adult,decelerating
video_0310,1,120,169,149,30,0,False,1,street,daytime,cloudy,4,adult,decelerating
video_0310,1,130,179,149,20,0,False,1,street,daytime,cloudy,4,adult,decelerating
video_0310,1,140,189,149,10,0,False,1,street,daytime,cloudy,4,adult,decelerating
video_0311,0,0,49,29,30,0,False,1,street,daytime,cloudy,4,"adult,senior",decelerating
video_0311,0,10,59,29,20,0,False,1,street,daytime,cloudy,4,"adult,senior",decelerating
video_0311,0,20,69,69,20,0,False,1,street,daytime,cloudy,4,"adult,senior",decelerating
video_0311,0,30,79,79,20,0,False,1,street,daytime,cloudy,4,"adult,senior",decelerating
video_0311,0,40,89,89,30,0,False,1,street,daytime,cloudy,4,"adult,senior",decelerating
video_0311,0,50,99,99,40,0,False,2,street,daytime,cloudy,4,"adult,senior",decelerating
video_0311,0,60,109,109,50,0,False,2,street,daytime,cloudy,4,"adult,senior",decelerating
video_0311,0,70,119,119,50,0,False,2,street,daytime,cloudy,4,"adult,senior",decelerating
video_0311,0,80,129,129,50,0,False,2,street,daytime,cloudy,4,"adult,senior",decelerating
video_0311,0,90,139,139,50,0,False,2,street,daytime,cloudy,4,"adult,senior",decelerating
video_0311,0,100,149,149,50,0,False,2,street,daytime,cloudy,4,"adult,senior",decelerating
video_0311,0,110,159,149,40,0,False,2,street,daytime,cloudy,4,"adult,senior",decelerating
video_0311,0,120,169,149,30,0,False,0,street,daytime,cloudy,4,"adult,senior",decelerating
video_0311,0,130,179,149,20,0,False,0,street,daytime,cloudy,4,"adult,senior",decelerating
video_0311,0,140,189,149,10,0,False,0,street,daytime,cloudy,4,"adult,senior",decelerating
video_0311,1,90,139,139,50,0,False,2,street,daytime,cloudy,4,"adult,senior",decelerating
video_0311,1,100,149,149,50,0,False,2,street,daytime,cloudy,4,"adult,senior",decelerating
video_0311,1,110,159,149,40,0,False,2,street,daytime,cloudy,4,"adult,senior",decelerating
video_0311,1,120,169,149,30,0,False,0,street,daytime,cloudy,4,"adult,senior",decelerating
video_0311,1,130,179,149,20,0,False,0,street,daytime,cloudy,4,"adult,senior",decelerating
video_0311,1,140,189,149,10,0,False,0,street,daytime,cloudy,4,"adult,senior",decelerating
video_0312,0,0,49,49,50,0,False,1,street,daytime,cloudy,2,senior,accelerating
video_0312,0,10,59,59,50,0,False,1,street,daytime,cloudy,2,senior,accelerating
video_0312,0,20,69,69,50,0,False,2,street,daytime,cloudy,2,senior,accelerating
video_0312,0,30,79,79,50,0,False,2,street,daytime,cloudy,2,senior,decelerating
video_0312,0,40,89,89,50,0,False,2,street,daytime,cloudy,2,senior,decelerating
video_0312,0,50,99,99,50,0,False,2,street,daytime,cloudy,2,senior,accelerating
video_0312,0,60,109,109,50,0,False,2,street,daytime,cloudy,2,senior,accelerating
video_0312,0,70,119,119,50,0,False,2,street,daytime,cloudy,2,senior,accelerating
video_0312,0,80,129,119,40,0,False,2,street,daytime,cloudy,2,senior,accelerating
video_0312,0,90,139,119,30,0,False,2,street,daytime,cloudy,2,senior,accelerating
video_0312,0,100,149,119,20,0,False,2,street,daytime,cloudy,2,senior,accelerating
video_0312,0,110,159,119,10,0,False,2,street,daytime,cloudy,2,senior,accelerating
video_0312,1,0,49,49,50,0,False,1,street,daytime,cloudy,2,senior,accelerating
video_0312,1,10,59,59,50,0,False,1,street,daytime,cloudy,2,senior,accelerating
video_0312,1,20,69,69,50,0,False,2,street,daytime,cloudy,2,senior,accelerating
video_0312,1,30,79,79,50,0,False,2,street,daytime,cloudy,2,senior,decelerating
video_0312,1,40,89,89,50,0,False,2,street,daytime,cloudy,2,senior,decelerating
video_0312,1,50,99,99,50,0,False,2,street,daytime,cloudy,2,senior,accelerating
video_0312,1,60,109,109,50,0,False,2,street,daytime,cloudy,2,senior,accelerating
video_0312,1,70,119,119,50,0,False,2,street,daytime,cloudy,2,senior,accelerating
video_0312,1,80,129,119,40,0,False,2,street,daytime,cloudy,2,senior,accelerating
video_0312,1,90,139,119,30,0,False,2,street,daytime,cloudy,2,senior,accelerating
video_0312,1,100,149,119,20,0,False,2,street,daytime,cloudy,2,senior,accelerating
video_0312,1,110,159,119,10,0,False,2,street,daytime,cloudy,2,senior,accelerating
video_0313,0,0,49,49,50,0,False,2,street,daytime,cloudy,2,"adult,senior",stopped
video_0313,0,10,59,59,50,0,False,2,street,daytime,cloudy,2,"adult,senior",stopped
video_0313,0,20,69,69,50,0,False,2,street,daytime,cloudy,2,"adult,senior",stopped
video_0313,0,30,79,79,50,0,False,2,street,daytime,cloudy,2,"adult,senior",stopped
video_0313,0,40,89,89,50,0,False,2,street,daytime,cloudy,2,"adult,senior",stopped
video_0313,0,50,99,99,50,0,False,2,street,daytime,cloudy,2,"adult,senior",stopped
video_0313,0,60,109,109,50,0,False,2,street,daytime,cloudy,2,"adult,senior",stopped
video_0313,0,70,119,119,50,0,False,2,street,daytime,cloudy,2,"adult,senior",stopped
video_0313,0,80,129,129,50,0,False,2,street,daytime,cloudy,2,"adult,senior",stopped
video_0313,0,90,139,139,50,0,False,2,street,daytime,cloudy,2,"adult,senior",stopped
video_0313,0,100,149,149,50,0,False,2,street,daytime,cloudy,2,"adult,senior",stopped
video_0313,0,110,159,159,50,0,False,2,street,daytime,cloudy,2,"adult,senior",stopped
video_0313,0,120,169,169,50,0,False,1,street,daytime,cloudy,2,"adult,senior",stopped
video_0313,0,130,179,179,50,0,False,1,street,daytime,cloudy,2,"adult,senior",stopped
video_0313,0,140,189,189,50,0,False,2,street,daytime,cloudy,2,"adult,senior",stopped
video_0313,0,150,199,199,50,0,False,2,street,daytime,cloudy,2,"adult,senior",stopped
video_0313,0,160,209,209,50,0,False,2,street,daytime,cloudy,2,"adult,senior",stopped
video_0313,0,170,219,219,50,0,False,2,street,daytime,cloudy,2,"adult,senior",stopped
video_0313,0,180,229,229,50,0,False,2,street,daytime,cloudy,2,"adult,senior",stopped
video_0313,0,190,239,239,50,0,False,2,street,daytime,cloudy,2,"adult,senior",stopped
video_0313,0,200,249,249,50,0,False,2,street,daytime,cloudy,2,"adult,senior",stopped
video_0313,0,210,259,259,50,0,False,2,street,daytime,cloudy,2,"adult,senior",stopped
video_0313,0,220,269,269,50,0,False,2,street,daytime,cloudy,2,"adult,senior",stopped
video_0313,0,230,279,279,50,0,False,2,street,daytime,cloudy,2,"adult,senior",accelerating
video_0313,0,240,289,289,50,0,False,1,street,daytime,cloudy,2,"adult,senior",accelerating
video_0313,0,250,299,299,50,0,False,1,street,daytime,cloudy,2,"adult,senior",accelerating
video_0313,0,260,309,309,50,0,False,1,street,daytime,cloudy,2,"adult,senior",accelerating
video_0313,0,270,319,319,50,0,False,1,street,daytime,cloudy,2,"adult,senior",accelerating
video_0313,0,280,329,329,50,0,False,1,street,daytime,cloudy,2,"adult,senior",accelerating
video_0313,0,290,339,339,50,0,False,1,street,daytime,cloudy,2,"adult,senior",accelerating
video_0313,0,300,349,349,50,0,False,0,street,daytime,cloudy,2,"adult,senior",decelerating
video_0313,0,310,359,359,50,0,False,0,street,daytime,cloudy,2,"adult,senior",decelerating
video_0313,0,320,369,369,50,0,False,1,street,daytime,cloudy,2,"adult,senior",decelerating
video_0313,0,330,379,379,50,0,False,1,street,daytime,cloudy,2,"adult,senior",stopped
video_0313,0,340,389,389,50,0,False,1,street,daytime,cloudy,2,"adult,senior",stopped
video_0313,0,350,399,399,50,0,False,2,street,daytime,cloudy,2,"adult,senior",stopped
video_0313,0,360,409,409,50,0,False,2,street,daytime,cloudy,2,"adult,senior",stopped
video_0313,0,370,419,419,50,0,False,2,street,daytime,cloudy,2,"adult,senior",stopped
video_0313,0,380,429,429,50,0,False,2,street,daytime,cloudy,2,"adult,senior",stopped
video_0313,0,390,439,439,50,0,False,2,street,daytime,cloudy,2,"adult,senior",stopped
video_0313,0,400,449,449,50,0,False,2,street,daytime,cloudy,2,"adult,senior",stopped
video_0313,0,410,459,459,50,0,False,2,street,daytime,cloudy,2,"adult,senior",stopped
video_0313,0,420,469,469,50,0,False,2,street,daytime,cloudy,2,"adult,senior",stopped
video_0313,0,430,479,479,50,0,False,2,street,daytime,cloudy,2,"adult,senior",stopped
video_0313,0,440,489,489,50,0,False,2,street,daytime,cloudy,2,"adult,senior",stopped
video_0313,0,450,499,499,50,0,False,2,street,daytime,cloudy,2,"adult,senior",stopped
video_0313,0,460,509,509,50,0,False,2,street,daytime,cloudy,2,"adult,senior",stopped
video_0313,0,470,519,519,50,0,False,2,street,daytime,cloudy,2,"adult,senior",stopped
video_0313,0,480,529,529,50,0,False,2,street,daytime,cloudy,2,"adult,senior",stopped
video_0313,0,490,539,539,50,0,False,2,street,daytime,cloudy,2,"adult,senior",stopped
video_0313,0,500,549,549,50,0,False,2,street,daytime,cloudy,2,"adult,senior",stopped
video_0313,0,510,559,559,50,0,False,2,street,daytime,cloudy,2,"adult,senior",accelerating
video_0313,0,520,569,569,50,0,False,2,street,daytime,cloudy,2,"adult,senior",accelerating
video_0313,0,530,579,579,50,0,False,2,street,daytime,cloudy,2,"adult,senior",accelerating
video_0313,0,540,589,589,50,0,False,0,street,daytime,cloudy,2,"adult,senior",accelerating
video_0313,0,550,599,599,50,0,False,0,street,daytime,cloudy,2,"adult,senior",accelerating
video_0313,0,560,609,599,40,0,False,0,street,daytime,cloudy,2,"adult,senior",accelerating
video_0313,0,570,619,599,30,0,False,0,street,daytime,cloudy,2,"adult,senior",accelerating
video_0313,0,580,629,599,20,0,False,0,street,daytime,cloudy,2,"adult,senior",accelerating
video_0313,0,590,639,599,10,0,False,0,street,daytime,cloudy,2,"adult,senior",accelerating
video_0313,1,0,49,49,50,0,False,2,street,daytime,cloudy,2,"adult,senior",stopped
video_0313,1,10,59,59,50,0,False,2,street,daytime,cloudy,2,"adult,senior",stopped
video_0313,1,20,69,69,50,0,False,2,street,daytime,cloudy,2,"adult,senior",stopped
video_0313,1,30,79,79,50,0,False,2,street,daytime,cloudy,2,"adult,senior",stopped
video_0313,1,40,89,89,50,0,False,2,street,daytime,cloudy,2,"adult,senior",stopped
video_0313,1,50,99,99,50,0,False,2,street,daytime,cloudy,2,"adult,senior",stopped
video_0313,1,60,109,109,50,0,False,2,street,daytime,cloudy,2,"adult,senior",stopped
video_0313,1,70,119,119,50,0,False,2,street,daytime,cloudy,2,"adult,senior",stopped
video_0313,1,80,129,129,50,0,False,2,street,daytime,cloudy,2,"adult,senior",stopped
video_0313,1,90,139,139,50,0,False,2,street,daytime,cloudy,2,"adult,senior",stopped
video_0313,1,100,149,149,50,0,False,2,street,daytime,cloudy,2,"adult,senior",stopped
video_0313,1,110,159,159,50,0,False,2,street,daytime,cloudy,2,"adult,senior",stopped
video_0313,1,120,169,169,50,0,False,1,street,daytime,cloudy,2,"adult,senior",stopped
video_0313,1,130,179,179,50,0,False,1,street,daytime,cloudy,2,"adult,senior",stopped
video_0313,1,140,189,189,50,0,False,2,street,daytime,cloudy,2,"adult,senior",stopped
video_0313,1,150,199,199,50,0,False,2,street,daytime,cloudy,2,"adult,senior",stopped
video_0313,1,160,209,209,50,0,False,2,street,daytime,cloudy,2,"adult,senior",stopped
video_0313,1,170,219,219,50,0,False,2,street,daytime,cloudy,2,"adult,senior",stopped
video_0313,1,180,229,229,50,0,False,2,street,daytime,cloudy,2,"adult,senior",stopped
video_0313,1,190,239,239,50,0,False,2,street,daytime,cloudy,2,"adult,senior",stopped
video_0313,1,200,249,249,50,0,False,2,street,daytime,cloudy,2,"adult,senior",stopped
video_0313,1,210,259,259,50,0,False,2,street,daytime,cloudy,2,"adult,senior",stopped
video_0313,1,220,269,269,50,0,False,2,street,daytime,cloudy,2,"adult,senior",stopped
video_0313,1,230,279,279,50,0,False,2,street,daytime,cloudy,2,"adult,senior",accelerating
video_0313,1,240,289,289,50,0,False,1,street,daytime,cloudy,2,"adult,senior",accelerating
video_0313,1,250,299,299,50,0,False,1,street,daytime,cloudy,2,"adult,senior",accelerating
video_0313,1,260,309,309,50,0,False,1,street,daytime,cloudy,2,"adult,senior",accelerating
video_0313,1,270,319,319,50,0,False,1,street,daytime,cloudy,2,"adult,senior",accelerating
video_0313,1,280,329,329,50,0,False,1,street,daytime,cloudy,2,"adult,senior",accelerating
video_0313,1,290,339,339,50,0,False,1,street,daytime,cloudy,2,"adult,senior",accelerating
video_0313,1,300,349,349,50,0,False,0,street,daytime,cloudy,2,"adult,senior",decelerating
video_0313,1,310,359,359,50,0,False,0,street,daytime,cloudy,2,"adult,senior",decelerating
video_0313,1,320,369,369,50,0,False,1,street,daytime,cloudy,2,"adult,senior",decelerating
video_0313,1,330,379,379,50,0,False,1,street,daytime,cloudy,2,"adult,senior",stopped
video_0313,1,340,389,389,50,0,False,1,street,daytime,cloudy,2,"adult,senior",stopped
video_0313,1,350,399,399,50,0,False,2,street,daytime,cloudy,2,"adult,senior",stopped
video_0313,1,360,409,409,50,0,False,2,street,daytime,cloudy,2,"adult,senior",stopped
video_0313,1,370,419,419,50,0,False,2,street,daytime,cloudy,2,"adult,senior",stopped
video_0313,1,380,429,429,50,0,False,2,street,daytime,cloudy,2,"adult,senior",stopped
video_0313,1,390,439,439,50,0,False,2,street,daytime,cloudy,2,"adult,senior",stopped
video_0313,1,400,449,449,50,0,False,2,street,daytime,cloudy,2,"adult,senior",stopped
video_0313,1,410,459,459,50,0,False,2,street,daytime,cloudy,2,"adult,senior",stopped
video_0313,1,420,469,469,50,0,False,2,street,daytime,cloudy,2,"adult,senior",stopped
video_0313,1,430,479,479,50,0,False,2,street,daytime,cloudy,2,"adult,senior",stopped
video_0313,1,440,489,489,50,0,False,2,street,daytime,cloudy,2,"adult,senior",stopped
video_0313,1,450,499,499,50,0,False,2,street,daytime,cloudy,2,"adult,senior",stopped
video_0313,1,460,509,509,50,0,False,2,street,daytime,cloudy,2,"adult,senior",stopped
video_0313,1,470,519,519,50,0,False,2,street,daytime,cloudy,2,"adult,senior",stopped
video_0313,1,480,529,529,50,0,False,2,street,daytime,cloudy,2,"adult,senior",stopped
video_0313,1,490,539,539,50,0,False,2,street,daytime,cloudy,2,"adult,senior",stopped
video_0313,1,500,549,549,50,0,False,2,street,daytime,cloudy,2,"adult,senior",stopped
video_0313,1,510,559,559,50,0,False,2,street,daytime,cloudy,2,"adult,senior",accelerating
video_0313,1,520,569,569,50,0,False,2,street,daytime,cloudy,2,"adult,senior",accelerating
video_0313,1,530,579,579,50,0,False,2,street,daytime,cloudy,2,"adult,senior",accelerating
video_0313,1,540,589,589,50,0,False,0,street,daytime,cloudy,2,"adult,senior",accelerating
video_0313,1,550,599,599,50,0,False,0,street,daytime,cloudy,2,"adult,senior",accelerating
video_0313,1,560,609,599,40,0,False,0,street,daytime,cloudy,2,"adult,senior",accelerating
video_0313,1,570,619,599,30,0,False,0,street,daytime,cloudy,2,"adult,senior",accelerating
video_0313,1,580,629,599,20,0,False,0,street,daytime,cloudy,2,"adult,senior",accelerating
video_0313,1,590,639,599,10,0,False,0,street,daytime,cloudy,2,"adult,senior",accelerating
video_0314,0,0,49,49,50,0,False,2,street,daytime,cloudy,2,"adult,senior,young",decelerating
video_0314,0,10,59,59,50,0,False,2,street,daytime,cloudy,2,"adult,senior,young",decelerating
video_0314,0,20,69,69,50,0,False,2,street,daytime,cloudy,2,"adult,senior,young",decelerating
video_0314,0,30,79,79,50,0,False,2,street,daytime,cloudy,2,"adult,senior,young",decelerating
video_0314,0,40,89,89,50,0,False,2,street,daytime,cloudy,2,"adult,senior,young",decelerating
video_0314,0,50,99,99,50,0,False,2,street,daytime,cloudy,2,"adult,senior,young",decelerating
video_0314,0,60,109,109,50,0,False,2,street,daytime,cloudy,2,"adult,senior,young",decelerating
video_0314,0,70,119,119,50,0,False,2,street,daytime,cloudy,2,"adult,senior,young",decelerating
video_0314,0,80,129,119,40,0,False,2,street,daytime,cloudy,2,"adult,senior,young",decelerating
video_0314,0,90,139,119,30,0,False,1,street,daytime,cloudy,2,"adult,senior,young",decelerating
video_0314,0,100,149,119,20,0,False,1,street,daytime,cloudy,2,"adult,senior,young",decelerating
video_0314,0,110,159,119,10,0,False,1,street,daytime,cloudy,2,"adult,senior,young",decelerating
video_0314,1,0,49,49,50,0,False,2,street,daytime,cloudy,2,"adult,senior,young",decelerating
video_0314,1,10,59,59,50,0,False,2,street,daytime,cloudy,2,"adult,senior,young",decelerating
video_0314,1,20,69,69,50,0,False,2,street,daytime,cloudy,2,"adult,senior,young",decelerating
video_0314,1,30,79,79,50,0,False,2,street,daytime,cloudy,2,"adult,senior,young",decelerating
video_0314,1,40,89,89,50,0,False,2,street,daytime,cloudy,2,"adult,senior,young",decelerating
video_0314,1,50,99,99,50,0,False,2,street,daytime,cloudy,2,"adult,senior,young",decelerating
video_0314,1,60,109,109,50,0,False,2,street,daytime,cloudy,2,"adult,senior,young",decelerating
video_0314,1,70,119,119,50,0,False,2,street,daytime,cloudy,2,"adult,senior,young",decelerating
video_0314,1,80,129,119,40,0,False,2,street,daytime,cloudy,2,"adult,senior,young",decelerating
video_0314,1,90,139,119,30,0,False,1,street,daytime,cloudy,2,"adult,senior,young",decelerating
video_0314,1,100,149,119,20,0,False,1,street,daytime,cloudy,2,"adult,senior,young",decelerating
video_0314,1,110,159,119,10,0,False,1,street,daytime,cloudy,2,"adult,senior,young",decelerating
video_0315,0,30,79,79,50,0,False,1,street,daytime,cloudy,4,adult,decelerating
video_0315,0,40,89,89,50,0,False,1,street,daytime,cloudy,4,adult,decelerating
video_0315,0,50,99,99,50,0,False,1,street,daytime,cloudy,4,adult,decelerating
video_0315,0,60,109,109,50,0,False,0,street,daytime,cloudy,4,adult,decelerating
video_0315,0,70,119,119,50,0,False,0,street,daytime,cloudy,4,adult,decelerating
video_0315,0,80,129,129,50,0,False,1,street,daytime,cloudy,4,adult,decelerating
video_0315,0,90,139,139,50,0,False,1,street,daytime,cloudy,4,adult,decelerating
video_0315,0,100,149,149,50,0,False,1,street,daytime,cloudy,4,adult,decelerating
video_0315,0,110,159,159,50,0,False,2,street,daytime,cloudy,4,adult,decelerating
video_0315,0,120,169,169,50,0,False,2,street,daytime,cloudy,4,adult,decelerating
video_0315,0,130,179,179,50,0,False,2,street,daytime,cloudy,4,adult,decelerating
video_0315,0,140,189,189,50,0,False,2,street,daytime,cloudy,4,adult,decelerating
video_0315,0,150,199,199,50,0,False,2,street,daytime,cloudy,4,adult,decelerating
video_0315,0,160,209,209,50,0,False,2,street,daytime,cloudy,4,adult,decelerating
video_0315,0,170,219,209,40,0,False,2,street,daytime,cloudy,4,adult,decelerating
video_0315,0,180,229,209,30,0,False,2,street,daytime,cloudy,4,adult,decelerating
video_0315,0,190,239,209,20,0,False,2,street,daytime,cloudy,4,adult,decelerating
video_0315,0,200,249,209,10,0,False,2,street,daytime,cloudy,4,adult,decelerating
video_0315,1,90,139,139,50,0,False,1,street,daytime,cloudy,4,adult,decelerating
video_0315,1,100,149,149,50,0,False,1,street,daytime,cloudy,4,adult,decelerating
video_0315,1,110,159,159,50,0,False,2,street,daytime,cloudy,4,adult,decelerating
video_0315,1,120,169,169,50,0,False,2,street,daytime,cloudy,4,adult,decelerating
video_0315,1,130,179,179,50,0,False,2,street,daytime,cloudy,4,adult,decelerating
video_0315,1,140,189,189,50,0,False,2,street,daytime,cloudy,4,adult,decelerating
video_0315,1,150,199,199,50,0,False,2,street,daytime,cloudy,4,adult,decelerating
video_0315,1,160,209,209,50,0,False,2,street,daytime,cloudy,4,adult,decelerating
video_0315,1,170,219,209,40,0,False,2,street,daytime,cloudy,4,adult,decelerating
video_0315,1,180,229,209,30,0,False,2,street,daytime,cloudy,4,adult,decelerating
video_0315,1,190,239,209,20,0,False,2,street,daytime,cloudy,4,adult,decelerating
video_0315,1,200,249,209,10,0,False,2,street,daytime,cloudy,4,adult,decelerating
video_0316,0,30,79,79,50,6,False,2,street,daytime,cloudy,3,adult,accelerating
video_0316,0,40,89,89,50,16,False,2,street,daytime,cloudy,3,adult,accelerating
video_0316,0,50,99,99,50,26,True,2,street,daytime,cloudy,3,adult,accelerating
video_0316,0,60,109,109,50,36,True,1,street,daytime,cloudy,3,adult,accelerating
video_0316,0,70,119,119,50,41,True,1,street,daytime,cloudy,3,adult,accelerating
video_0316,0,80,129,119,40,35,True,1,street,daytime,cloudy,3,adult,accelerating
video_0316,0,90,139,119,30,25,True,1,street,daytime,cloudy,3,adult,accelerating
video_0316,0,100,149,119,20,15,False,1,street,daytime,cloudy,3,adult,accelerating
video_0316,0,110,159,119,10,5,False,1,street,daytime,cloudy,3,adult,accelerating
video_0316,1,30,79,59,30,0,False,2,street,daytime,cloudy,3,adult,accelerating
video_0316,1,40,89,59,20,0,False,2,street,daytime,cloudy,3,adult,accelerating
video_0316,1,50,99,59,10,0,False,2,street,daytime,cloudy,3,adult,accelerating
video_0317,0,30,79,59,30,4,False,2,street,daytime,cloudy,3,"adult,child",accelerating
video_0317,0,40,89,59,20,4,False,2,street,daytime,cloudy,3,"adult,child",accelerating
video_0317,0,50,99,99,20,2,False,2,street,daytime,cloudy,3,"adult,child",decelerating
video_0317,0,60,109,109,20,0,False,1,street,daytime,cloudy,3,"adult,child",decelerating
video_0317,0,70,119,119,30,0,False,1,street,daytime,cloudy,3,"adult,child",decelerating
video_0317,0,80,129,129,40,0,False,1,street,daytime,cloudy,3,"adult,child",decelerating
video_0317,0,90,139,139,50,0,False,1,street,daytime,cloudy,3,"adult,child",decelerating
video_0317,0,100,149,149,50,0,False,1,street,daytime,cloudy,3,"adult,child",decelerating
video_0317,0,110,159,149,40,0,False,1,street,daytime,cloudy,3,"adult,child",decelerating
video_0317,0,120,169,149,30,0,False,1,street,daytime,cloudy,3,"adult,child",decelerating
video_0317,0,130,179,149,20,0,False,1,street,daytime,cloudy,3,"adult,child",decelerating
video_0317,0,140,189,149,10,0,False,1,street,daytime,cloudy,3,"adult,child",decelerating
video_0317,1,30,79,59,30,4,False,2,street,daytime,cloudy,3,"adult,child",accelerating
video_0317,1,40,89,59,20,4,False,2,street,daytime,cloudy,3,"adult,child",accelerating
video_0317,1,50,99,59,10,2,False,2,street,daytime,cloudy,3,"adult,child",accelerating
video_0318,0,0,49,49,50,0,False,1,street,daytime,cloudy,2,adult,decelerating
video_0318,0,10,59,59,50,0,False,1,street,daytime,cloudy,2,adult,decelerating
video_0318,0,20,69,69,50,0,False,1,street,daytime,cloudy,2,adult,decelerating
video_0318,0,30,79,79,50,0,False,1,street,daytime,cloudy,2,adult,decelerating
video_0318,0,40,89,89,50,0,False,1,street,daytime,cloudy,2,adult,decelerating
video_0318,0,50,99,99,50,0,False,1,street,daytime,cloudy,2,adult,decelerating
video_0318,0,60,109,109,50,0,False,1,street,daytime,cloudy,2,adult,decelerating
video_0318,0,70,119,119,50,0,False,1,street,daytime,cloudy,2,adult,decelerating
video_0318,0,80,129,129,50,0,False,2,street,daytime,cloudy,2,adult,decelerating
video_0318,0,90,139,139,50,0,False,2,street,daytime,cloudy,2,adult,decelerating
video_0318,0,100,149,149,50,0,False,2,street,daytime,cloudy,2,adult,decelerating
video_0318,0,110,159,159,50,0,False,2,street,daytime,cloudy,2,adult,decelerating
video_0318,0,120,169,169,50,0,False,1,street,daytime,cloudy,2,adult,decelerating
video_0318,0,130,179,179,50,0,False,1,street,daytime,cloudy,2,adult,decelerating
video_0318,0,140,189,189,50,0,False,2,street,daytime,cloudy,2,adult,decelerating
video_0318,0,150,199,199,50,0,False,1,street,daytime,cloudy,2,adult,decelerating
video_0318,0,160,209,209,50,0,False,1,street,daytime,cloudy,2,adult,accelerating
video_0318,0,170,219,219,50,0,False,1,street,daytime,cloudy,2,adult,accelerating
video_0318,0,180,229,229,50,0,False,1,street,daytime,cloudy,2,adult,accelerating
video_0318,0,190,239,239,50,0,False,1,street,daytime,cloudy,2,adult,accelerating
video_0318,0,200,249,239,40,0,False,1,street,daytime,cloudy,2,adult,accelerating
video_0318,0,210,259,239,30,0,False,0,street,daytime,cloudy,2,adult,accelerating
video_0318,0,220,269,239,20,0,False,0,street,daytime,cloudy,2,adult,accelerating
video_0318,0,230,279,239,10,0,False,0,street,daytime,cloudy,2,adult,accelerating
video_0318,1,0,49,49,50,19,False,1,street,daytime,cloudy,2,adult,decelerating
video_0318,1,10,59,59,50,29,True,1,street,daytime,cloudy,2,adult,decelerating
video_0318,1,20,69,69,50,36,True,1,street,daytime,cloudy,2,adult,decelerating
video_0318,1,30,79,79,50,36,True,1,street,daytime,cloudy,2,adult,decelerating
video_0318,1,40,89,89,50,31,True,1,street,daytime,cloudy,2,adult,decelerating
video_0318,1,50,99,99,50,31,True,1,street,daytime,cloudy,2,adult,decelerating
video_0318,1,60,109,109,50,24,False,1,street,daytime,cloudy,2,adult,decelerating
video_0318,1,70,119,119,50,18,False,1,street,daytime,cloudy,2,adult,decelerating
video_0318,1,80,129,119,40,18,False,2,street,daytime,cloudy,2,adult,decelerating
video_0318,1,90,139,119,30,13,False,2,street,daytime,cloudy,2,adult,decelerating
video_0318,1,100,149,119,20,4,False,2,street,daytime,cloudy,2,adult,decelerating
video_0318,1,110,159,159,20,1,False,2,street,daytime,cloudy,2,adult,decelerating
video_0318,1,120,169,169,20,0,False,1,street,daytime,cloudy,2,adult,decelerating
video_0318,1,130,179,179,30,0,False,1,street,daytime,cloudy,2,adult,decelerating
video_0318,1,140,189,189,40,10,False,2,street,daytime,cloudy,2,adult,decelerating
video_0318,1,150,199,199,50,20,False,1,street,daytime,cloudy,2,adult,decelerating
video_0318,1,160,209,209,50,30,True,1,street,daytime,cloudy,2,adult,accelerating
video_0318,1,170,219,219,50,30,True,1,street,daytime,cloudy,2,adult,accelerating
video_0318,1,180,229,229,50,30,True,1,street,daytime,cloudy,2,adult,accelerating
video_0318,1,190,239,239,50,20,False,1,street,daytime,cloudy,2,adult,accelerating
video_0318,1,200,249,239,40,10,False,1,street,daytime,cloudy,2,adult,accelerating
video_0318,1,210,259,239,30,0,False,0,street,daytime,cloudy,2,adult,accelerating
video_0318,1,220,269,239,20,0,False,0,street,daytime,cloudy,2,adult,accelerating
video_0318,1,230,279,239,10,0,False,0,street,daytime,cloudy,2,adult,accelerating
video_0319,0,0,49,49,50,4,False,2,street,daytime,cloudy,2,adult,decelerating
video_0319,0,10,59,59,50,1,False,2,street,daytime,cloudy,2,adult,decelerating
video_0319,0,20,69,69,50,0,False,2,street,daytime,cloudy,2,adult,decelerating
video_0319,0,30,79,79,50,0,False,1,street,daytime,cloudy,2,adult,decelerating
video_0319,0,40,89,89,50,0,False,1,street,daytime,cloudy,2,adult,decelerating
video_0319,0,50,99,99,50,0,False,1,street,daytime,cloudy,2,adult,decelerating
video_0319,0,60,109,109,50,0,False,1,street,daytime,cloudy,2,adult,decelerating
video_0319,0,70,119,119,50,0,False,1,street,daytime,cloudy,2,adult,decelerating
video_0319,0,80,129,119,40,0,False,1,street,daytime,cloudy,2,adult,decelerating
video_0319,0,90,139,119,30,0,False,1,street,daytime,cloudy,2,adult,decelerating
video_0319,0,100,149,119,20,0,False,1,street,daytime,cloudy,2,adult,decelerating
video_0319,0,110,159,119,10,0,False,1,street,daytime,cloudy,2,adult,decelerating
video_0319,1,0,49,29,30,4,False,2,street,daytime,cloudy,2,adult,decelerating
video_0319,1,10,59,29,20,1,False,2,street,daytime,cloudy,2,adult,decelerating
video_0319,1,20,69,29,10,0,False,2,street,daytime,cloudy,2,adult,decelerating
video_0320,0,0,49,49,50,0,False,1,street,daytime,cloudy,1,adult,decelerating
video_0320,0,10,59,59,50,0,False,1,street,daytime,cloudy,1,adult,decelerating
video_0320,0,20,69,69,50,10,False,2,street,daytime,cloudy,1,adult,decelerating
video_0320,0,30,79,79,50,20,False,2,street,daytime,cloudy,1,adult,decelerating
video_0320,0,40,89,89,50,30,True,2,street,daytime,cloudy,1,adult,decelerating
video_0320,0,50,99,99,50,40,True,2,street,daytime,cloudy,1,adult,accelerating
video_0320,0,60,109,109,50,48,True,2,street,daytime,cloudy,1,adult,accelerating
video_0320,0,70,119,119,50,45,True,2,street,daytime,cloudy,1,adult,accelerating
video_0320,0,80,129,129,50,41,True,2,street,daytime,cloudy,1,adult,accelerating
video_0320,0,90,139,139,50,41,True,2,street,daytime,cloudy,1,adult,decelerating
video_0320,0,100,149,149,50,35,True,2,street,daytime,cloudy,1,adult,decelerating
video_0320,0,110,159,159,50,27,True,2,street,daytime,cloudy,1,adult,decelerating
video_0320,0,120,169,169,50,20,False,2,street,daytime,cloudy,1,adult,decelerating
video_0320,0,130,179,179,50,14,False,2,street,daytime,cloudy,1,adult,decelerating
video_0320,0,140,189,179,40,4,False,2,street,daytime,cloudy,1,adult,decelerating
video_0320,0,150,199,179,30,0,False,0,street,daytime,cloudy,1,adult,decelerating
video_0320,0,160,209,179,20,0,False,0,street,daytime,cloudy,1,adult,decelerating
video_0320,0,170,219,179,10,0,False,0,street,daytime,cloudy,1,adult,decelerating
video_0320,1,30,79,79,50,50,True,2,street,daytime,cloudy,1,adult,decelerating
video_0320,1,40,89,89,50,50,True,2,street,daytime,cloudy,1,adult,decelerating
video_0320,1,50,99,99,50,50,True,2,street,daytime,cloudy,1,adult,accelerating
video_0320,1,60,109,109,50,48,True,2,street,daytime,cloudy,1,adult,accelerating
video_0320,1,70,119,119,50,45,True,2,street,daytime,cloudy,1,adult,accelerating
video_0320,1,80,129,129,50,41,True,2,street,daytime,cloudy,1,adult,accelerating
video_0320,1,90,139,139,50,41,True,2,street,daytime,cloudy,1,adult,decelerating
video_0320,1,100,149,149,50,35,True,2,street,daytime,cloudy,1,adult,decelerating
video_0320,1,110,159,149,40,27,True,2,street,daytime,cloudy,1,adult,decelerating
video_0320,1,120,169,149,30,20,False,2,street,daytime,cloudy,1,adult,decelerating
video_0320,1,130,179,149,20,14,False,2,street,daytime,cloudy,1,adult,decelerating
video_0320,1,140,189,149,10,4,False,2,street,daytime,cloudy,1,adult,decelerating
video_0321,0,0,49,49,50,50,True,2,street,daytime,cloudy,4,senior,decelerating
video_0321,0,10,59,59,50,50,True,2,street,daytime,cloudy,4,senior,decelerating
video_0321,0,20,69,69,50,40,True,2,street,daytime,cloudy,4,senior,decelerating
video_0321,0,30,79,79,50,30,True,2,street,daytime,cloudy,4,senior,decelerating
video_0321,0,40,89,89,50,20,False,2,street,daytime,cloudy,4,senior,decelerating
video_0321,0,50,99,99,50,19,False,2,street,daytime,cloudy,4,senior,decelerating
video_0321,0,60,109,109,50,19,False,2,street,daytime,cloudy,4,senior,decelerating
video_0321,0,70,119,119,50,28,True,2,street,daytime,cloudy,4,senior,decelerating
video_0321,0,80,129,119,40,28,True,2,street,daytime,cloudy,4,senior,decelerating
video_0321,0,90,139,119,30,28,True,2,street,daytime,cloudy,4,senior,decelerating
video_0321,0,100,149,119,20,19,False,2,street,daytime,cloudy,4,senior,decelerating
video_0321,0,110,159,119,10,9,False,2,street,daytime,cloudy,4,senior,decelerating
video_0321,1,30,79,79,50,50,True,2,street,daytime,cloudy,4,senior,decelerating
video_0321,1,40,89,89,50,50,True,2,street,daytime,cloudy,4,senior,decelerating
video_0321,1,50,99,99,50,49,True,2,street,daytime,cloudy,4,senior,decelerating
video_0321,1,60,109,109,50,49,True,2,street,daytime,cloudy,4,senior,decelerating
video_0321,1,70,119,119,50,48,True,2,street,daytime,cloudy,4,senior,decelerating
video_0321,1,80,129,119,40,38,True,2,street,daytime,cloudy,4,senior,decelerating
video_0321,1,90,139,119,30,28,True,2,street,daytime,cloudy,4,senior,decelerating
video_0321,1,100,149,119,20,19,False,2,street,daytime,cloudy,4,senior,decelerating
video_0321,1,110,159,119,10,9,False,2,street,daytime,cloudy,4,senior,decelerating
video_0322,0,0,49,29,30,1,False,2,street,daytime,cloudy,2,adult,decelerating
video_0322,0,10,59,29,20,0,False,2,street,daytime,cloudy,2,adult,decelerating
video_0322,0,20,69,29,10,0,False,2,street,daytime,cloudy,2,adult,decelerating
video_0322,0,50,99,99,10,0,False,1,street,daytime,cloudy,2,adult,decelerating
video_0322,0,60,109,109,20,0,False,1,street,daytime,cloudy,2,adult,accelerating
video_0322,0,70,119,119,30,0,False,1,street,daytime,cloudy,2,adult,accelerating
video_0322,0,80,129,119,30,0,False,1,street,daytime,cloudy,2,adult,accelerating
video_0322,0,90,139,119,30,0,False,1,street,daytime,cloudy,2,adult,accelerating
video_0322,0,100,149,119,20,0,False,1,street,daytime,cloudy,2,adult,accelerating
video_0322,0,110,159,159,20,0,False,1,street,daytime,cloudy,2,adult,decelerating
video_0322,0,120,169,169,20,0,False,1,street,daytime,cloudy,2,adult,decelerating
video_0322,0,130,179,179,30,0,False,1,street,daytime,cloudy,2,adult,decelerating
video_0322,0,140,189,189,40,0,False,1,street,daytime,cloudy,2,adult,decelerating
video_0322,0,150,199,199,50,0,False,1,street,daytime,cloudy,2,adult,accelerating
video_0322,0,160,209,209,50,0,False,1,street,daytime,cloudy,2,adult,accelerating
video_0322,0,170,219,219,50,0,False,2,street,daytime,cloudy,2,adult,accelerating
video_0322,0,180,229,229,50,0,False,2,street,daytime,cloudy,2,adult,accelerating
video_0322,0,190,239,239,50,0,False,2,street,daytime,cloudy,2,adult,accelerating
video_0322,0,200,249,249,50,0,False,2,street,daytime,cloudy,2,adult,accelerating
video_0322,0,210,259,259,50,0,False,2,street,daytime,cloudy,2,adult,accelerating
video_0322,0,220,269,269,50,0,False,2,street,daytime,cloudy,2,adult,accelerating
video_0322,0,230,279,269,40,0,False,2,street,daytime,cloudy,2,adult,accelerating
video_0322,0,240,289,269,30,0,False,1,street,daytime,cloudy,2,adult,accelerating
video_0322,0,250,299,269,20,0,False,1,street,daytime,cloudy,2,adult,accelerating
video_0322,0,260,309,269,10,0,False,1,street,daytime,cloudy,2,adult,accelerating
video_0322,1,0,49,29,30,1,False,2,street,daytime,cloudy,2,adult,decelerating
video_0322,1,10,59,29,20,0,False,2,street,daytime,cloudy,2,adult,decelerating
video_0322,1,20,69,29,10,0,False,2,street,daytime,cloudy,2,adult,decelerating
video_0322,1,170,219,219,10,0,False,2,street,daytime,cloudy,2,adult,accelerating
video_0322,1,180,229,229,20,0,False,2,street,daytime,cloudy,2,adult,accelerating
video_0322,1,190,239,239,30,0,False,2,street,daytime,cloudy,2,adult,accelerating
video_0322,1,200,249,239,30,0,False,2,street,daytime,cloudy,2,adult,accelerating
video_0322,1,210,259,239,30,0,False,2,street,daytime,cloudy,2,adult,accelerating
video_0322,1,220,269,239,20,0,False,2,street,daytime,cloudy,2,adult,accelerating
video_0322,1,230,279,239,10,0,False,2,street,daytime,cloudy,2,adult,accelerating
video_0323,0,0,49,29,30,0,False,0,street,daytime,cloudy,,,decelerating
video_0323,0,10,59,29,20,0,False,0,street,daytime,cloudy,,,decelerating
video_0323,0,20,69,29,10,0,False,0,street,daytime,cloudy,,,decelerating
video_0324,0,90,139,139,50,0,False,2,street,daytime,clear,2,"adult,senior",decelerating
video_0324,0,100,149,149,50,0,False,2,street,daytime,clear,2,"adult,senior",decelerating
video_0324,0,110,159,149,40,0,False,2,street,daytime,clear,2,"adult,senior",decelerating
video_0324,0,120,169,149,30,0,False,2,street,daytime,clear,2,"adult,senior",decelerating
video_0324,0,130,179,149,20,0,False,2,street,daytime,clear,2,"adult,senior",decelerating
video_0324,0,140,189,149,10,0,False,2,street,daytime,clear,2,"adult,senior",decelerating
video_0324,1,120,169,149,30,0,False,2,street,daytime,clear,2,"adult,senior",decelerating
video_0324,1,130,179,149,20,0,False,2,street,daytime,clear,2,"adult,senior",decelerating
video_0324,1,140,189,149,10,0,False,2,street,daytime,clear,2,"adult,senior",decelerating
video_0325,0,30,79,79,50,0,False,1,street,daytime,clear,4,senior,decelerating
video_0325,0,40,89,89,50,0,False,1,street,daytime,clear,4,senior,decelerating
video_0325,0,50,99,99,50,0,False,2,street,daytime,clear,4,senior,decelerating
video_0325,0,60,109,109,50,0,False,2,street,daytime,clear,4,senior,decelerating
video_0325,0,70,119,119,50,0,False,2,street,daytime,clear,4,senior,decelerating
video_0325,0,80,129,129,50,0,False,2,street,daytime,clear,4,senior,decelerating
video_0325,0,90,139,139,50,0,False,1,street,daytime,clear,4,senior,decelerating
video_0325,0,100,149,149,50,0,False,1,street,daytime,clear,4,senior,decelerating
video_0325,0,110,159,149,40,0,False,1,street,daytime,clear,4,senior,decelerating
video_0325,0,120,169,149,30,0,False,1,street,daytime,clear,4,senior,decelerating
video_0325,0,130,179,149,20,0,False,1,street,daytime,clear,4,senior,decelerating
video_0325,0,140,189,149,10,0,False,1,street,daytime,clear,4,senior,decelerating
video_0325,1,90,139,139,50,0,False,1,street,daytime,clear,4,senior,decelerating
video_0325,1,100,149,149,50,0,False,1,street,daytime,clear,4,senior,decelerating
video_0325,1,110,159,149,40,0,False,1,street,daytime,clear,4,senior,decelerating
video_0325,1,120,169,149,30,0,False,1,street,daytime,clear,4,senior,decelerating
video_0325,1,130,179,149,20,0,False,1,street,daytime,clear,4,senior,decelerating
video_0325,1,140,189,149,10,0,False,1,street,daytime,clear,4,senior,decelerating
video_0326,0,0,49,29,30,0,False,1,street,daytime,clear,3,adult,decelerating
video_0326,0,10,59,29,20,0,False,1,street,daytime,clear,3,adult,decelerating
video_0326,0,20,69,69,20,0,False,1,street,daytime,clear,3,adult,decelerating
video_0326,0,30,79,79,20,0,False,1,street,daytime,clear,3,adult,decelerating
video_0326,0,40,89,89,30,0,False,1,street,daytime,clear,3,adult,decelerating
video_0326,0,50,99,99,40,0,False,2,street,daytime,clear,3,adult,decelerating
video_0326,0,60,109,109,50,0,False,2,street,daytime,clear,3,adult,decelerating
video_0326,0,70,119,119,50,0,False,2,street,daytime,clear,3,adult,decelerating
video_0326,0,80,129,129,50,0,False,2,street,daytime,clear,3,adult,decelerating
video_0326,0,90,139,139,50,0,False,2,street,daytime,clear,3,adult,decelerating
video_0326,0,100,149,149,50,0,False,2,street,daytime,clear,3,adult,decelerating
video_0326,0,110,159,159,50,0,False,2,street,daytime,clear,3,adult,decelerating
video_0326,0,120,169,169,50,0,False,1,street,daytime,clear,3,adult,decelerating
video_0326,0,130,179,179,50,7,False,1,street,daytime,clear,3,adult,decelerating
video_0326,0,140,189,179,40,7,False,1,street,daytime,clear,3,adult,decelerating
video_0326,0,150,199,179,30,7,False,1,street,daytime,clear,3,adult,decelerating
video_0326,0,160,209,179,20,7,False,1,street,daytime,clear,3,adult,decelerating
video_0326,0,170,219,179,10,7,False,1,street,daytime,clear,3,adult,decelerating
video_0326,1,60,109,109,50,0,False,2,street,daytime,clear,3,adult,decelerating
video_0326,1,70,119,119,50,0,False,2,street,daytime,clear,3,adult,decelerating
video_0326,1,80,129,119,40,0,False,2,street,daytime,clear,3,adult,decelerating
video_0326,1,90,139,119,30,0,False,2,street,daytime,clear,3,adult,decelerating
video_0326,1,100,149,119,20,0,False,2,street,daytime,clear,3,adult,decelerating
video_0326,1,110,159,119,10,0,False,2,street,daytime,clear,3,adult,decelerating
video_0327,0,0,49,49,50,4,False,2,street,daytime,clear,2,"adult,child",decelerating
video_0327,0,10,59,59,50,2,False,2,street,daytime,clear,2,"adult,child",decelerating
video_0327,0,20,69,69,50,2,False,2,street,daytime,clear,2,"adult,child",decelerating
video_0327,0,30,79,79,50,12,False,2,street,daytime,clear,2,"adult,child",decelerating
video_0327,0,40,89,89,50,18,False,2,street,daytime,clear,2,"adult,child",decelerating
video_0327,0,50,99,99,50,18,False,2,street,daytime,clear,2,"adult,child",decelerating
video_0327,0,60,109,109,50,18,False,1,street,daytime,clear,2,"adult,child",decelerating
video_0327,0,70,119,119,50,16,False,1,street,daytime,clear,2,"adult,child",accelerating
video_0327,0,80,129,129,50,7,False,1,street,daytime,clear,2,"adult,child",accelerating
video_0327,0,90,139,139,50,1,False,1,street,daytime,clear,2,"adult,child",accelerating
video_0327,0,100,149,149,50,4,False,1,street,daytime,clear,2,"adult,child",accelerating
video_0327,0,110,159,149,40,4,False,1,street,daytime,clear,2,"adult,child",accelerating
video_0327,0,120,169,149,30,4,False,1,street,daytime,clear,2,"adult,child",accelerating
video_0327,0,130,179,149,20,3,False,1,street,daytime,clear,2,"adult,child",accelerating
video_0327,0,140,189,149,10,3,False,1,street,daytime,clear,2,"adult,child",accelerating
video_0327,1,30,79,59,30,4,False,2,street,daytime,clear,2,"adult,child",decelerating
video_0327,1,40,89,59,20,4,False,2,street,daytime,clear,2,"adult,child",decelerating
video_0327,1,50,99,99,20,4,False,2,street,daytime,clear,2,"adult,child",decelerating
video_0327,1,60,109,109,20,0,False,1,street,daytime,clear,2,"adult,child",decelerating
video_0327,1,70,119,119,30,0,False,1,street,daytime,clear,2,"adult,child",accelerating
video_0327,1,80,129,119,30,0,False,1,street,daytime,clear,2,"adult,child",accelerating
video_0327,1,90,139,119,30,0,False,1,street,daytime,clear,2,"adult,child",accelerating
video_0327,1,100,149,119,20,0,False,1,street,daytime,clear,2,"adult,child",accelerating
video_0327,1,110,159,119,10,0,False,1,street,daytime,clear,2,"adult,child",accelerating
video_0329,0,0,49,49,50,0,False,0,street,daytime,clear,2,adult,accelerating
video_0329,0,10,59,59,50,0,False,0,street,daytime,clear,2,adult,accelerating
video_0329,0,20,69,69,50,0,False,0,street,daytime,clear,2,adult,accelerating
video_0329,0,30,79,79,50,0,False,0,street,daytime,clear,2,adult,accelerating
video_0329,0,40,89,89,50,0,False,0,street,daytime,clear,2,adult,decelerating
video_0329,0,50,99,89,40,0,False,0,street,daytime,clear,2,adult,decelerating
video_0329,0,60,109,89,30,0,False,0,street,daytime,clear,2,adult,decelerating
video_0329,0,70,119,89,20,0,False,0,street,daytime,clear,2,adult,decelerating
video_0329,0,80,129,89,10,0,False,0,street,daytime,clear,2,adult,decelerating
video_0329,0,110,159,159,10,2,False,2,street,daytime,clear,2,adult,decelerating
video_0329,0,120,169,169,20,12,False,2,street,daytime,clear,2,adult,decelerating
video_0329,0,130,179,179,30,22,False,2,street,daytime,clear,2,adult,decelerating
video_0329,0,140,189,189,40,22,False,2,street,daytime,clear,2,adult,stopped
video_0329,0,150,199,199,50,22,False,2,street,daytime,clear,2,adult,stopped
video_0329,0,160,209,209,50,20,False,2,street,daytime,clear,2,adult,stopped
video_0329,0,170,219,219,50,13,False,2,street,daytime,clear,2,adult,stopped
video_0329,0,180,229,229,50,11,False,2,street,daytime,clear,2,adult,stopped
video_0329,0,190,239,239,50,14,False,2,street,daytime,clear,2,adult,stopped
video_0329,0,200,249,249,50,22,False,2,street,daytime,clear,2,adult,stopped
video_0329,0,210,259,259,50,32,True,2,street,daytime,clear,2,adult,stopped
video_0329,0,220,269,269,50,39,True,2,street,daytime,clear,2,adult,stopped
video_0329,0,230,279,279,50,40,True,2,street,daytime,clear,2,adult,stopped
video_0329,0,240,289,289,50,45,True,1,street,daytime,clear,2,adult,accelerating
video_0329,0,250,299,299,50,39,True,1,street,daytime,clear,2,adult,accelerating
video_0329,0,260,309,309,50,38,True,2,street,daytime,clear,2,adult,accelerating
video_0329,0,270,319,319,50,38,True,2,street,daytime,clear,2,adult,accelerating
video_0329,0,280,329,329,50,33,True,2,street,daytime,clear,2,adult,accelerating
video_0329,0,290,339,329,40,25,True,2,street,daytime,clear,2,adult,accelerating
video_0329,0,300,349,329,30,23,False,2,street,daytime,clear,2,adult,accelerating
video_0329,0,310,359,329,20,14,False,2,street,daytime,clear,2,adult,accelerating
video_0329,0,320,369,329,10,4,False,2,street,daytime,clear,2,adult,accelerating
video_0329,1,150,199,199,50,27,True,2,street,daytime,clear,2,adult,stopped
video_0329,1,160,209,209,50,31,True,2,street,daytime,clear,2,adult,stopped
video_0329,1,170,219,219,50,24,False,2,street,daytime,clear,2,adult,stopped
video_0329,1,180,229,229,50,22,False,2,street,daytime,clear,2,adult,stopped
video_0329,1,190,239,239,50,21,False,2,street,daytime,clear,2,adult,stopped
video_0329,1,200,249,239,40,20,False,2,street,daytime,clear,2,adult,stopped
video_0329,1,210,259,239,30,14,False,2,street,daytime,clear,2,adult,stopped
video_0329,1,220,269,239,20,11,False,2,street,daytime,clear,2,adult,stopped
video_0329,1,230,279,239,10,3,False,2,street,daytime,clear,2,adult,stopped
video_0329,1,260,309,309,10,9,False,2,street,daytime,clear,2,adult,accelerating
video_0329,1,270,319,319,20,19,False,2,street,daytime,clear,2,adult,accelerating
video_0329,1,280,329,329,30,23,False,2,street,daytime,clear,2,adult,accelerating
video_0329,1,290,339,329,30,23,False,2,street,daytime,clear,2,adult,accelerating
video_0329,1,300,349,329,30,23,False,2,street,daytime,clear,2,adult,accelerating
video_0329,1,310,359,329,20,14,False,2,street,daytime,clear,2,adult,accelerating
video_0329,1,320,369,329,10,4,False,2,street,daytime,clear,2,adult,accelerating
video_0330,0,30,79,79,50,43,True,1,street,daytime,clear,2,"adult,senior",decelerating
video_0330,0,40,89,89,50,37,True,1,street,daytime,clear,2,"adult,senior",decelerating
video_0330,0,50,99,99,50,27,True,2,street,daytime,clear,2,"adult,senior",decelerating
video_0330,0,60,109,109,50,17,False,2,street,daytime,clear,2,"adult,senior",decelerating
video_0330,0,70,119,119,50,7,False,2,street,daytime,clear,2,"adult,senior",decelerating
video_0330,0,80,129,119,40,4,False,2,street,daytime,clear,2,"adult,senior",decelerating
video_0330,0,90,139,119,30,0,False,1,street,daytime,clear,2,"adult,senior",decelerating
video_0330,0,100,149,119,20,0,False,1,street,daytime,clear,2,"adult,senior",decelerating
video_0330,0,110,159,119,10,0,False,1,street,daytime,clear,2,"adult,senior",decelerating
video_0330,1,90,139,119,30,9,False,1,street,daytime,clear,2,"adult,senior",decelerating
video_0330,1,100,149,119,20,5,False,1,street,daytime,clear,2,"adult,senior",decelerating
video_0330,1,110,159,119,10,5,False,1,street,daytime,clear,2,"adult,senior",decelerating
video_0331,0,0,49,49,50,30,True,2,street,daytime,clear,2,"adult,senior",decelerating
video_0331,0,10,59,59,50,20,False,2,street,daytime,clear,2,"adult,senior",stopped
video_0331,0,20,69,69,50,10,False,2,street,daytime,clear,2,"adult,senior",stopped
video_0331,0,30,79,79,50,0,False,1,street,daytime,clear,2,"adult,senior",stopped
video_0331,0,40,89,89,50,0,False,1,street,daytime,clear,2,"adult,senior",stopped
video_0331,0,50,99,99,50,0,False,1,street,daytime,clear,2,"adult,senior",stopped
video_0331,0,60,109,109,50,0,False,0,street,daytime,clear,2,"adult,senior",stopped
video_0331,0,70,119,119,50,0,False,0,street,daytime,clear,2,"adult,senior",stopped
video_0331,0,80,129,129,50,0,False,1,street,daytime,clear,2,"adult,senior",stopped
video_0331,0,90,139,139,50,0,False,1,street,daytime,clear,2,"adult,senior",stopped
video_0331,0,100,149,149,50,0,False,1,street,daytime,clear,2,"adult,senior",stopped
video_0331,0,110,159,159,50,10,False,2,street,daytime,clear,2,"adult,senior",stopped
video_0331,0,120,169,169,50,20,False,2,street,daytime,clear,2,"adult,senior",stopped
video_0331,0,130,179,179,50,30,True,2,street,daytime,clear,2,"adult,senior",stopped
video_0331,0,140,189,189,50,40,True,2,street,daytime,clear,2,"adult,senior",stopped
video_0331,0,150,199,199,50,50,True,2,street,daytime,clear,2,"adult,senior",stopped
video_0331,0,160,209,209,50,50,True,2,street,daytime,clear,2,"adult,senior",stopped
video_0331,0,170,219,219,50,50,True,2,street,daytime,clear,2,"adult,senior",stopped
video_0331,0,180,229,229,50,50,True,2,street,daytime,clear,2,"adult,senior",stopped
video_0331,0,190,239,239,50,50,True,2,street,daytime,clear,2,"adult,senior",stopped
video_0331,0,200,249,249,50,50,True,2,street,daytime,clear,2,"adult,senior",stopped
video_0331,0,210,259,259,50,50,True,2,street,daytime,clear,2,"adult,senior",stopped
video_0331,0,220,269,269,50,50,True,2,street,daytime,clear,2,"adult,senior",stopped
video_0331,0,230,279,279,50,40,True,2,street,daytime,clear,2,"adult,senior",stopped
video_0331,0,240,289,289,50,30,True,2,street,daytime,clear,2,"adult,senior",stopped
video_0331,0,250,299,299,50,20,False,2,street,daytime,clear,2,"adult,senior",accelerating
video_0331,0,260,309,299,40,10,False,2,street,daytime,clear,2,"adult,senior",accelerating
video_0331,0,270,319,299,30,0,False,1,street,daytime,clear,2,"adult,senior",accelerating
video_0331,0,280,329,299,20,0,False,1,street,daytime,clear,2,"adult,senior",accelerating
video_0331,0,290,339,299,10,0,False,1,street,daytime,clear,2,"adult,senior",accelerating
video_0331,1,0,49,49,50,50,True,2,street,daytime,clear,2,"adult,senior",decelerating
video_0331,1,10,59,59,50,50,True,2,street,daytime,clear,2,"adult,senior",stopped
video_0331,1,20,69,69,50,40,True,2,street,daytime,clear,2,"adult,senior",stopped
video_0331,1,30,79,79,50,30,True,1,street,daytime,clear,2,"adult,senior",stopped
video_0331,1,40,89,89,50,20,False,1,street,daytime,clear,2,"adult,senior",stopped
video_0331,1,50,99,99,50,10,False,1,street,daytime,clear,2,"adult,senior",stopped
video_0331,1,60,109,109,50,0,False,0,street,daytime,clear,2,"adult,senior",stopped
video_0331,1,70,119,119,50,0,False,0,street,daytime,clear,2,"adult,senior",stopped
video_0331,1,80,129,129,50,10,False,1,street,daytime,clear,2,"adult,senior",stopped
video_0331,1,90,139,139,50,20,False,1,street,daytime,clear,2,"adult,senior",stopped
video_0331,1,100,149,149,50,30,True,1,street,daytime,clear,2,"adult,senior",stopped
video_0331,1,110,159,159,50,30,True,2,street,daytime,clear,2,"adult,senior",stopped
video_0331,1,120,169,169,50,30,True,2,street,daytime,clear,2,"adult,senior",stopped
video_0331,1,130,179,179,50,20,False,2,street,daytime,clear,2,"adult,senior",stopped
video_0331,1,140,189,189,50,20,False,2,street,daytime,clear,2,"adult,senior",stopped
video_0331,1,150,199,199,50,20,False,2,street,daytime,clear,2,"adult,senior",stopped
video_0331,1,160,209,209,50,30,True,2,street,daytime,clear,2,"adult,senior",stopped
video_0331,1,170,219,219,50,40,True,2,street,daytime,clear,2,"adult,senior",stopped
video_0331,1,180,229,229,50,50,True,2,street,daytime,clear,2,"adult,senior",stopped
video_0331,1,190,239,239,50,50,True,2,street,daytime,clear,2,"adult,senior",stopped
video_0331,1,200,249,249,50,50,True,2,street,daytime,clear,2,"adult,senior",stopped
video_0331,1,210,259,259,50,50,True,2,street,daytime,clear,2,"adult,senior",stopped
video_0331,1,220,269,269,50,50,True,2,street,daytime,clear,2,"adult,senior",stopped
video_0331,1,230,279,279,50,50,True,2,street,daytime,clear,2,"adult,senior",stopped
video_0331,1,240,289,289,50,50,True,2,street,daytime,clear,2,"adult,senior",stopped
video_0331,1,250,299,299,50,50,True,2,street,daytime,clear,2,"adult,senior",accelerating
video_0331,1,260,309,299,40,40,True,2,street,daytime,clear,2,"adult,senior",accelerating
video_0331,1,270,319,299,30,30,True,1,street,daytime,clear,2,"adult,senior",accelerating
video_0331,1,280,329,299,20,20,False,1,street,daytime,clear,2,"adult,senior",accelerating
video_0331,1,290,339,299,10,10,False,1,street,daytime,clear,2,"adult,senior",accelerating
video_0332,0,30,79,79,50,50,True,2,street,daytime,cloudy,2,adult,stopped
video_0332,0,40,89,89,50,50,True,2,street,daytime,cloudy,2,adult,stopped
video_0332,0,50,99,99,50,50,True,2,street,daytime,cloudy,2,adult,stopped
video_0332,0,60,109,109,50,50,True,2,street,daytime,cloudy,2,adult,stopped
video_0332,0,70,119,119,50,50,True,2,street,daytime,cloudy,2,adult,stopped
video_0332,0,80,129,119,40,40,True,2,street,daytime,cloudy,2,adult,stopped
video_0332,0,90,139,119,30,30,True,1,street,daytime,cloudy,2,adult,stopped
video_0332,0,100,149,119,20,20,False,1,street,daytime,cloudy,2,adult,stopped
video_0332,0,110,159,159,20,19,False,1,street,daytime,cloudy,2,adult,accelerating
video_0332,0,120,169,169,20,19,False,1,street,daytime,cloudy,2,adult,accelerating
video_0332,0,130,179,179,30,29,True,1,street,daytime,cloudy,2,adult,accelerating
video_0332,0,140,189,189,40,39,True,2,street,daytime,cloudy,2,adult,accelerating
video_0332,0,150,199,199,50,49,True,2,street,daytime,cloudy,2,adult,accelerating
video_0332,0,160,209,209,50,50,True,2,street,daytime,cloudy,2,adult,accelerating
video_0332,0,170,219,219,50,50,True,2,street,daytime,cloudy,2,adult,accelerating
video_0332,0,180,229,229,50,50,True,2,street,daytime,cloudy,2,adult,accelerating
video_0332,0,190,239,239,50,40,True,2,street,daytime,cloudy,2,adult,decelerating
video_0332,0,200,249,249,50,32,True,2,street,daytime,cloudy,2,adult,decelerating
video_0332,0,210,259,259,50,26,True,2,street,daytime,cloudy,2,adult,decelerating
video_0332,0,220,269,269,50,25,True,2,street,daytime,cloudy,2,adult,accelerating
video_0332,0,230,279,269,40,15,False,2,street,daytime,cloudy,2,adult,accelerating
video_0332,0,240,289,269,30,15,False,2,street,daytime,cloudy,2,adult,accelerating
video_0332,0,250,299,269,20,13,False,2,street,daytime,cloudy,2,adult,accelerating
video_0332,0,260,309,269,10,9,False,2,street,daytime,cloudy,2,adult,accelerating
video_0332,1,60,109,89,30,30,True,2,street,daytime,cloudy,2,adult,stopped
video_0332,1,70,119,89,20,20,False,2,street,daytime,cloudy,2,adult,stopped
video_0332,1,80,129,89,10,10,False,2,street,daytime,cloudy,2,adult,stopped
video_0332,1,140,189,189,10,10,False,2,street,daytime,cloudy,2,adult,accelerating
video_0332,1,150,199,199,20,20,False,2,street,daytime,cloudy,2,adult,accelerating
video_0332,1,160,209,209,30,30,True,2,street,daytime,cloudy,2,adult,accelerating
video_0332,1,170,219,219,40,40,True,2,street,daytime,cloudy,2,adult,accelerating
video_0332,1,180,229,229,50,50,True,2,street,daytime,cloudy,2,adult,accelerating
video_0332,1,190,239,239,50,40,True,2,street,daytime,cloudy,2,adult,decelerating
video_0332,1,200,249,249,50,32,True,2,street,daytime,cloudy,2,adult,decelerating
video_0332,1,210,259,259,50,26,True,2,street,daytime,cloudy,2,adult,decelerating
video_0332,1,220,269,269,50,25,True,2,street,daytime,cloudy,2,adult,accelerating
video_0332,1,230,279,269,40,15,False,2,street,daytime,cloudy,2,adult,accelerating
video_0332,1,240,289,269,30,15,False,2,street,daytime,cloudy,2,adult,accelerating
video_0332,1,250,299,269,20,13,False,2,street,daytime,cloudy,2,adult,accelerating
video_0332,1,260,309,269,10,9,False,2,street,daytime,cloudy,2,adult,accelerating
video_0333,0,0,49,49,50,0,False,0,street,daytime,cloudy,3,adult,decelerating
video_0333,0,10,59,59,50,0,False,0,street,daytime,cloudy,3,adult,decelerating
video_0333,0,20,69,69,50,0,False,1,street,daytime,cloudy,3,adult,decelerating
video_0333,0,30,79,79,50,0,False,1,street,daytime,cloudy,3,adult,decelerating
video_0333,0,40,89,89,50,0,False,1,street,daytime,cloudy,3,adult,decelerating
video_0333,0,50,99,99,50,0,False,1,street,daytime,cloudy,3,adult,decelerating
video_0333,0,60,109,109,50,0,False,1,street,daytime,cloudy,3,adult,decelerating
video_0333,0,70,119,119,50,0,False,1,street,daytime,cloudy,3,adult,accelerating
video_0333,0,80,129,129,50,0,False,2,street,daytime,cloudy,3,adult,accelerating
video_0333,0,90,139,139,50,0,False,2,street,daytime,cloudy,3,adult,accelerating
video_0333,0,100,149,149,50,0,False,2,street,daytime,cloudy,3,adult,accelerating
video_0333,0,110,159,159,50,0,False,2,street,daytime,cloudy,3,adult,decelerating
video_0333,0,120,169,169,50,0,False,2,street,daytime,cloudy,3,adult,decelerating
video_0333,0,130,179,179,50,0,False,2,street,daytime,cloudy,3,adult,decelerating
video_0333,0,140,189,189,50,0,False,2,street,daytime,cloudy,3,adult,decelerating
video_0333,0,150,199,199,50,0,False,1,street,daytime,cloudy,3,adult,decelerating
video_0333,0,160,209,209,50,0,False,1,street,daytime,cloudy,3,adult,decelerating
video_0333,0,170,219,209,40,0,False,1,street,daytime,cloudy,3,adult,decelerating
video_0333,0,180,229,209,30,0,False,1,street,daytime,cloudy,3,adult,decelerating
video_0333,0,190,239,209,20,0,False,1,street,daytime,cloudy,3,adult,decelerating
video_0333,0,200,249,209,10,0,False,1,street,daytime,cloudy,3,adult,decelerating
video_0333,1,120,169,149,30,0,False,2,street,daytime,cloudy,3,adult,accelerating
video_0333,1,130,179,149,20,0,False,2,street,daytime,cloudy,3,adult,accelerating
video_0333,1,140,189,149,10,0,False,2,street,daytime,cloudy,3,adult,accelerating
video_0334,0,0,49,49,50,50,True,2,street,daytime,cloudy,2,"adult,senior",decelerating
video_0334,0,10,59,59,50,50,True,2,street,daytime,cloudy,2,"adult,senior",decelerating
video_0334,0,20,69,69,50,40,True,2,street,daytime,cloudy,2,"adult,senior",decelerating
video_0334,0,30,79,79,50,30,True,2,street,daytime,cloudy,2,"adult,senior",decelerating
video_0334,0,40,89,89,50,20,False,2,street,daytime,cloudy,2,"adult,senior",decelerating
video_0334,0,50,99,99,50,20,False,2,street,daytime,cloudy,2,"adult,senior",decelerating
video_0334,0,60,109,109,50,20,False,2,street,daytime,cloudy,2,"adult,senior",stopped
video_0334,0,70,119,119,50,30,True,2,street,daytime,cloudy,2,"adult,senior",stopped
video_0334,0,80,129,129,50,40,True,2,street,daytime,cloudy,2,"adult,senior",stopped
video_0334,0,90,139,139,50,50,True,2,street,daytime,cloudy,2,"adult,senior",stopped
video_0334,0,100,149,149,50,50,True,2,street,daytime,cloudy,2,"adult,senior",stopped
video_0334,0,110,159,159,50,50,True,2,street,daytime,cloudy,2,"adult,senior",stopped
video_0334,0,120,169,169,50,50,True,2,street,daytime,cloudy,2,"adult,senior",stopped
video_0334,0,130,179,179,50,50,True,2,street,daytime,cloudy,2,"adult,senior",stopped
video_0334,0,140,189,189,50,50,True,2,street,daytime,cloudy,2,"adult,senior",stopped
video_0334,0,150,199,199,50,50,True,2,street,daytime,cloudy,2,"adult,senior",stopped
video_0334,0,160,209,209,50,50,True,2,street,daytime,cloudy,2,"adult,senior",stopped
video_0334,0,170,219,219,50,50,True,2,street,daytime,cloudy,2,"adult,senior",stopped
video_0334,0,180,229,229,50,50,True,2,street,daytime,cloudy,2,"adult,senior",accelerating
video_0334,0,190,239,239,50,50,True,2,street,daytime,cloudy,2,"adult,senior",accelerating
video_0334,0,200,249,249,50,50,True,2,street,daytime,cloudy,2,"adult,senior",accelerating
video_0334,0,210,259,259,50,50,True,2,street,daytime,cloudy,2,"adult,senior",accelerating
video_0334,0,220,269,269,50,50,True,2,street,daytime,cloudy,2,"adult,senior",accelerating
video_0334,0,230,279,279,50,40,True,2,street,daytime,cloudy,2,"adult,senior",accelerating
video_0334,0,240,289,289,50,30,True,2,street,daytime,cloudy,2,"adult,senior",accelerating
video_0334,0,250,299,299,50,20,False,2,street,daytime,cloudy,2,"adult,senior",accelerating
video_0334,0,260,309,299,40,10,False,2,street,daytime,cloudy,2,"adult,senior",accelerating
video_0334,0,270,319,299,30,0,False,1,street,daytime,cloudy,2,"adult,senior",accelerating
video_0334,0,280,329,299,20,0,False,1,street,daytime,cloudy,2,"adult,senior",accelerating
video_0334,0,290,339,299,10,0,False,1,street,daytime,cloudy,2,"adult,senior",accelerating
video_0334,1,0,49,49,50,50,True,2,street,daytime,cloudy,2,"adult,senior",decelerating
video_0334,1,10,59,59,50,50,True,2,street,daytime,cloudy,2,"adult,senior",decelerating
video_0334,1,20,69,69,50,50,True,2,street,daytime,cloudy,2,"adult,senior",decelerating
video_0334,1,30,79,79,50,50,True,2,street,daytime,cloudy,2,"adult,senior",decelerating
video_0334,1,40,89,89,50,50,True,2,street,daytime,cloudy,2,"adult,senior",decelerating
video_0334,1,50,99,99,50,50,True,2,street,daytime,cloudy,2,"adult,senior",decelerating
video_0334,1,60,109,109,50,50,True,2,street,daytime,cloudy,2,"adult,senior",stopped
video_0334,1,70,119,119,50,50,True,2,street,daytime,cloudy,2,"adult,senior",stopped
video_0334,1,80,129,129,50,50,True,2,street,daytime,cloudy,2,"adult,senior",stopped
video_0334,1,90,139,139,50,50,True,2,street,daytime,cloudy,2,"adult,senior",stopped
video_0334,1,100,149,149,50,50,True,2,street,daytime,cloudy,2,"adult,senior",stopped
video_0334,1,110,159,159,50,50,True,2,street,daytime,cloudy,2,"adult,senior",stopped
video_0334,1,120,169,169,50,50,True,2,street,daytime,cloudy,2,"adult,senior",stopped
video_0334,1,130,179,179,50,50,True,2,street,daytime,cloudy,2,"adult,senior",stopped
video_0334,1,140,189,189,50,50,True,2,street,daytime,cloudy,2,"adult,senior",stopped
video_0334,1,150,199,199,50,50,True,2,street,daytime,cloudy,2,"adult,senior",stopped
video_0334,1,160,209,209,50,50,True,2,street,daytime,cloudy,2,"adult,senior",stopped
video_0334,1,170,219,219,50,50,True,2,street,daytime,cloudy,2,"adult,senior",stopped
video_0334,1,180,229,229,50,50,True,2,street,daytime,cloudy,2,"adult,senior",accelerating
video_0334,1,190,239,239,50,50,True,2,street,daytime,cloudy,2,"adult,senior",accelerating
video_0334,1,200,249,249,50,50,True,2,street,daytime,cloudy,2,"adult,senior",accelerating
video_0334,1,210,259,259,50,50,True,2,street,daytime,cloudy,2,"adult,senior",accelerating
video_0334,1,220,269,269,50,50,True,2,street,daytime,cloudy,2,"adult,senior",accelerating
video_0334,1,230,279,279,50,50,True,2,street,daytime,cloudy,2,"adult,senior",accelerating
video_0334,1,240,289,289,50,50,True,2,street,daytime,cloudy,2,"adult,senior",accelerating
video_0334,1,250,299,299,50,50,True,2,street,daytime,cloudy,2,"adult,senior",accelerating
video_0334,1,260,309,299,40,40,True,2,street,daytime,cloudy,2,"adult,senior",accelerating
video_0334,1,270,319,299,30,30,True,1,street,daytime,cloudy,2,"adult,senior",accelerating
video_0334,1,280,329,299,20,20,False,1,street,daytime,cloudy,2,"adult,senior",accelerating
video_0334,1,290,339,299,10,10,False,1,street,daytime,cloudy,2,"adult,senior",accelerating
video_0335,0,0,49,49,50,0,False,1,plaza,daytime,clear,1,adult,decelerating
video_0335,0,10,59,59,50,0,False,1,plaza,daytime,clear,1,adult,decelerating
video_0335,0,20,69,69,50,0,False,1,plaza,daytime,clear,1,adult,decelerating
video_0335,0,30,79,79,50,0,False,1,plaza,daytime,clear,1,adult,decelerating
video_0335,0,40,89,89,50,0,False,1,plaza,daytime,clear,1,adult,decelerating
video_0335,0,50,99,99,50,0,False,1,plaza,daytime,clear,1,adult,decelerating
video_0335,0,60,109,109,50,0,False,1,plaza,daytime,clear,1,adult,decelerating
video_0335,0,70,119,119,50,0,False,1,plaza,daytime,clear,1,adult,decelerating
video_0335,0,80,129,129,50,0,False,1,plaza,daytime,clear,1,adult,decelerating
video_0335,0,90,139,139,50,0,False,0,plaza,daytime,clear,1,adult,decelerating
video_0335,0,100,149,149,50,0,False,0,plaza,daytime,clear,1,adult,accelerating
video_0335,0,110,159,149,40,0,False,0,plaza,daytime,clear,1,adult,accelerating
video_0335,0,120,169,149,30,0,False,0,plaza,daytime,clear,1,adult,accelerating
video_0335,0,130,179,149,20,0,False,0,plaza,daytime,clear,1,adult,accelerating
video_0335,0,140,189,189,20,0,False,1,plaza,daytime,clear,1,adult,decelerating
video_0335,0,150,199,199,20,0,False,1,plaza,daytime,clear,1,adult,decelerating
video_0335,0,160,209,209,30,0,False,1,plaza,daytime,clear,1,adult,decelerating
video_0335,0,170,219,209,30,0,False,1,plaza,daytime,clear,1,adult,decelerating
video_0335,0,180,229,209,30,0,False,1,plaza,daytime,clear,1,adult,decelerating
video_0335,0,190,239,209,20,0,False,1,plaza,daytime,clear,1,adult,decelerating
video_0335,0,200,249,209,10,0,False,1,plaza,daytime,clear,1,adult,decelerating
video_0335,1,0,49,49,50,0,False,1,plaza,daytime,clear,1,adult,decelerating
video_0335,1,10,59,59,50,0,False,1,plaza,daytime,clear,1,adult,decelerating
video_0335,1,20,69,69,50,0,False,1,plaza,daytime,clear,1,adult,decelerating
video_0335,1,30,79,79,50,0,False,1,plaza,daytime,clear,1,adult,decelerating
video_0335,1,40,89,89,50,0,False,1,plaza,daytime,clear,1,adult,decelerating
video_0335,1,50,99,99,50,0,False,1,plaza,daytime,clear,1,adult,decelerating
video_0335,1,60,109,109,50,0,False,1,plaza,daytime,clear,1,adult,decelerating
video_0335,1,70,119,119,50,0,False,1,plaza,daytime,clear,1,adult,decelerating
video_0335,1,80,129,129,50,0,False,1,plaza,daytime,clear,1,adult,decelerating
video_0335,1,90,139,139,50,0,False,0,plaza,daytime,clear,1,adult,decelerating
video_0335,1,100,149,149,50,0,False,0,plaza,daytime,clear,1,adult,accelerating
video_0335,1,110,159,149,40,0,False,0,plaza,daytime,clear,1,adult,accelerating
video_0335,1,120,169,149,30,0,False,0,plaza,daytime,clear,1,adult,accelerating
video_0335,1,130,179,149,20,0,False,0,plaza,daytime,clear,1,adult,accelerating
video_0335,1,140,189,149,10,0,False,1,plaza,daytime,clear,1,adult,accelerating
video_0336,0,0,49,49,50,0,False,1,street,daytime,cloudy,2,"adult,senior",decelerating
video_0336,0,10,59,59,50,0,False,1,street,daytime,cloudy,2,"adult,senior",decelerating
video_0336,0,20,69,69,50,9,False,2,street,daytime,cloudy,2,"adult,senior",accelerating
video_0336,0,30,79,79,50,16,False,2,street,daytime,cloudy,2,"adult,senior",decelerating
video_0336,0,40,89,89,50,25,True,2,street,daytime,cloudy,2,"adult,senior",decelerating
video_0336,0,50,99,99,50,25,True,2,street,daytime,cloudy,2,"adult,senior",decelerating
video_0336,0,60,109,109,50,25,True,2,street,daytime,cloudy,2,"adult,senior",decelerating
video_0336,0,70,119,119,50,16,False,2,street,daytime,cloudy,2,"adult,senior",decelerating
video_0336,0,80,129,129,50,9,False,2,street,daytime,cloudy,2,"adult,senior",decelerating
video_0336,0,90,139,139,50,0,False,1,street,daytime,cloudy,2,"adult,senior",decelerating
video_0336,0,100,149,149,50,0,False,1,street,daytime,cloudy,2,"adult,senior",decelerating
video_0336,0,110,159,159,50,10,False,2,street,daytime,cloudy,2,"adult,senior",decelerating
video_0336,0,120,169,169,50,20,False,1,street,daytime,cloudy,2,"adult,senior",decelerating
video_0336,0,130,179,179,50,30,True,1,street,daytime,cloudy,2,"adult,senior",decelerating
video_0336,0,140,189,179,40,30,True,1,street,daytime,cloudy,2,"adult,senior",decelerating
video_0336,0,150,199,179,30,30,True,1,street,daytime,cloudy,2,"adult,senior",decelerating
video_0336,0,160,209,179,20,20,False,1,street,daytime,cloudy,2,"adult,senior",decelerating
video_0336,0,170,219,179,10,10,False,1,street,daytime,cloudy,2,"adult,senior",decelerating
video_0336,1,30,79,79,50,46,True,2,street,daytime,cloudy,2,"adult,senior",decelerating
video_0336,1,40,89,89,50,45,True,2,street,daytime,cloudy,2,"adult,senior",decelerating
video_0336,1,50,99,99,50,44,True,2,street,daytime,cloudy,2,"adult,senior",decelerating
video_0336,1,60,109,109,50,40,True,2,street,daytime,cloudy,2,"adult,senior",decelerating
video_0336,1,70,119,119,50,39,True,2,street,daytime,cloudy,2,"adult,senior",decelerating
video_0336,1,80,129,119,40,32,True,2,street,daytime,cloudy,2,"adult,senior",decelerating
video_0336,1,90,139,119,30,23,False,1,street,daytime,cloudy,2,"adult,senior",decelerating
video_0336,1,100,149,119,20,14,False,1,street,daytime,cloudy,2,"adult,senior",decelerating
video_0336,1,110,159,119,10,8,False,2,street,daytime,cloudy,2,"adult,senior",decelerating
video_0337,0,30,79,79,50,0,False,1,street,daytime,clear,2,adult,accelerating
video_0337,0,40,89,89,50,0,False,1,street,daytime,clear,2,adult,accelerating
video_0337,0,50,99,89,40,0,False,1,street,daytime,clear,2,adult,accelerating
video_0337,0,60,109,89,30,0,False,1,street,daytime,clear,2,adult,accelerating
video_0337,0,70,119,89,20,0,False,1,street,daytime,clear,2,adult,accelerating
video_0337,0,80,129,89,10,0,False,1,street,daytime,clear,2,adult,accelerating
video_0337,1,30,79,79,50,15,False,1,street,daytime,clear,2,adult,accelerating
video_0337,1,40,89,89,50,19,False,1,street,daytime,clear,2,adult,accelerating
video_0337,1,50,99,89,40,12,False,1,street,daytime,clear,2,adult,accelerating
video_0337,1,60,109,89,30,8,False,1,street,daytime,clear,2,adult,accelerating
video_0337,1,70,119,89,20,6,False,1,street,daytime,clear,2,adult,accelerating
video_0337,1,80,129,89,10,6,False,1,street,daytime,clear,2,adult,accelerating
video_0338,0,0,49,49,50,0,False,2,street,daytime,cloudy,2,"adult,senior",decelerating
video_0338,0,10,59,59,50,0,False,2,street,daytime,cloudy,2,"adult,senior",decelerating
video_0338,0,20,69,69,50,0,False,2,street,daytime,cloudy,2,"adult,senior",decelerating
video_0338,0,30,79,79,50,0,False,1,street,daytime,cloudy,2,"adult,senior",decelerating
video_0338,0,40,89,89,50,0,False,1,street,daytime,cloudy,2,"adult,senior",decelerating
video_0338,0,50,99,99,50,0,False,2,street,daytime,cloudy,2,"adult,senior",decelerating
video_0338,0,60,109,109,50,0,False,2,street,daytime,cloudy,2,"adult,senior",decelerating
video_0338,0,70,119,119,50,0,False,2,street,daytime,cloudy,2,"adult,senior",decelerating
video_0338,0,80,129,129,50,0,False,2,street,daytime,cloudy,2,"adult,senior",decelerating
video_0338,0,90,139,139,50,0,False,1,street,daytime,cloudy,2,"adult,senior",decelerating
video_0338,0,100,149,149,50,0,False,1,street,daytime,cloudy,2,"adult,senior",accelerating
video_0338,0,110,159,159,50,0,False,2,street,daytime,cloudy,2,"adult,senior",accelerating
video_0338,0,120,169,169,50,0,False,2,street,daytime,cloudy,2,"adult,senior",accelerating
video_0338,0,130,179,179,50,0,False,2,street,daytime,cloudy,2,"adult,senior",accelerating
video_0338,0,140,189,189,50,0,False,2,street,daytime,cloudy,2,"adult,senior",accelerating
video_0338,0,150,199,199,50,0,False,2,street,daytime,cloudy,2,"adult,senior",accelerating
video_0338,0,160,209,209,50,0,False,2,street,daytime,cloudy,2,"adult,senior",accelerating
video_0338,0,170,219,209,40,0,False,2,street,daytime,cloudy,2,"adult,senior",accelerating
video_0338,0,180,229,209,30,0,False,1,street,daytime,cloudy,2,"adult,senior",accelerating
video_0338,0,190,239,209,20,0,False,1,street,daytime,cloudy,2,"adult,senior",accelerating
video_0338,0,200,249,209,10,0,False,1,street,daytime,cloudy,2,"adult,senior",accelerating
video_0338,1,0,49,49,50,0,False,2,street,daytime,cloudy,2,"adult,senior",decelerating
video_0338,1,10,59,59,50,0,False,2,street,daytime,cloudy,2,"adult,senior",decelerating
video_0338,1,20,69,69,50,0,False,2,street,daytime,cloudy,2,"adult,senior",decelerating
video_0338,1,30,79,79,50,0,False,1,street,daytime,cloudy,2,"adult,senior",decelerating
video_0338,1,40,89,89,50,0,False,1,street,daytime,cloudy,2,"adult,senior",decelerating
video_0338,1,50,99,99,50,0,False,2,street,daytime,cloudy,2,"adult,senior",decelerating
video_0338,1,60,109,109,50,0,False,2,street,daytime,cloudy,2,"adult,senior",decelerating
video_0338,1,70,119,119,50,0,False,2,street,daytime,cloudy,2,"adult,senior",decelerating
video_0338,1,80,129,129,50,0,False,2,street,daytime,cloudy,2,"adult,senior",decelerating
video_0338,1,90,139,139,50,0,False,1,street,daytime,cloudy,2,"adult,senior",decelerating
video_0338,1,100,149,149,50,0,False,1,street,daytime,cloudy,2,"adult,senior",accelerating
video_0338,1,110,159,159,50,0,False,2,street,daytime,cloudy,2,"adult,senior",accelerating
video_0338,1,120,169,169,50,0,False,2,street,daytime,cloudy,2,"adult,senior",accelerating
video_0338,1,130,179,179,50,0,False,2,street,daytime,cloudy,2,"adult,senior",accelerating
video_0338,1,140,189,189,50,0,False,2,street,daytime,cloudy,2,"adult,senior",accelerating
video_0338,1,150,199,199,50,0,False,2,street,daytime,cloudy,2,"adult,senior",accelerating
video_0338,1,160,209,209,50,0,False,2,street,daytime,cloudy,2,"adult,senior",accelerating
video_0338,1,170,219,209,40,0,False,2,street,daytime,cloudy,2,"adult,senior",accelerating
video_0338,1,180,229,209,30,0,False,1,street,daytime,cloudy,2,"adult,senior",accelerating
video_0338,1,190,239,209,20,0,False,1,street,daytime,cloudy,2,"adult,senior",accelerating
video_0338,1,200,249,209,10,0,False,1,street,daytime,cloudy,2,"adult,senior",accelerating
video_0339,0,30,79,59,30,0,False,1,street,daytime,cloudy,3,adult,decelerating
video_0339,0,40,89,59,20,0,False,1,street,daytime,cloudy,3,adult,decelerating
video_0339,0,50,99,59,10,0,False,1,street,daytime,cloudy,3,adult,decelerating
video_0339,0,80,129,129,10,0,False,1,street,daytime,cloudy,3,adult,decelerating
video_0339,0,90,139,139,20,0,False,1,street,daytime,cloudy,3,adult,decelerating
video_0339,0,100,149,149,30,0,False,1,street,daytime,cloudy,3,adult,accelerating
video_0339,0,110,159,159,40,0,False,1,street,daytime,cloudy,3,adult,accelerating
video_0339,0,120,169,169,50,0,False,1,street,daytime,cloudy,3,adult,accelerating
video_0339,0,130,179,179,50,0,False,1,street,daytime,cloudy,3,adult,accelerating
video_0339,0,140,189,189,50,0,False,1,street,daytime,cloudy,3,adult,accelerating
video_0339,0,150,199,199,50,0,False,1,street,daytime,cloudy,3,adult,accelerating
video_0339,0,160,209,209,50,1,False,1,street,daytime,cloudy,3,adult,accelerating
video_0339,0,170,219,209,40,1,False,1,street,daytime,cloudy,3,adult,accelerating
video_0339,0,180,229,209,30,1,False,1,street,daytime,cloudy,3,adult,accelerating
video_0339,0,190,239,209,20,1,False,1,street,daytime,cloudy,3,adult,accelerating
video_0339,0,200,249,209,10,1,False,1,street,daytime,cloudy,3,adult,accelerating
video_0340,0,0,49,49,50,12,False,2,street,daytime,cloudy,2,"adult,senior",decelerating
video_0340,0,10,59,59,50,12,False,2,street,daytime,cloudy,2,"adult,senior",decelerating
video_0340,0,20,69,69,50,12,False,2,street,daytime,cloudy,2,"adult,senior",decelerating
video_0340,0,30,79,79,50,12,False,2,street,daytime,cloudy,2,"adult,senior",decelerating
video_0340,0,40,89,89,50,15,False,2,street,daytime,cloudy,2,"adult,senior",decelerating
video_0340,0,50,99,99,50,14,False,2,street,daytime,cloudy,2,"adult,senior",decelerating
video_0340,0,60,109,109,50,20,False,2,street,daytime,cloudy,2,"adult,senior",decelerating
video_0340,0,70,119,119,50,30,True,2,street,daytime,cloudy,2,"adult,senior",accelerating
video_0340,0,80,129,129,50,40,True,2,street,daytime,cloudy,2,"adult,senior",accelerating
video_0340,0,90,139,139,50,44,True,2,street,daytime,cloudy,2,"adult,senior",accelerating
video_0340,0,100,149,149,50,46,True,2,street,daytime,cloudy,2,"adult,senior",accelerating
video_0340,0,110,159,149,40,40,True,2,street,daytime,cloudy,2,"adult,senior",accelerating
video_0340,0,120,169,149,30,30,True,2,street,daytime,cloudy,2,"adult,senior",accelerating
video_0340,0,130,179,149,20,20,False,2,street,daytime,cloudy,2,"adult,senior",accelerating
video_0340,0,140,189,149,10,10,False,2,street,daytime,cloudy,2,"adult,senior",accelerating
video_0340,1,30,79,79,50,12,False,2,street,daytime,cloudy,2,"adult,senior",decelerating
video_0340,1,40,89,89,50,15,False,2,street,daytime,cloudy,2,"adult,senior",decelerating
video_0340,1,50,99,99,50,14,False,2,street,daytime,cloudy,2,"adult,senior",decelerating
video_0340,1,60,109,109,50,20,False,2,street,daytime,cloudy,2,"adult,senior",decelerating
video_0340,1,70,119,119,50,30,True,2,street,daytime,cloudy,2,"adult,senior",accelerating
video_0340,1,80,129,129,50,40,True,2,street,daytime,cloudy,2,"adult,senior",accelerating
video_0340,1,90,139,139,50,44,True,2,street,daytime,cloudy,2,"adult,senior",accelerating
video_0340,1,100,149,149,50,46,True,2,street,daytime,cloudy,2,"adult,senior",accelerating
video_0340,1,110,159,149,40,40,True,2,street,daytime,cloudy,2,"adult,senior",accelerating
video_0340,1,120,169,149,30,30,True,2,street,daytime,cloudy,2,"adult,senior",accelerating
video_0340,1,130,179,149,20,20,False,2,street,daytime,cloudy,2,"adult,senior",accelerating
video_0340,1,140,189,149,10,10,False,2,street,daytime,cloudy,2,"adult,senior",accelerating
video_0341,0,0,49,49,50,1,False,2,street,daytime,cloudy,4,adult,accelerating
video_0341,0,10,59,59,50,0,False,2,street,daytime,cloudy,4,adult,decelerating
video_0341,0,20,69,69,50,0,False,2,street,daytime,cloudy,4,adult,decelerating
video_0341,0,30,79,79,50,0,False,2,street,daytime,cloudy,4,adult,decelerating
video_0341,0,40,89,89,50,0,False,2,street,daytime,cloudy,4,adult,decelerating
video_0341,0,50,99,99,50,0,False,2,street,daytime,cloudy,4,adult,decelerating
video_0341,0,60,109,109,50,0,False,2,street,daytime,cloudy,4,adult,decelerating
video_0341,0,70,119,119,50,0,False,2,street,daytime,cloudy,4,adult,accelerating
video_0341,0,80,129,129,50,0,False,2,street,daytime,cloudy,4,adult,accelerating
video_0341,0,90,139,139,50,0,False,2,street,daytime,cloudy,4,adult,accelerating
video_0341,0,100,149,149,50,0,False,2,street,daytime,cloudy,4,adult,decelerating
video_0341,0,110,159,159,50,10,False,2,street,daytime,cloudy,4,adult,decelerating
video_0341,0,120,169,169,50,20,False,2,street,daytime,cloudy,4,adult,decelerating
video_0341,0,130,179,179,50,30,True,2,street,daytime,cloudy,4,adult,decelerating
video_0341,0,140,189,189,50,40,True,2,street,daytime,cloudy,4,adult,decelerating
video_0341,0,150,199,199,50,50,True,2,street,daytime,cloudy,4,adult,stopped
video_0341,0,160,209,209,50,50,True,2,street,daytime,cloudy,4,adult,stopped
video_0341,0,170,219,219,50,50,True,2,street,daytime,cloudy,4,adult,stopped
video_0341,0,180,229,229,50,49,True,2,street,daytime,cloudy,4,adult,accelerating
video_0341,0,190,239,239,50,39,True,2,street,daytime,cloudy,4,adult,accelerating
video_0341,0,200,249,249,50,30,True,2,street,daytime,cloudy,4,adult,decelerating
video_0341,0,210,259,259,50,29,True,2,street,daytime,cloudy,4,adult,stopped
video_0341,0,220,269,269,50,29,True,2,street,daytime,cloudy,4,adult,stopped
video_0341,0,230,279,279,50,20,False,2,street,daytime,cloudy,4,adult,stopped
video_0341,0,240,289,289,50,20,False,2,street,daytime,cloudy,4,adult,stopped
video_0341,0,250,299,299,50,19,False,2,street,daytime,cloudy,4,adult,stopped
video_0341,0,260,309,299,40,10,False,2,street,daytime,cloudy,4,adult,stopped
video_0341,0,270,319,299,30,0,False,0,street,daytime,cloudy,4,adult,stopped
video_0341,0,280,329,299,20,0,False,0,street,daytime,cloudy,4,adult,stopped
video_0341,0,290,339,299,10,0,False,0,street,daytime,cloudy,4,adult,stopped
video_0341,1,30,79,79,50,0,False,2,street,daytime,cloudy,4,adult,decelerating
video_0341,1,40,89,89,50,0,False,2,street,daytime,cloudy,4,adult,decelerating
video_0341,1,50,99,99,50,0,False,2,street,daytime,cloudy,4,adult,decelerating
video_0341,1,60,109,109,50,0,False,2,street,daytime,cloudy,4,adult,decelerating
video_0341,1,70,119,119,50,0,False,2,street,daytime,cloudy,4,adult,accelerating
video_0341,1,80,129,129,50,0,False,2,street,daytime,cloudy,4,adult,accelerating
video_0341,1,90,139,139,50,3,False,2,street,daytime,cloudy,4,adult,accelerating
video_0341,1,100,149,149,50,10,False,2,street,daytime,cloudy,4,adult,decelerating
video_0341,1,110,159,159,50,20,False,2,street,daytime,cloudy,4,adult,decelerating
video_0341,1,120,169,169,50,30,True,2,street,daytime,cloudy,4,adult,decelerating
video_0341,1,130,179,179,50,40,True,2,street,daytime,cloudy,4,adult,decelerating
video_0341,1,140,189,189,50,47,True,2,street,daytime,cloudy,4,adult,decelerating
video_0341,1,150,199,199,50,50,True,2,street,daytime,cloudy,4,adult,stopped
video_0341,1,160,209,209,50,50,True,2,street,daytime,cloudy,4,adult,stopped
video_0341,1,170,219,219,50,50,True,2,street,daytime,cloudy,4,adult,stopped
video_0341,1,180,229,229,50,49,True,2,street,daytime,cloudy,4,adult,accelerating
video_0341,1,190,239,239,50,39,True,2,street,daytime,cloudy,4,adult,accelerating
video_0341,1,200,249,249,50,30,True,2,street,daytime,cloudy,4,adult,decelerating
video_0341,1,210,259,259,50,29,True,2,street,daytime,cloudy,4,adult,stopped
video_0341,1,220,269,269,50,29,True,2,street,daytime,cloudy,4,adult,stopped
video_0341,1,230,279,279,50,20,False,2,street,daytime,cloudy,4,adult,stopped
video_0341,1,240,289,289,50,20,False,2,street,daytime,cloudy,4,adult,stopped
video_0341,1,250,299,299,50,19,False,2,street,daytime,cloudy,4,adult,stopped
video_0341,1,260,309,299,40,10,False,2,street,daytime,cloudy,4,adult,stopped
video_0341,1,270,319,299,30,0,False,0,street,daytime,cloudy,4,adult,stopped
video_0341,1,280,329,299,20,0,False,0,street,daytime,cloudy,4,adult,stopped
video_0341,1,290,339,299,10,0,False,0,street,daytime,cloudy,4,adult,stopped
video_0342,0,90,139,119,30,0,False,1,street,daytime,cloudy,2,"adult,senior",accelerating
video_0342,0,100,149,119,20,0,False,1,street,daytime,cloudy,2,"adult,senior",accelerating
video_0342,0,110,159,119,10,0,False,1,street,daytime,cloudy,2,"adult,senior",accelerating
video_0342,1,90,139,119,30,30,True,1,street,daytime,cloudy,2,"adult,senior",accelerating
video_0342,1,100,149,119,20,20,False,1,street,daytime,cloudy,2,"adult,senior",accelerating
video_0342,1,110,159,119,10,10,False,1,street,daytime,cloudy,2,"adult,senior",accelerating
video_0344,0,0,49,49,50,50,True,2,street,daytime,clear,2,"adult,child",accelerating
video_0344,0,10,59,59,50,50,True,2,street,daytime,clear,2,"adult,child",accelerating
video_0344,0,20,69,59,40,40,True,2,street,daytime,clear,2,"adult,child",accelerating
video_0344,0,30,79,59,30,30,True,2,street,daytime,clear,2,"adult,child",accelerating
video_0344,0,40,89,59,20,20,False,2,street,daytime,clear,2,"adult,child",accelerating
video_0344,0,50,99,59,10,10,False,2,street,daytime,clear,2,"adult,child",accelerating
video_0344,1,30,79,59,30,30,True,2,street,daytime,clear,2,"adult,child",accelerating
video_0344,1,40,89,59,20,20,False,2,street,daytime,clear,2,"adult,child",accelerating
video_0344,1,50,99,59,10,10,False,2,street,daytime,clear,2,"adult,child",accelerating
video_0345,0,0,49,49,50,16,False,1,street,daytime,clear,2,"adult,senior",decelerating
video_0345,0,10,59,59,50,24,False,1,street,daytime,clear,2,"adult,senior",decelerating
video_0345,0,20,69,69,50,22,False,1,street,daytime,clear,2,"adult,senior",decelerating
video_0345,0,30,79,79,50,23,False,1,street,daytime,clear,2,"adult,senior",decelerating
video_0345,0,40,89,89,50,20,False,1,street,daytime,clear,2,"adult,senior",accelerating
video_0345,0,50,99,99,50,14,False,2,street,daytime,clear,2,"adult,senior",accelerating
video_0345,0,60,109,109,50,16,False,2,street,daytime,clear,2,"adult,senior",accelerating
video_0345,0,70,119,119,50,26,True,2,street,daytime,clear,2,"adult,senior",decelerating
video_0345,0,80,129,129,50,34,True,2,street,daytime,clear,2,"adult,senior",decelerating
video_0345,0,90,139,139,50,44,True,2,street,daytime,clear,2,"adult,senior",decelerating
video_0345,0,100,149,149,50,50,True,2,street,daytime,clear,2,"adult,senior",decelerating
video_0345,0,110,159,149,40,40,True,2,street,daytime,clear,2,"adult,senior",decelerating
video_0345,0,120,169,149,30,30,True,1,street,daytime,clear,2,"adult,senior",decelerating
video_0345,0,130,179,149,20,20,False,1,street,daytime,clear,2,"adult,senior",decelerating
video_0345,0,140,189,149,10,10,False,1,street,daytime,clear,2,"adult,senior",decelerating
video_0345,1,90,139,119,30,24,False,2,street,daytime,clear,2,"adult,senior",decelerating
video_0345,1,100,149,119,20,20,False,2,street,daytime,clear,2,"adult,senior",decelerating
video_0345,1,110,159,119,10,10,False,2,street,daytime,clear,2,"adult,senior",decelerating
